idx,1e,1u,2e,2u,3e,3u,4e,4u,5e,5u,6e,6u,7e,7u,8e,8u,9e,9u
0,60469,36357,51053,26868,15969,12165,60470,17794,60470,14905,60469,14133,60470,10454,60470,33327,50529
1,21556,21526,60470,56075,60470,16410,60470,14866,60470,14849,60470,10759,60470,32959,51165,26868,20920
2,60470,55926,60470,17091,60470,15011,60470,13919,60470,10308,60470,42518,50533,26867,21552,20178,60470
3,60470,17074,60469,15401,60470,13683,60470,10624,60470,44281,50292,26868,21793,18991,60471,53044,60469
4,60470,14920,60470,14224,60470,9960,60470,42618,49841,26868,22244,18090,60470,52766,60470,17604,60470
5,60470,14311,60470,10119,60469,39316,45718,26868,26368,18223,60470,51679,60470,16164,60470,15321,60469
6,60470,10074,60470,36402,51868,26868,20218,14677,60470,51665,60470,16707,60470,15028,60469,14051,60470
7,60470,43296,49073,26868,23012,17963,60470,51702,60470,17144,60470,15152,60470,14087,60470,10685,60470
8,49503,26868,22582,15981,60470,49276,60470,17226,60470,14189,60470,14306,60469,10517,60470,48457,49417
9,22669,13806,60470,47188,60470,16769,60469,14520,60470,14450,60470,10059,60470,51908,49140,26868,22945
10,60470,48222,60470,16409,60470,15548,60470,14504,60470,10375,60470,43822,49718,26867,22367,13536,60470
11,60470,16750,60470,15356,60470,13838,60469,9788,60470,31427,49451,26868,22635,9709,60470,44173,60470
12,60470,15185,60469,12696,60470,10556,60470,52511,48789,26868,23296,9539,60470,42162,60470,15882,60470
13,60470,13294,60470,9806,60470,49904,46018,26868,26067,11963,60470,44048,60470,17019,60470,13854,60470
14,60470,10120,60469,62365,47195,26868,24891,6017,60470,44530,60470,16259,60470,14971,60469,12718,60470
15,60470,48958,48010,26868,24075,8932,60471,43771,60469,15650,60470,14442,60470,12546,60470,10320,60470
16,47445,26868,24640,10281,60470,43675,60470,15289,60470,12696,60470,11725,60470,10619,60469,65201,47078
17,25008,8614,60470,42736,60470,16623,60470,15520,60469,11984,60470,10936,60470,10500,46442,26868,6967
18,18675,547,60134,41280,60470,17046,60469,13323,60470,11005,60470,11059,60470,26868,45581,26868,26840
19,58202,41825,60470,16705,60470,14603,60470,11918,60470,10533,60469,1764,45828,26868,28526,9099,57698
20,60470,16206,60469,14099,60470,11718,60470,10464,60470,2979,47383,26868,27475,8118,57025,39068,60470
21,60470,15092,60470,12028,60470,11105,60470,21923,47243,26868,28286,1879,56186,35938,60470,16715,60470
22,60470,12134,60469,11296,60470,53103,47138,26868,29232,6098,55262,37696,60470,16377,60469,14479,60470
23,60470,12218,60470,62830,47125,26868,30169,5782,54169,36843,60470,16964,60470,14688,60470,11540,60470
24,17435,6935,43033,564,45672,26868,32713,9543,52406,37415,60470,15550,60470,14882,60470,12927,60469
25,60470,17687,47913,26868,32237,8946,51985,37569,60470,15748,60470,15278,60470,11809,60470,10600,60470
26,47566,26868,33004,8689,50893,35729,60470,16846,60470,15429,60470,12241,60469,11034,60470,49911,46757
27,34906,10269,48457,34950,60470,15943,60469,14900,60470,12299,60470,11339,60470,58768,47803,26868,36295
28,45853,34197,60470,17147,60470,14789,60470,12758,60470,10570,60470,57436,47423,26867,39279,11715,44257
29,60470,15828,60470,14761,60469,13832,60470,10409,49982,39482,10486,8651,49216,26868,39083,5481,43669
30,60469,16348,60470,14599,60470,13903,60470,10451,59360,48860,1108,596,49411,26868,39475,11133,43669
31,60470,16547,60470,15276,60470,12307,60470,11411,60469,52302,47915,26868,40972,7371,43081,28018,60470
32,60470,14098,60469,13091,60470,10580,20311,55755,40157,6555,46536,26868,42939,9337,41736,28408,60470
33,60470,13761,60470,13585,60470,9634,60470,3033,47986,26868,42832,9231,39889,26749,60470,16028,60470
34,60470,13285,60469,10799,60470,35993,46036,26868,46631,13030,38125,28802,60134,16977,60469,16129,60470
35,60470,9648,60470,30307,49471,26868,45296,11695,37956,28177,59882,16746,60470,14985,60470,13879,60470
36,60470,48800,48780,26867,46406,12805,37957,26359,59462,16088,60470,14279,60469,13115,60470,10843,60470
37,47018,26868,48589,14988,37957,23943,59041,17019,60470,14557,60470,12716,60470,9721,60470,47892,47707
38,48320,14718,37368,24284,58706,16031,60470,14964,60470,13765,60469,10566,60470,56918,48314,26868,48638
39,35604,22570,58286,15938,60469,15379,60470,13625,60470,10242,51822,41323,8646,4875,47239,26868,51896
40,34849,23031,57865,15888,60470,13764,60470,14322,60470,10114,60470,48282,48975,26868,51336,17734,34260
41,57362,17428,60470,14171,60470,14237,60469,10658,60470,44896,47834,26868,53570,19968,33672,22222,57362
42,60469,15643,60470,14578,60470,10079,60470,45440,47429,26868,54562,20961,33084,23938,57278,16066,60470
43,60470,14571,60470,11105,60470,54440,48511,26867,54152,20550,31824,20932,57194,16348,60470,15938,60469
44,60470,11185,60470,46064,49416,26868,54592,20990,29472,20874,57109,16245,60470,15769,60470,13803,60470
45,60470,54173,49014,26868,57429,23828,27120,22218,57110,17789,60470,14544,60470,13654,60469,9796,60470
46,48370,26868,60426,26824,26868,22485,57026,16635,60469,15269,60470,14463,60470,10332,60470,44317,49345
47,59787,26185,25943,21739,56942,16913,60470,15713,60470,14373,60470,10759,60470,45730,50368,26867,59771
48,22668,21864,57026,16297,60469,15615,60470,13438,60470,9768,60470,44780,51345,26868,61987,28385,20483
49,57026,16346,60470,15548,60470,14120,60470,11303,60470,44564,50361,26868,65155,31553,18551,20293,57278
50,60470,14924,60469,13879,60470,10188,60470,35023,51250,26868,411,32345,18467,20929,57698,16750,60469
51,60470,14476,60470,10493,60470,36741,50127,26868,1197,33131,18468,21352,57949,17075,60470,15554,60470
52,60470,10455,60469,40345,50059,26868,1014,32948,18467,20332,57950,15198,60470,15296,60470,13037,60469
53,60470,41263,51236,26868,65373,31771,18467,19289,57697,16984,60470,14125,60470,13559,60470,9772,60470
54,50164,26868,1160,33094,18467,19564,57110,17109,60470,13046,60470,14357,60470,10539,60470,44472,50762
55,1150,33084,18467,19728,57026,17498,60470,14515,60469,14416,60470,10279,60470,42862,49557,26868,2440
56,18467,20207,56773,15614,60470,14872,60470,14330,60470,10729,60470,43429,49262,26868,2986,34920,18468
57,56521,15584,60470,15369,60470,13668,60470,10307,60470,43988,50385,26867,2115,34049,18467,18130,56018
58,60470,15679,60470,13774,60469,10316,60470,28036,48977,26868,4028,35962,18467,19652,55766,16986,60469
59,60470,13686,60470,11000,60470,49509,47135,26868,6121,38055,18468,19171,55681,17557,60470,14909,60470
60,60470,10174,60470,54631,46704,26868,6636,38570,18467,19078,55766,17182,60470,13947,60469,13109,60470
61,60470,64847,48426,26868,4831,36765,18467,19892,55766,15204,60470,15320,60469,13488,60470,10478,52844
62,7624,13251,48762,26868,4494,36429,18468,19222,56101,16428,60470,15137,60470,12366,60470,10750,61707
63,64297,13649,47739,26868,5181,37115,18467,19157,56690,17471,60470,12368,60470,12320,60470,10954,60469
64,47176,26868,5157,37091,18467,18970,56690,16465,60470,14438,60470,11868,60469,11089,60470,1796,46537
65,5796,37729,18467,19224,56605,17637,60470,13421,60470,12268,60470,10579,60470,10863,45366,26868,7050
66,18551,19547,56438,15142,60470,15496,60470,11071,60470,11114,60470,21598,45153,26867,7347,39281,18551
67,56186,15200,60470,15045,60469,9514,60470,10922,60470,26868,46215,26868,6538,38472,18467,18942,56269
68,60470,15727,60470,10591,60470,11168,60470,26867,46363,26868,6389,38323,18468,18802,56353,17656,14782
69,45686,462,60470,10266,60470,11999,60469,26867,45178,26868,7491,39425,18467,18493,56438,16530,60470
70,60470,10180,60470,11781,14840,4340,45627,12025,44963,26868,7622,39556,18551,18639,56437,16991,60470
71,60470,9795,60470,10905,60470,26868,45342,26868,7158,39092,18552,20070,56437,16349,60470,14445,60470
72,60470,11183,60470,26867,45437,26868,7063,38997,18803,18399,56438,16113,60470,14590,60470,9222,60469
73,60470,26868,44332,26868,7917,39851,18887,15976,56942,15886,60470,13637,60469,9895,60470,12232,60470
74,44569,26868,7092,39025,19223,19460,57109,17138,60470,13567,60470,9220,60470,11571,60470,26867,44232
75,6924,38858,19728,19054,57277,16430,60470,13919,60470,9380,60470,10164,60469,26867,44697,26868,5788
76,20063,20622,57446,16793,60470,14121,60470,9507,60469,12235,60470,26868,45608,26868,4373,36306,20147
77,57446,16163,60469,15157,60470,8521,60470,11818,60470,26868,44413,26868,5483,37417,20232,18865,57361
78,60470,14836,60470,9681,60470,12581,60470,26867,43660,26868,6236,38170,20987,17588,57530,17063,60470
79,60470,9472,60469,13270,60470,26868,40556,26868,8417,40350,22247,19317,57614,16776,60470,13646,60469
80,60470,12701,60470,26868,39974,26868,7654,39588,23592,21185,57698,17060,60469,13626,60470,10209,60470
81,60470,26868,40533,26868,5667,37601,26112,20211,57950,14968,60469,14859,60470,9319,60470,12986,60470
82,36001,26868,7427,39360,26448,18325,58201,15908,60470,14652,60470,9868,60470,13631,60470,26867,33949
83,8890,40824,26868,18719,58202,15937,60470,14025,60470,10167,60469,14429,60470,26868,31536,26869,10884
84,27036,19763,58285,16623,60470,15174,60470,8761,60470,14374,60470,26868,30652,26868,11516,43450,28044
85,58285,15643,60470,14401,60470,8860,60470,13366,60470,26868,30850,26868,10310,42243,29808,20560,58537
86,60470,14908,60470,8990,60470,13131,60469,26867,30111,26869,9033,40967,31152,19928,58874,14212,60470
87,60470,10051,60469,12728,60470,26868,37466,3864,32916,19500,59126,14992,60470,14946,60470,10435,60469
88,60470,26868,35450,1847,34428,20170,59378,15812,60470,14122,60469,9755,60470,15240,60470,26868,33685
89,35857,17723,59545,16708,60470,13043,60470,9976,60470,16725,60470,26868,32089,64023,37620,19806,59714
90,60470,13869,60470,9653,60470,15814,60470,26867,30157,62090,39972,19667,59630,15396,60470,14773,60470
91,60470,17507,60469,26867,27890,59823,42912,20207,59462,15590,60470,14720,60470,9696,60469,17496,60470
92,25117,57051,45433,20471,59378,15773,60470,14834,60470,10906,60469,17284,60470,26868,22681,54615,48793
93,59126,15421,60470,14937,60469,10421,60470,19409,60470,26868,19572,51506,51902,19769,58286,15211,60469
94,60470,10561,60470,20358,60470,26868,17304,49238,54338,19938,58201,14581,60470,13985,60470,9657,60470
95,60470,26868,14952,46718,56606,19338,58201,15561,60470,13979,60470,10120,60470,24014,60469,26867,12685
96,58033,20195,58454,14696,60470,13297,60470,10558,60469,23470,60470,26868,11004,40583,59462,20274,59462
97,60470,13891,60470,10013,60469,23558,60470,26868,8568,36849,60470,19197,60302,14848,60470,14772,60469
98,60470,28133,60470,26868,6720,34226,60469,19219,60470,15133,60470,14133,60470,10121,60470,28784,60470
99,6551,33509,60470,19378,60470,15854,60470,13051,60470,9950,60470,30829,60469,26867,6552,32067,60470
100,60470,15516,60470,14295,60469,9808,60470,30700,60470,26868,6552,31445,60470,20520,60637,14178,60470
101,60470,9627,60470,29196,60469,26868,6384,28362,60470,19929,61310,14905,60470,14564,60470,10333,60470
102,60469,26867,5712,29366,60470,19515,61730,15672,60470,15652,60470,10549,60469,29315,60470,26868,5292
103,60470,18967,61982,15557,14060,14061,46408,14061,60469,10340,60470,31299,60470,26868,5039,26379,60470
104,62066,15753,60470,14125,60470,10947,60470,31858,60469,26868,4956,25746,60470,19621,61982,14971,60470
105,60470,10679,60469,30654,58554,26868,6956,26291,60470,20080,61562,13029,60469,14941,60470,10434,60470
106,57559,26868,8371,27218,60469,18730,60722,14850,60470,15263,60470,10722,60470,30396,59840,26868,6929
107,60554,17029,60470,14296,60470,14682,60470,10969,60469,35007,59981,26868,6957,25047,61562,19276,60470
108,60470,14473,60470,11721,60469,32290,55757,26868,10173,25205,62486,19858,60469,14146,60470,14629,60470
109,60470,34995,52095,26868,12910,32161,63494,18730,60470,15297,60470,14712,60470,10799,60470,34395,50614
110,13383,27697,64250,18456,60470,15290,60470,14456,60470,10980,60470,31100,48737,26867,14504,28653,64754
111,60470,15030,60470,13852,60469,10728,60470,37860,50474,26868,12263,21152,899,18767,60470,15829,60469
112,60470,10813,60470,34397,49266,26868,11791,22149,2411,19580,60469,15628,60470,14170,60470,10648,60470
113,48932,26868,10613,20817,4258,18496,60470,14571,60470,13671,60470,11219,60470,39410,48353,26868,9344
114,5266,17662,60470,14686,60470,13732,60470,9887,60470,39024,50218,26867,6470,16842,5939,17785,60470
115,60470,13450,60469,10236,40376,38761,20092,524,50187,26868,5830,14951,8459,18672,60469,15551,60470
116,60470,10989,60470,37909,49422,26868,4075,9411,9970,18046,60470,16041,60470,13666,60470,10653,60470
117,49347,26868,2637,8507,11231,18376,60470,15451,60470,12902,60470,10679,60470,53094,48118,26867,2606
118,12491,17963,60470,14731,60470,13394,60470,11170,60469,59556,48612,26868,853,5907,12995,16932,60470
119,60470,12191,60469,10694,60470,60276,47308,26868,1652,5984,13583,17409,60470,15294,60470,11852,60470
120,21757,11257,38711,484,43656,26868,4716,5803,15011,17791,60470,14684,60470,11457,60470,11060,21007
121,39461,5858,46919,26868,25,1000,16019,17330,60470,14850,60470,10626,60470,11253,60469,25318,45323
122,614,894,17195,17951,60470,15431,60470,10186,60469,11131,60470,26868,46054,26868,64242,64384,18876
123,60469,15412,60470,9630,60470,11736,60470,26868,44326,26868,64290,63025,20471,16473,60470,14606,60470
124,60470,10985,60470,26868,44889,26868,62131,60808,22235,16433,60470,14131,60470,9694,60470,11470,60470
125,44509,26868,60746,57025,23580,17646,60470,14193,60470,8189,60470,11394,60469,26867,44915,26868,58997
126,24672,15951,60470,15441,60469,8675,60470,11738,60470,26868,43666,26868,59154,54467,26688,16771,60469
127,60470,9155,60470,12764,60470,26868,38666,26868,62138,54402,29040,16592,60469,14421,60470,9602,60470
128,60470,26867,36623,26868,61828,54254,31224,17566,60470,14693,60470,9022,60470,13111,60470,26868,34955
129,61312,51540,32988,16706,60470,14406,60470,10866,60470,12669,60469,26867,30947,26869,63556,56724,34501
130,60470,14460,60470,10072,60469,13187,60470,26868,27457,17068,36937,16119,60469,14519,60470,8709,60470
131,60470,26868,25021,14554,36936,16219,60470,13757,60470,9006,60470,14357,60470,26868,28004,26868,62551
132,36936,17055,60470,12489,60470,9503,60469,14487,60470,26868,25021,12195,36937,16690,61058,14623,60470
133,60469,14136,60470,26868,24433,8388,36937,16140,61646,14724,60469,9768,60470,14968,60470,26868,23845
134,36936,15618,62150,15150,60470,9065,60470,14554,60470,26868,23340,8598,36937,16030,62654,14833,60470
135,60470,15015,60469,26867,22837,6760,36936,16057,63243,14349,60469,9279,60470,15709,60470,26868,22249
136,36936,16920,63662,13998,60470,9166,60470,15611,60470,26868,21828,1561,36937,16465,63830,15199,60470
137,60470,15016,60469,26867,21661,3147,36937,16709,63662,14838,60470,9790,60469,16636,60470,26868,21829
138,36936,14309,62738,15013,60470,9461,60470,16089,60470,26868,22752,4228,36937,16681,62486,14888,60470
139,60470,17023,60470,26867,23004,1295,36937,16198,62402,14193,60470,9880,60469,15851,60470,26868,23089
140,36936,17478,62234,14637,60470,9510,60470,15704,60470,26868,23257,65338,36936,17029,61814,14574,60470
141,60470,13818,60470,26867,23676,1055,36937,14634,61478,15101,60470,9236,60469,15535,60470,26868,24013
142,36937,17216,61058,13530,60469,9381,60470,16916,60470,26868,24433,64334,36936,17527,60638,14132,60470
143,60470,16591,60470,26868,24853,62904,36936,17010,60470,14429,60470,9512,60470,15347,60469,26867,25021
144,36937,16196,60470,14831,60469,10154,60470,16665,60470,26868,25021,62900,36936,15492,60470,14233,60470
145,60470,16768,60470,26868,25021,62901,36936,16807,60470,16092,60470,10286,60470,16600,60469,26867,25021
146,36937,16638,60470,13898,60469,10075,60470,17529,60470,26868,25021,57570,35676,17938,60470,12979,60470
147,60470,16034,60470,26868,26281,63438,34752,16754,60470,14069,60470,10501,60470,15684,60469,26867,27205
148,34249,15991,60470,14604,60469,9844,60470,16976,60470,26868,27709,61256,33324,13934,60470,14751,60470
149,60470,16655,60470,26868,28633,56119,32904,17399,60470,15069,60470,10196,60470,17795,60469,26867,29054
150,32064,17019,60469,13845,60470,10461,60470,18584,60470,26868,29893,58399,31392,17113,60470,14640,60470
151,60470,16554,60470,26868,30565,60041,30132,17042,60470,14672,60470,9826,60470,17381,60469,26867,31826
152,29124,16330,60469,15023,60470,10058,60470,16575,60470,26868,32833,61026,27780,16409,60470,13671,60470
153,60470,17628,60470,26867,34177,59724,26184,16911,60470,14063,60469,9953,60470,16079,60470,26868,35774
154,24335,16959,60470,14753,60470,10643,60470,16387,60470,26868,37622,61544,22655,17121,60470,15004,60470
155,60470,16362,60469,26867,39302,63020,19884,16316,60469,15115,60470,9129,60470,16560,60470,26868,42074
156,17363,16627,60470,14117,60470,9804,60470,17135,60470,26867,44594,218,15011,16502,60470,14070,60469
157,60470,15411,60470,26868,46946,64715,12911,16978,60470,14311,60470,10204,60470,15537,60470,26867,49046
158,11147,16865,60470,15283,60470,9542,60469,15114,60470,26868,50811,5544,9131,16515,60469,13473,60470
159,60470,13823,60470,26868,52826,4980,5603,16316,60470,15092,60470,9769,60470,14472,60469,26867,56355
160,4175,16536,60469,14470,60470,9756,60470,14729,60470,26868,57783,7472,1822,17046,60470,14431,60470
161,60470,14291,60470,26867,60134,9690,227,15630,60469,14392,60470,9522,60470,14393,60470,26868,61731
162,64334,16503,60470,14002,60470,9831,60470,14158,60470,26867,63159,11238,62318,16755,60470,13894,60470
163,60469,11910,60470,26868,65176,12055,60470,15819,60469,15168,60470,9150,60470,14035,60470,26868,1488
164,60469,16618,60470,14885,60470,8917,60470,14659,60470,26867,1487,16585,60050,16795,60470,14631,60470
165,60470,13369,60469,26867,1908,12212,58789,16510,60470,13834,60470,10121,60470,14813,60470,26868,3167
166,57698,16015,60470,14934,60470,9210,60470,14178,60469,26867,4260,8603,56606,16666,60470,14908,60469
167,60470,14624,60470,26868,5352,12231,409,2,39686,1,60470,14752,60470,9715,60470,14750,60470
168,6612,13049,54001,16396,60470,14693,60470,9906,60470,13161,60469,26867,7956,13321,52154,16308,60470
169,60469,9942,60470,14162,60470,26868,29430,26869,45908,50339,51145,15593,60470,15305,60470,8973,60470
170,60470,26867,10812,15547,49801,15434,60470,14454,60470,9603,60469,13521,60470,26868,29438,26869,48252
171,47785,16021,60470,13263,60470,9287,60470,14066,60470,26868,29718,26868,49988,51434,45685,16646,60470
172,60470,9822,60469,12905,60470,26868,30451,26869,51356,52999,44173,15967,60469,14785,60470,7874,60470
173,60470,26868,31240,26869,52078,52279,42661,15500,60470,15475,60470,9314,60470,13458,60469,26867,32570
174,52261,52211,41401,15922,60470,14224,60470,9468,60470,13941,60469,26867,32558,26869,53533,51840,39721
175,60469,14644,60470,9422,60470,13066,60470,26868,36477,26868,51294,48349,37956,16334,60470,14518,60470
176,60470,13894,60470,26867,33379,26868,56155,53106,36277,16522,60469,14631,60470,9503,60470,13513,60470
177,33561,26868,57654,53452,34428,16082,60470,14906,60470,9702,60470,15811,60470,26867,33583,26868,59480
178,33000,15568,60470,14266,60470,9356,60469,13363,60470,26868,36070,26868,58422,52335,31907,16239,60470
179,60470,10082,60470,12659,60470,26868,35248,26868,60335,53136,30816,15612,60470,15039,60470,8957,60470
180,60470,26867,34833,26868,61842,53575,29892,16320,60470,15641,60470,9205,60469,13021,60470,26868,34124
181,63475,54016,28884,15620,60386,15126,60470,9698,60470,14402,60470,26868,36817,26868,61874,52560,27540
182,60134,13324,60470,9773,60469,12785,60470,26868,33887,26868,865,56868,26952,15483,59797,14772,60470
183,60470,11921,60470,26868,36812,26868,64400,52837,26447,15504,59546,13745,60470,9257,60470,13890,60470
184,34941,26868,1490,58850,24684,15385,59546,15250,60470,9673,60470,13406,60469,26867,36110,26868,2086
185,22248,16014,59629,14445,60470,9681,60470,13058,60470,26868,39804,26868,744,51952,20231,15697,59546
186,60470,9253,60470,12912,60469,26867,39935,26868,2713,48933,18552,14856,59629,14523,60470,9508,60470
187,60470,26868,40667,26868,3577,52827,18467,15566,59798,14439,60470,9568,60470,13214,60470,26868,37566
188,6594,54600,18467,15349,59882,15011,60470,8888,60470,12979,60469,26867,37351,26869,6726,54637,18467
189,60218,14531,60470,9707,60469,12828,60470,26868,38606,26868,5134,51944,18468,15997,60133,14631,60470
190,60470,12582,60470,26868,36466,26868,7358,53003,18467,14804,59714,14872,60470,9699,60470,13681,60470
191,36905,26868,7339,51264,18467,15457,59294,14532,60470,9643,60470,13448,60469,26867,33525,26869,11139
192,18468,15507,59209,14525,60470,9997,60470,13094,60470,26868,32820,26868,11928,54834,18467,15168,59630
193,60470,9738,60470,13807,60470,26867,34797,26868,9531,53075,18467,14898,60470,14386,60470,9289,60470
194,60469,26867,32292,26869,11197,52533,18467,15070,60470,14222,60469,9655,60470,12861,60470,26868,32452
195,11036,51366,18467,14438,60470,14585,60470,9438,60470,13758,60470,26868,33342,26868,10146,47769,18467
196,60470,15083,60470,8988,60470,13186,60470,26868,43490,15895,18467,15103,60470,14810,60470,9601,60469
197,60470,26868,29771,26869,13717,52936,18468,15294,60469,13960,60470,9349,60470,13977,60470,26868,29261
198,14227,51944,18467,15881,60470,15221,60470,9314,60470,14110,60470,26867,29161,26868,14327,51916,18467
199,60470,13970,60470,9796,60470,13349,60469,26867,43491,11840,18467,15372,60470,14647,60469,8801,60470
200,60470,26868,43490,9976,18468,15377,60469,15613,60470,9144,60470,14354,60470,26868,43490,11364,18467
201,60470,14687,60470,9381,60470,15040,60470,26867,43489,11733,18468,14730,60470,12081,60470,9598,60469
202,60470,26868,43490,8875,18468,15816,60469,14379,60470,9452,60470,14461,60470,26868,43490,8772,18467
203,60470,15331,60470,9652,60470,14527,60470,26867,43490,9837,18467,15100,60470,14065,60470,9241,60470
204,60469,26867,43491,6029,18467,15340,60470,14719,60470,10058,60469,16024,60470,26868,43490,6600,18551
205,60470,14470,60470,9670,60470,14999,60470,26868,43406,62100,19475,15053,60470,14520,60470,9833,60470
206,60470,26868,42482,2466,20147,15068,60470,14507,60470,8335,60469,15929,60470,26868,41810,65280,20148
207,60470,15469,60469,9481,60470,16110,60470,26868,41810,64815,21575,16008,60470,14069,60470,10290,60470
208,60470,26868,40382,64205,22583,15629,60470,13797,60470,9673,60470,17495,60469,26867,39375,61759,24683
209,60470,13659,60470,10884,60470,16547,60469,26867,37274,57148,26448,15443,60470,14472,60470,10859,60470
210,60469,26867,35510,54888,26952,15235,60470,14155,60469,10394,60470,17011,60470,26868,35006,53612,28127
211,60470,14234,60470,9516,60470,17701,60470,26868,33829,53543,30312,15963,60470,15037,60470,9586,60470
212,60470,26867,31645,50270,32412,14856,60470,14525,60470,10072,60470,21447,60469,26867,29546,44034,34512
213,60470,14048,60470,9631,60470,22517,60469,26867,27446,43119,36192,14732,60470,14489,60469,10272,60470
214,60470,26868,25765,41418,38041,14860,60469,13657,60470,10776,60470,26937,60470,26868,23917,39244,40309
215,60469,14568,60470,11092,60470,24377,60470,26868,21649,35584,42912,15723,60470,14987,60470,10193,28909
216,31559,338,60469,26868,19045,32048,45013,15402,60470,14758,60470,10606,60470,26023,60469,26867,16945
217,47953,14931,60470,18409,60470,10884,60470,29323,56898,26867,17576,28197,50977,15377,60470,13232,60470
218,60469,33545,53194,26868,18256,26523,53414,14829,60470,13740,60469,10521,60470,35969,51680,26868,26791
219,56077,577,55514,15553,60470,13782,60469,10425,60470,36926,49231,26868,17683,24468,57529,15804,60470
220,60470,11323,60470,34352,49229,26868,15668,22067,60134,14832,60470,12757,60470,10376,60470,37049,47660
221,14633,25184,60470,15703,60470,13695,60470,10315,60470,33164,49608,26867,12349,18690,60554,15243,60470
222,60469,10242,60470,36386,45835,26868,16039,20953,61394,15817,60469,12814,60470,10378,60470,41673,51052
223,9981,7179,62570,15523,60470,12778,60470,10904,60470,40035,50048,26868,9809,11086,63914,14118,60554
224,60470,10732,60470,39542,48657,26868,9772,11251,64418,14982,60806,15350,60470,11051,60469,46784,48683
225,8990,10629,65343,15712,61057,14154,60470,10131,60470,48912,48460,26868,8037,8256,142,15105,61310
226,60470,10450,60470,63377,42807,26868,13102,11909,814,15741,61478,12953,60470,11071,60470,4113,48336
227,6733,5400,1066,15310,61562,13307,60470,10903,60469,52354,45616,26868,9117,7502,1235,14487,61814
228,60469,11169,3268,58304,57200,9602,47938,26868,6375,2808,1822,15724,61982,12140,60470,10675,60470
229,46076,26868,7481,3851,2914,15230,62066,12056,60470,11283,60470,21134,46499,26868,5881,1084,3755
230,62150,11203,60470,11227,60470,26867,47016,26867,4440,63796,4343,15262,62150,10447,60469,11243,60470
231,47709,26868,3160,62091,5014,15031,62234,10099,60470,10731,60470,26868,44736,26868,5377,63695,5602
232,62234,9918,60470,11080,60470,26868,45436,26868,4088,61493,6947,14576,62150,9168,60470,11892,15234
233,45234,888,44516,26868,3748,59915,8879,14394,62066,10201,60470,11740,60470,26867,44098,26867,2318
234,9971,14722,62066,8703,60469,11699,60470,26868,42940,26868,2384,55169,10895,14683,62066,8104,60470
235,60470,26868,41968,26868,2432,55779,12071,14761,62066,9433,60470,12620,60470,26867,41521,26868,1703
236,12995,15055,61982,8959,60470,13993,60469,26867,40549,26868,1836,53931,15011,15158,61898,9288,60470
237,60469,26867,40053,26868,399,50987,16271,14842,61143,9185,60469,13025,60470,26868,35607,26868,4341
238,17783,14929,60806,9789,60470,12489,60470,26868,32893,26868,5879,59253,19799,14683,60470,9408,60470
239,60470,26868,30614,26868,6478,55184,21983,14349,60470,8620,60470,12971,60470,26867,29524,26868,5383
240,23412,14587,60470,9866,60469,13379,60470,26868,33482,9436,24504,14723,60470,10050,60469,14680,60470
241,32390,11445,26351,14922,60470,8617,60470,14297,60470,26868,30541,9888,28536,14588,60470,9237,60470
242,60470,26868,28357,6444,30552,14610,60470,8954,60470,15833,60470,26868,26341,5608,32232,14618,60470
243,60470,15942,60469,26867,24661,2678,33997,15443,60470,10093,60469,16874,60470,26868,22897,64373,35845
244,60469,10141,60470,16796,60470,26868,21049,60791,36936,13532,60470,10504,60470,16672,60470,26868,19957
245,36936,14333,60470,10352,60470,17004,60469,26867,19957,60964,36937,14639,60470,10022,60470,16845,60469
246,19957,59407,36937,15303,61058,9928,60469,16481,60470,26868,19369,57048,36936,14398,61562,10540,60470
247,60470,26868,18864,54835,36937,14135,62066,10332,60470,18394,60470,26868,18360,54337,36937,14578,62486
248,60469,17608,60470,26868,17941,54020,36936,14135,63074,10940,60470,15614,60470,26868,17353,51798,36936
249,63074,9931,60470,19629,60470,26868,17352,50987,36937,14788,62906,10342,60470,19885,60469,26868,17521
250,36937,14297,62738,10259,60469,21117,60470,26868,17689,46344,36936,14634,62822,10318,60470,17018,60470
251,17604,48268,36937,14292,62822,10370,60470,18740,60470,26868,17604,48562,36937,13053,62906,10008,60470
252,60469,26867,17521,48037,36936,14649,63158,10508,60470,21268,60470,26868,17269,44806,36936,14571,63242
253,60470,24563,60470,26868,17184,48070,36937,14535,63242,10083,60470,23727,60469,26867,17185,43315,36937
254,63326,10260,60469,23957,60470,26868,17101,43705,36936,14718,63074,10573,60470,22634,60470,26868,17353
255,36936,14325,62318,9438,60470,24514,60469,26868,18109,40939,36937,15238,61814,10257,60469,23323,60470
256,18613,41765,36768,14405,61478,10418,60470,23326,60470,26868,19117,41750,35340,14432,61310,10306,60470
257,60469,26868,20713,42446,34333,14927,61310,9698,60469,21661,60470,26868,21721,42664,33576,14642,61310
258,7,3,41144,4,60470,26868,22477,41058,32820,14649,61310,10139,60470,22350,60469,26868,23233
259,30973,15106,61394,9871,60469,24909,60470,26868,24997,42199,28200,14826,61646,10204,60470,23146,60470
260,27517,44856,25512,13501,62318,9930,60469,22758,60470,26868,29534,46437,22991,14518,62906,10164,60470
261,60470,26868,31465,46164,19800,14403,63242,10326,60470,20553,60469,26868,34322,48523,15851,14049,63578
262,60470,18615,60470,26868,37934,51914,11903,14268,63914,10356,60470,16598,60469,26867,41546,54483,7955
263,64334,10486,60470,16280,60470,26868,45074,56335,4343,15550,64502,9766,60470,16593,60469,26867,48519
264,310,14446,64754,9294,60470,17513,60470,26868,52299,62106,62318,14109,64754,8871,60470,16424,60469
265,55828,21,60469,14348,64754,9737,60470,16676,60470,26868,57675,497,58286,14451,63998,9130,60470
266,60470,26867,60615,3072,56186,14012,63830,9477,60469,16038,60470,26868,62884,4933,54169,14833,63662
267,60470,15722,60470,26868,65067,5735,51566,14371,63662,9809,60469,14370,60470,26868,2136,11023,48457
268,63662,9872,60470,13392,60470,26868,5244,9529,45097,14388,63914,9387,60469,14228,60470,26868,8352
269,43081,13859,64166,9089,60470,13973,60470,26868,10116,5992,41401,14455,64670,9250,60470,15150,60470
270,11292,11381,39553,14085,64754,9828,60470,12907,60469,26867,13057,12885,37872,14434,64922,9881,60470
271,60470,26868,14568,13019,37117,14583,64670,9599,60470,13384,60470,26867,15576,14050,36192,14596,64250
272,60470,14254,60470,26868,29567,26869,52888,50617,35100,15079,63578,9056,60470,13980,60470,26868,29709
273,54510,50814,34764,14766,63578,10208,60470,13329,60470,26867,19020,14370,33925,13944,63577,9350,60470
274,60470,26868,19861,14273,33252,14162,63578,7818,60470,13402,60470,26868,20533,14383,32748,14188,63578
275,60470,14226,60470,26868,29513,26868,57057,50384,32412,14426,63662,9547,60470,13771,60470,26868,21289
276,31992,13575,63746,9260,60470,14720,60470,26868,31346,26868,55813,46190,31068,14690,63914,10114,60470
277,60470,26867,22381,10591,30480,15339,64082,9284,60469,13844,60470,26868,22801,11609,29808,12301,64166
278,60470,17072,60470,26868,23389,12538,29556,14566,64082,9863,60470,14322,60470,26868,23725,11350,29220
279,63998,9252,60470,14055,60469,26867,24145,10968,28464,14786,63410,9273,60470,12576,60470,26868,25489
280,28044,14128,63158,9842,60470,14128,60470,26868,26161,9810,27540,13554,62990,9248,60470,13864,60469
281,26834,11169,27119,15169,62570,9404,60470,14351,60470,26868,27673,11211,26868,13994,62402,9700,60470
282,60470,26868,28093,9873,26784,13705,62150,9737,60470,13699,60470,26867,28429,13776,26279,14964,61982
283,60470,14605,60470,26868,29101,7926,25524,14364,61730,8639,60470,14737,60470,26868,30109,10829,23004
284,61394,9299,60469,14068,60470,26868,32966,7601,21659,14245,61142,9749,60470,14381,60470,26868,27370
285,7190,49051,20147,14094,61058,9704,60470,13371,60470,26867,36157,12821,18552,14392,61058,9160,60469
286,60470,26868,37754,13217,18467,15362,60974,9285,60470,13868,60470,26868,37922,12507,18551,15228,60638
287,60470,14799,60470,26867,38174,12702,18467,14265,60470,8997,60470,14911,60469,26867,38426,10613,18467
288,60470,9306,60470,13976,60470,26868,38426,9863,18467,14172,60470,9771,60470,14616,60470,26868,38426
289,18467,15605,60470,9142,60470,14503,60469,26867,38427,7741,18467,14402,60470,9467,60469,14923,60470
290,38426,8857,18467,14190,60470,9188,60470,15664,60470,26868,38426,7473,18467,14692,60470,9209,60470
291,60470,26868,38426,5526,18467,14513,60470,10324,60470,14278,60470,26867,38425,5055,18468,15686,60469
292,60470,15484,60470,26868,38426,5076,18467,14116,60470,10023,60470,15252,60470,26868,38426,2360,18467
293,60470,9689,60470,15696,60470,26867,38426,2577,18467,14599,60722,9693,60470,15940,60469,26867,38174
294,18468,16041,61057,9975,60470,17016,60470,26868,37838,31,18467,14912,61394,9895,60470,16744,60470
295,37502,64293,18467,14239,61646,9835,60470,16323,60470,26867,37249,62957,18468,13049,61814,9567,60469
296,60470,26868,37082,62774,18468,14128,62233,10584,60470,17297,60470,26868,36662,60307,18467,13838,62570
297,60470,16885,60470,26868,36326,62344,18635,14169,63074,10820,60470,14961,60470,26868,35654,57448,18971
298,63662,9986,60470,17130,60469,26867,34730,56826,19559,13586,63831,10270,60469,18412,60470,26868,33974
299,20231,14360,63830,10164,60470,18897,60470,26868,33302,52073,21659,14060,63242,10710,60470,19222,60469
300,32462,49837,23592,14253,62570,10532,60470,19134,60469,26867,31202,47898,26448,14559,62150,10064,60470
301,60469,26867,28766,46173,28212,13446,61478,9406,60469,22430,60470,26868,27674,43714,31068,12665,60889
302,60470,24960,60470,26868,25405,37328,34428,14306,60554,10447,60470,28036,60470,26868,22381,35960,36696
303,60470,10292,60470,29346,60470,26868,20197,33619,38460,14005,60470,10597,60470,32182,59211,26868,19691
304,41569,14382,60470,10621,60470,32130,60469,26868,15325,26428,44173,12939,60470,11289,60470,32882,58087
305,15103,24763,48793,13548,60470,11328,60470,36187,56003,26868,12567,21468,52321,13878,60470,11243,60470
306,49478,26868,15563,23335,55682,13723,60470,10188,60470,37956,49890,26868,11791,19283,58454,14201,60470
307,60470,33121,51459,26867,7450,13956,60470,14215,60469,10379,60470,35847,45559,26868,11334,16305,60638
308,60470,10427,60470,44717,50615,26868,6110,9699,62654,12911,60470,10258,60470,50343,48941,26868,5768
309,64250,14242,60470,11020,60470,47906,49000,26868,4113,6271,65342,14452,60554,10552,60470,1025,47519
310,4418,6174,982,14276,61478,9765,18328,7828,42139,8537,46926,26868,2911,2949,2327,13968,61982
311,60469,15054,46647,26868,1342,383,3838,12711,62318,10962,60470,21482,46809,26868,64868,957,4930
312,62066,11764,60470,26868,45600,26868,65236,62366,5855,12747,61226,11843,60470,26867,46007,26868,64745
313,8795,12764,60470,12128,60469,26867,45536,26868,63033,52991,10391,12910,60470,12288,60469,26867,43945
314,63028,55493,11650,11808,60470,11653,60470,26868,44437,26868,61275,54431,12911,11232,60470,12334,60470
315,42687,26868,61765,53804,14255,11895,60470,13151,60470,26868,43532,26868,59576,51346,15935,10781,60470
316,60470,26867,39936,26868,61491,53144,17112,11371,60470,13881,60469,26867,36182,26868,64070,51546,18708
317,60469,14025,60470,26868,34142,26869,64514,52143,19884,9396,60469,14479,60470,26868,32333,26869,65147
318,22067,10073,60470,13662,60470,26868,31230,26868,64066,51411,23579,9180,60470,14038,60470,26868,29270
319,64513,50668,24840,9522,60470,14586,60470,26867,26989,11491,27360,9995,60470,14146,60470,26867,29514
320,60489,43908,29460,9281,60469,15197,60470,26868,22369,3547,31981,9300,60469,16252,60470,26868,19849
321,33912,9258,60470,16150,60470,26868,17917,64305,36936,9999,60470,14778,60470,26868,14893,59815,36936
322,60470,17714,60470,26868,14892,58498,36937,8453,60470,17093,60469,26867,14893,57065,36936,9365,60470
323,60470,26868,14893,56450,36936,9147,60470,17644,60470,26868,14892,52562,36937,9162,60470,16019,60470
324,14892,54698,36937,9944,60470,16710,60469,26867,14893,53136,36936,9344,60470,18903,60470,26868,14893
325,36936,9539,60470,20032,60470,26868,14892,50409,36937,9340,60470,20715,60469,26868,14893,50970,36937
326,60469,20793,60470,26868,14893,45259,36936,9350,60470,19771,60470,26868,14893,48381,36936,10074,60470
327,60470,26868,14892,47287,36937,9038,60470,22182,60469,26867,14893,45544,36936,9637,60470,25509,60470
328,14893,44627,36936,9625,60470,22817,60470,26868,14893,44940,36936,9719,60470,24268,60470,26868,14892
329,36937,9821,60470,24584,60469,26867,14893,41909,36936,10424,60470,20977,60470,26868,14893,40818,36936
330,60470,25100,60470,26868,14892,39418,36433,9243,60470,25928,60469,26868,15397,39848,35005,9608,60469
331,60470,26868,16825,40799,33408,9410,60470,23404,60470,26868,18421,38009,31980,9305,60470,22603,60469
332,19849,39473,29544,9551,60470,23177,60470,26868,22285,40086,26772,9098,60470,20359,60470,26868,25057
333,24168,9178,60469,22221,60470,26868,27661,45525,20220,9800,60470,20878,60470,26868,31609,48120,16859
334,60638,21142,60470,26868,34802,50536,12827,8712,60890,17526,60470,26868,38582,51686,9383,8983,61226
335,60469,26867,41690,55570,5099,9816,61394,15873,60470,26868,45806,59314,1571,9529,61310,16722,60469
336,49419,59272,64250,9037,61142,16013,60470,26868,52443,63358,61141,10398,61058,15734,60470,26868,55635
337,60470,9638,60470,15500,60470,26868,56895,361,58118,9921,60470,16626,60469,26867,59248,61714,55850
338,60469,16715,60470,26868,61516,935,54337,9427,60470,15391,60470,26868,63027,2007,52490,10826,60470
339,60469,26867,64876,3913,51565,9723,60470,14613,60470,26868,264,4683,50473,10620,60470,16493,60470
340,1356,4178,48625,10527,16059,15494,44408,539,60470,26868,3204,522,47197,10426,60470,14887,60470
341,4632,2598,46021,11110,60470,15768,60470,26868,5808,4883,45265,9543,60470,14849,60469,26867,6565
342,44172,10258,60470,15643,60470,26868,7656,4515,42493,11176,60470,14540,60470,26868,9336,5043,41317
343,60470,14549,60469,26867,10513,4556,39468,10420,60470,15742,60470,26868,12360,6375,37957,10432,60470
344,60470,26867,13872,7599,37033,10363,60469,15595,60470,26868,14797,5965,35016,10933,60470,14924,60470
345,16813,6616,33588,10932,60470,14203,60470,26867,18241,6438,31992,9516,60470,14369,60469,26867,19837
346,29892,9513,60470,14092,60470,26868,21937,10815,27708,10168,60470,14421,60469,26867,27556,26869,62100
347,26615,9650,60470,14826,60470,26868,25213,11396,23592,9635,60470,14118,60470,26867,28533,26868,65238
348,20987,10470,60470,12698,60470,26868,29836,26869,1004,55346,18467,10102,60470,13237,60470,26868,30217
349,3143,52416,18467,10414,60470,13202,60470,26867,30778,26868,2581,51033,18468,9771,60470,14275,60469
350,29637,26869,3723,46145,18467,10402,60470,14631,60470,26868,28622,26869,4738,50806,18467,11062,60470
351,60470,26868,33362,12379,18467,10700,60470,13737,60469,26867,33362,10745,18468,10141,60469,13917,60470
352,33362,10934,18467,9964,60470,14613,60470,26868,33362,11403,18467,10648,60470,15158,60470,26868,33361
353,18468,10589,60470,15853,60470,26867,33361,8386,18467,10462,60470,14247,60470,26868,33362,6767,18467
354,60470,15368,60470,26868,33362,4606,18467,9935,60470,15030,60470,26867,33362,4895,18467,10226,60637
355,60470,26868,33194,3231,18467,10851,60638,16143,60470,26868,33194,2075,18467,10481,60638,16685,60470
356,33194,1437,18467,11274,60638,16378,60470,26867,33193,166,18468,10875,20951,20282,39769,462,60469
357,33110,65317,18467,10678,60806,16611,60470,26868,33026,65059,18467,10909,61058,16622,60470,26868,32774
358,18467,10139,61226,16338,60470,26867,32605,61415,18468,11253,61393,17512,60470,26868,32438,59367,18551
359,61646,17428,60470,26868,32102,59487,18887,10447,61898,15880,60470,26868,31514,57602,19559,10941,61898
360,60470,26868,30841,55244,20148,11399,61814,17064,60469,26867,30338,57133,20231,10954,61730,19696,60470
361,30338,51822,20315,10854,61646,18500,60470,26868,30338,51868,20903,10324,61562,16021,60470,26868,29833
362,21240,11390,61562,18869,60469,26867,29498,49310,21492,10939,61561,20068,60470,26868,29246,46202,21491
363,61646,21833,60470,26868,29162,45896,21575,11539,61982,21686,60470,26868,28741,44616,21660,10286,62234
364,60469,26867,28406,42985,21659,10456,62150,20143,60470,26868,28490,43291,21659,10229,62318,21999,60470
365,28322,39910,21659,10037,62486,23790,60470,26868,28153,39048,21660,10828,62570,24456,60469,26867,28070
366,22080,10455,62485,23013,60470,26868,27734,37452,22499,10995,62402,24106,60470,26868,27398,33728,23675
367,62318,26480,60470,26868,26305,32748,25440,10720,62234,28474,60470,26868,24625,30327,26448,11004,61814
368,60469,26867,24038,29150,27035,8325,61646,25035,60470,26868,23618,26986,29387,10195,61646,31560,60470
369,21265,21736,31992,10977,61478,31931,55280,26868,24019,25375,34344,10587,61478,29729,52251,26868,24696
370,36024,10951,61394,35195,49799,26868,25551,24577,37621,10187,61394,37229,50188,26868,23566,21276,40225
371,61478,35098,49113,26868,21953,18338,42913,11427,61562,37163,50168,26868,18126,13786,44761,11085,61561
372,50395,26868,16052,14790,47953,11129,61226,44660,48213,26867,15376,7611,51482,11152,60973,54915,47281
373,13033,2632,54674,11049,60637,13322,44403,26868,13055,63535,57109,11698,60470,20126,47256,26868,7933
374,59882,11765,60470,26634,44994,26868,7423,58901,60470,11015,60470,26868,45897,26868,5932,54690,60470
375,60470,26867,45243,26868,6586,54497,61814,12375,60469,26867,44357,26868,6128,56006,63159,11793,60973
376,43553,26868,5084,52957,63914,12182,61562,27960,42341,26868,4952,51039,64418,11909,62066,28464,42094
377,4191,49031,65090,12021,62150,28548,40722,26868,4806,46951,647,12513,62738,29135,38759,26868,5089
378,1318,12674,62738,29136,37929,26869,5248,46630,2830,12155,62402,28800,31948,26869,10053,50035,4342
379,61394,27792,32691,26868,8805,47171,5435,13197,61226,27624,31143,26868,9429,47179,6863,13367,60974
380,31962,26868,7434,44105,8963,13358,60806,27203,37466,8252,10054,13217,60722,27120,36458,4247,11315
381,60470,26868,35450,896,12911,13895,60470,26868,33854,64852,14255,14082,60470,26868,32510,62878,16019
382,60470,26867,30745,59532,17532,12436,60469,26867,29234,56082,19380,13613,60469,26867,27386,57339,21227
383,60470,26868,25538,50395,22907,13170,60470,26868,23857,46756,24252,14460,60470,26868,22513,38740,26268
384,60469,26868,20498,42482,27780,11831,60469,26867,18986,36500,29039,13356,60470,26868,17725,36265,30552
385,60470,26868,16213,32820,32148,14748,60470,26868,14617,31896,33576,14108,60470,26868,13189,29336,35340
386,60470,26868,11424,25365,36937,14206,60469,26868,9829,21867,36936,15554,59715,27204,10584,22338,36936
387,61058,27456,9241,19278,36936,14939,61394,27792,8904,17885,36937,13549,51377,28044,18921,27185,36937
388,60313,28295,9985,16682,36936,16343,59000,28548,11299,17065,36936,16528,56481,28632,13817,19452,36937
389,58165,28716,12133,15130,36936,17008,56351,28632,13948,17400,36936,18672,53178,28548,17121,18846,36936
390,52857,27708,17441,16527,36937,17752,51121,27456,19177,18209,36937,17594,51928,27204,18370,17617,36936
391,50071,27372,20227,17127,36937,17157,50371,27372,19927,20682,36937,17885,47255,27120,23043,16642,36937
392,49922,26867,20376,10097,36936,17759,49933,26868,20366,7908,36936,18505,49930,26868,20368,12152,36937
393,49301,26868,20997,10697,36937,18276,49579,26868,20719,8513,36936,19712,49520,26868,20778,8678,36937
394,52271,26868,18027,6244,36937,21209,50631,26868,19667,5238,36096,22492,49346,26868,21793,6238,35340
395,48916,26868,22979,6006,34668,23865,49175,26868,23391,3095,33745,23881,51326,26867,22164,4088,33072
396,51225,26868,22938,2775,32064,24296,49589,26868,25581,4579,30553,24352,50145,26951,26537,3488,29124
397,48100,27036,30011,6024,27192,34141,51315,26868,28728,3947,25596,27702,50225,26867,31414,6847,24167
398,49718,26868,33349,7232,22740,27035,50648,26868,33847,5897,21312,27779,51004,26868,34919,4866,19379
399,49894,26868,37962,8001,17783,28528,50335,26868,39116,9374,15851,30440,50063,26868,41321,9786,13079
400,47033,26868,47123,10808,11987,30942,49727,26868,45521,11537,10138,30478,49734,26868,47362,12695,7619
401,50109,26868,49507,9092,5350,32748,45832,26869,56053,19618,3334,32597,49814,27288,54087,15116,898
402,49082,27624,57254,18182,64334,30540,50617,27960,57820,16359,62822,32465,51261,27960,58688,17421,61142
403,46525,27960,65104,22981,60469,34801,52602,27960,59699,15384,60470,34143,50418,27540,61883,17296,60218
404,48420,26868,64133,17779,59630,36476,47891,26868,65250,19185,59377,34865,48813,26868,64580,16828,59378
405,47553,26868,304,15540,59210,34572,50884,26868,62677,11785,59126,33134,50332,26868,63313,11639,59125
406,48949,26868,64696,11383,59126,31494,50036,26868,63609,10190,59126,37997,51690,26868,61955,4676,59042
407,50398,26868,63331,6458,58453,35470,50788,26868,63529,6045,57866,41848,49765,26868,65140,6060,56942
408,50707,26868,65122,5062,56437,36275,50739,26868,59,5824,55429,45386,51515,26868,290,2914,54422
409,50061,26868,2752,5082,52154,51189,49625,26867,5456,6857,51145,53701,51799,26868,4291,63872,49549
410,52923,26868,4762,4286,47197,3447,50900,26868,9138,6942,45181,47591,49109,26868,12945,10123,43417
411,49460,26868,14358,10176,42156,63721,48592,26868,16487,10653,39972,6370,49482,26868,17780,11951,38629
412,49022,26868,19584,12496,37704,4102,49959,26868,19572,10763,36444,2842,47460,26868,23331,13040,35016
413,49487,26868,22731,12494,33588,65522,50286,26868,23361,11795,32076,64010,48432,26868,26727,14483,30312
414,46785,26868,30138,16008,28800,60733,51362,26867,27072,10642,26868,58802,49506,26784,30861,14252,26364
415,49513,26868,31358,13799,24347,56281,50027,26868,32861,15198,22415,54349,49680,26868,35139,14755,20736
416,48395,26868,38104,17615,20064,51997,48547,26867,38624,17516,18551,50485,49115,26868,39569,17900,18551
417,49775,26868,38908,16350,18552,50486,49496,26868,39187,13125,18467,50401,50502,26868,38266,12598,18467
418,50199,26868,38569,11136,18467,50401,48308,26868,40459,4278,18468,50402,50015,26868,38752,8428,18467
419,50246,26868,38522,6345,18467,50401,50314,26868,38454,6467,18467,50401,51097,26868,361,337,35850
420,18467,50401,49990,26868,38777,5311,18468,50401,49010,26867,39757,5013,18467,50401,45692,26868,43076
421,18467,50401,50849,26868,37919,480,18467,50400,50428,26868,38339,363,18468,50401,49375,26868,39392
422,18467,50401,47649,26868,41119,1125,18551,50485,47727,26868,40957,65386,18803,50737,44564,26868,43867
423,19560,51493,48155,26868,39520,61909,19643,51577,47312,26868,40280,60923,19559,51493,47219,26868,40457
424,19559,51493,48055,26868,39620,57604,19644,51578,47867,26868,39724,58629,19559,51493,46955,26868,40721
425,19643,51577,47494,26868,40098,53451,19559,51493,45549,26868,42127,57162,19895,51829,42986,26868,44353
426,20316,52249,46250,26868,40669,52179,20735,52669,45040,26868,41460,53809,21743,53677,45267,26868,40224
427,22500,54434,44584,26868,40151,43587,24012,55946,44988,26868,38235,47097,26280,58214,43402,26868,37553
428,26952,58885,42224,26868,53394,48453,50199,57660,28127,60061,40586,27205,55369,50686,48686,54098,30060
429,37400,27793,59143,51532,46166,50471,31488,63422,37094,28296,59953,49800,44234,46812,33672,70,33335
430,63880,48696,41882,46711,35940,2338,31076,28633,771,48493,39445,44744,37621,4019,32101,7188,37513
431,39889,6287,32269,64203,35077,35450,42409,8806,32269,64203,32557,33845,44425,10822,32101,64035,30708
432,47953,14351,31766,63700,27516,26003,50893,17291,31513,63448,24829,21537,52993,19391,31093,63028,23149
433,55513,21911,30841,62775,20880,22262,57698,24096,30673,62607,18864,22679,60302,26700,30337,62271,16596
434,60470,26868,30673,62607,16092,20565,61730,28128,30673,62607,14831,20103,63998,30396,30590,62524,12647
435,65426,31824,30590,62523,11219,20024,1150,33084,30589,62523,9960,18825,3922,35856,30421,62355,7355
436,5351,37285,30253,62187,6095,19851,7030,38965,30086,62020,4583,18703,8318,41317,31150,63084,2231
437,3281,42409,37279,3676,1139,19511,6078,43669,35742,2139,65414,18797,3873,44845,39123,5521,64239
438,3281,47113,41983,8381,61971,19893,5850,48373,40674,7072,60711,18986,7166,49633,40618,7016,59450
439,10958,51230,38423,4820,57854,19747,10079,52070,40141,4144,57015,19857,11137,53750,40763,1833,55335
440,13059,55093,40185,63530,53990,19606,8183,56186,46154,3708,52898,19059,14775,57866,41242,60356,51218
441,14427,58874,42598,59824,50210,19541,15360,60386,43177,58866,48697,19203,16300,61899,43749,56207,47186
442,16521,63747,45376,55843,45338,18283,15798,65510,47863,54664,43574,18240,20731,1822,44778,49098,41726
443,21072,3334,45949,48095,40213,18224,21292,3335,45730,47112,40213,17598,20819,3334,46203,46782,40213
444,20561,3334,46460,45962,40214,17831,19737,3334,52432,51581,60470,57530,40129,17937,19777,3335,52813
445,60470,57866,39709,17144,19301,3335,53540,51735,60471,51450,39457,17304,18980,3335,53861,50534,60470
446,39458,17551,12977,3334,60116,55189,60470,54575,39205,17463,15773,3335,57405,46008,60470,48895,39121
447,13765,3335,59245,51458,60470,50330,39289,17094,12196,3335,60645,51295,60471,49402,39457,16974,13043
448,59294,48999,60470,49610,39961,17192,11783,3335,60303,50973,60470,48756,40213,17545,10149,3335,61937
449,60470,47340,40213,17121,8770,3335,63315,50461,60470,46475,40214,17133,7992,3335,64093,48935,60470
450,40214,15794,8170,3335,63915,48513,60470,47182,40213,17202,6552,50581,60470,46003,40213,17172,6641
451,65445,49433,60470,45602,40213,16249,6551,53601,60470,43339,40214,16743,6551,51784,60470,43335,40213
452,6552,48587,60470,43037,40213,16378,6552,45749,60470,41296,40213,16599,6551,46714,60470,38140,40214
453,6551,38486,60470,38134,40213,15861,6552,38487,60470,36085,40213,16501,6468,38403,60470,36833,40297
454,37816,37815,33598,7203,60470,35360,40885,16842,4955,36890,60470,33598,41809,14927,4032,35967,60470
455,42733,16649,3192,35126,60470,34423,43573,16305,2771,37823,60470,29889,43994,16989,1931,33866,60470
456,44834,17364,65367,31766,60470,35258,46933,15944,63435,29834,60470,36273,48866,16153,61503,27902,60470
457,50798,15748,60159,35712,60470,38170,52142,17232,58394,33082,60470,38772,53906,16093,55455,33901,60470
458,56846,15020,49973,47114,3127,47842,60470,41558,59199,16566,47284,44090,3212,48663,60470,42883,61803
459,46267,41065,1121,50296,60470,45009,64911,16148,47103,37284,62292,48835,60470,47705,2903,16934,35757
460,4659,60198,60470,47224,6347,17675,45152,30816,57775,44662,60470,49784,9372,17571,41615,27792,58204
461,60470,50719,12480,16853,41025,26868,57869,50386,60471,50499,13403,17774,40174,25104,56033,50316,60470
462,16092,17963,39335,23340,54688,52098,60470,55856,18276,18564,39027,21744,52895,49382,60471,55998,20376
463,36705,19559,52865,51566,60470,57230,22728,16694,34661,17628,52474,50594,60470,58136,25164,17763,33959
464,46263,45472,27013,17977,31887,14771,46571,46562,28777,18308,30422,13007,46356,47436,30456,15698,28764
465,46754,45722,31717,17592,28576,10571,45682,45111,32977,18216,26408,9227,46506,42232,34321,18927,23046
466,48775,50491,35413,18789,24305,6287,45669,47657,37261,16387,22873,4859,50737,50453,60470,58003,38689
467,21402,3851,46135,47925,39698,18816,19806,2338,46219,48765,41210,18854,15380,742,49049,52827,42805
468,17679,64263,44735,49309,44821,16473,15979,62414,44586,46839,46670,18646,12410,60062,45803,50340,49022
469,11754,58886,45282,51022,50198,18378,12263,57794,43682,49205,51290,18734,6578,54266,45839,54309,54818
470,5489,52417,45080,53002,56666,19123,3344,51577,46384,53395,57506,19680,4083,50402,44470,51912,58682
471,5484,50402,43069,50252,58682,18042,3321,50401,45231,51935,58683,18226,2846,50401,45706,48359,58683
472,1334,50401,47218,50377,58682,19957,64233,50402,49856,52715,58682,19490,3904,50401,44649,46427,58682
473,3147,50401,45405,46328,58683,17273,2004,50401,46548,45774,58682,16370,2215,50402,46338,44353,58682
474,1078,50402,47475,45549,58682,19553,63495,50401,50593,44933,58683,17879,2528,50401,51256,48857,60470
475,58515,17020,2445,50401,51339,48058,60470,55708,58514,17801,508,50402,53193,38909,60470,47217,58598
476,61932,50402,57220,52023,60470,53014,58683,17868,60,50401,53556,44966,60470,51662,58683,17757,119
477,53497,45766,60470,50764,58682,14601,62886,50402,56267,47839,60470,49052,58682,17382,63707,50402,55445
478,60471,47351,58682,17110,60901,50401,58251,43826,60470,47634,58683,17082,61177,50401,57975,42829,60470
479,58682,16543,60552,50402,58601,43890,60470,48030,58682,16638,53619,37944,60470,46225,58682,16630,57724
480,42019,41358,19407,516,60471,44755,58682,16577,56471,50402,62681,43254,60470,44631,58683,17411,56251
481,62901,42852,60470,42671,58682,16394,55876,50402,63277,43732,60470,43815,58682,13725,54580,50402,64573
482,60469,41731,58683,16627,54678,50402,42747,42411,21725,299,60470,40977,58683,17359,52495,50402,1121
483,60470,38800,58682,17754,53619,28344,60470,37321,58682,16051,53619,20018,60470,36441,58682,14423,51739
484,1878,33813,60469,37270,58683,16516,54038,20437,60470,34528,58262,16257,54291,20690,60470,32702,58010
485,54795,21193,60470,30782,57506,15794,55046,21445,60471,27688,57254,15113,54962,21361,60470,29700,57339
486,55382,21781,60470,27072,56918,17135,55635,22033,60470,23962,56666,17422,55887,22285,60470,24192,56414
487,56727,23125,60470,24806,55574,16152,56979,23377,60469,22957,55322,16410,57315,23713,60470,22496,54986
488,57399,23797,60470,22534,54902,17173,57819,24217,60470,22426,54482,17335,57987,24385,60469,23144,54315
489,58406,24804,60470,22441,53894,15514,58491,24889,60470,21875,53810,16587,59079,25477,60470,21565,53222
490,59583,25981,60470,20548,52717,17606,60256,26654,60470,20936,52045,16827,60424,26821,60469,22446,51878
491,61935,28333,60470,20587,50366,16045,63531,29929,60470,18938,48770,16139,64035,30433,60470,17250,48266
492,64203,30601,60470,21370,48097,16332,12,31945,60469,20646,46754,15935,2448,34381,60469,19534,44318
493,4296,36229,60469,19195,42469,15322,5976,37910,60470,19230,40789,15185,7488,39422,60470,16238,39277
494,8916,40850,60470,19124,37849,15896,10512,42446,60470,18963,36253,15225,11940,43874,60470,19576,34825
495,14544,46477,60469,19713,64024,16165,33731,129,16897,48830,60470,19836,57740,15473,37662,4060,19081
496,60470,19815,57475,16137,35743,2141,22441,49348,60470,19952,51163,16026,38694,5092,24962,47783,60469
497,49303,14575,38035,4433,27145,45893,60470,20006,45298,14735,39856,6254,29077,45296,60470,20253,41991
498,41231,7629,31429,44018,60470,20040,38427,15125,42443,8841,33865,43749,60470,19153,36404,15442,42029
499,34454,42754,60470,15777,35250,15988,42595,8993,35126,42316,60470,18642,32297,16349,44876,11274,36722
