roll,pitch,yaw
0,-993.0216674804688,-5.63053563702629e-29,-0.6260172128677368
1,-2.0059866360729377e+34,-1.387904562535648e-29,4.482781920886784e+16
2,7.989267210678253e-25,-2.241677684677768e-25,-1.993512486844327e+32
3,1.433407703643752e-08,-1.413973850268591e-23,-1.9260582143307976e-30
4,4018265.75,-3.740162917060825e-15,2.1546709762807013e-15
5,1.2094929569397559e+30,-0.0648207738995552,-0.03741709142923355
6,-2.9281070204013852e-33,-1096815872.0,167412087390208.0
7,-2.0519897889936514e-19,-1.2750898763749555e+30,-1.1625835844899603e+28
8,-3.5949944958701963e-06,-1.2565170734503522e+30,-1.7545476463530058e-36
9,-3.5800728710455587e-06,4411301048614912.0,4.905525354447365e-22
10,-256899563520.0,-271308017369088.0,-5.44862473361718e-07
11,-7.0320533143653e+22,7.511197312771269e-31,148746.65625
12,7.5180283530659315e-28,-1.2996911592978162e-17,-1.6516800340581312e+20
13,7.850095474422035e-22,1.2533449527132712e-20,2.885383834896148e+33
14,4.885646564506775e-23,3904944640.0,2.720576468233786e-32
15,3.113579921225446e-21,-5.326062790800279e-08,-1.84309613357131e-21
16,3.2509524738687625e-15,1.0869494306942325e-32,3.1436776792848065e-11
17,1.884211405193172e-25,56768.828125,-0.1330668032169342
18,1.229559955810677e-20,-2.6324785841896653e+26,145234755584.0
19,1.868065148096528e-25,3602964480.0,-6.293044771215141e+23
20,7.801313030940474e-19,6.839236441167595e+34,6.867352931480657e+35
21,2.89362114866438e-27,2.6837799268387536e+35,2.527983473795062e-32
22,-1.1253117497846667e+30,2.6966283859168687e-21,-4.276868088907064e-22
23,-3706976.0,-1.6919586518981218e-19,1.139181251500615e-13
24,-1.3111510099861334e-08,5.920762547822834e-34,9.797386308172168e+27
25,-1.9917948583872414e-13,-2.265780966069658e-36,-6.0247060949717754e-33
26,-7.213818419960196e-25,-1.3282292663320576e+16,-4.289216555613759e-16
27,1.8464442721900561e+37,1.3384795949079986e+19,-8003797.0
28,6.687063247050386e+25,-47645692.0,-8.900793832245016e+21
29,220.25567626953125,-2.307362965325358e+35,-3.8659327429473555e+34
30,4.8684719585823447e-14,1.4517679763571781e+37,1.4909881331755278e-27
31,4.513395725107463e-23,2.0276916890280374e+23,1.6573871181729816e-12
32,4.0861463591810416e-35,-3.8142513453243154e-11,1886261.25
33,-4.263549817874768e+30,-8.51749527673955e-24,8.187778318536278e+18
34,-3680920403968.0,10.109386444091797,8.675503147569792e+27
35,-4.735205893298573e-14,-9.182258509099483e-09,-3.4089961536840975e-31
36,2.8213900641665586e+38,1.2856137162937035e+37,-5.915854293094507e-18
37,5.946289020521677e+16,3.213483911786567e-20,-0.10510571300983429
38,4.780678977689412e-11,-158649319424.0,-445134144.0
39,-4.2239151679537407e+33,3.370305279304375e-08,-4.712037482621829e+17
40,-13908754432.0,-1.9533375974654585e-15,-7086919385088.0
41,-4.689730548346205e-11,6.352723450435805e+20,-7.678813473426524e+24
42,1.6652263090990868e+34,0.0005140422144904733,-5.0771054546817886e+32
43,1.8577138438669039e-10,1.7436973371069575e-21,1.2511744179883402e-27
44,-6.409683108548569e+31,9.686291560079024e-35,0.005958755500614643
45,-1.7046927096874636e-19,2.25854160666991e+18,-1.8079714395668084e-35
46,53755555840.0,2.2573997583469065e+21,-2.2561132936971262e-05
47,9.368976244514311e-36,1.5867485785080322e+38,-95363.328125
48,-4.485115751018398e-11,1.2989879478648832e+17,-25186581610496.0
49,13170536448.0,1896200929280.0,2.924828937337918e+34
50,-9.849971670458704e+32,1.6464629173278809,-2.480589715066061e+16
51,-3242326272.0,-3.2594221442060644e-25,5677269.0
52,9.748582833816182e+32,-107614591516672.0,0.08313305675983429
53,2.3021599520083634e-33,2.8028162038333317e-37,4.867804825892108e-09
54,-1.3637431835305705e+19,-1.9081492884709206e+36,4.559033712884814e-15
55,-1.3890746190574507e+22,23263.9453125,3.71832173778218e+20
56,8.433334586829701e+17,-1.6117618861797236e+21,-2.896858863898899e-10
57,-8.298166812063826e+17,-1.3183454275131226,-4.6866089178365655e-06
58,-3.467314063189871e+27,-1.0902105168026441e-21,7.40320683689788e-05
59,-5.392898605428844e+28,-5201860.0,-2.4021840121675196e-28
60,3.3524555676433085e+30,-1.7137848432047242e-11,6.628320125840609e-14
61,1.3562857443166674e+37,-0.004386883694678545,1.3083542407453082e+18
62,-38.81387710571289,-313905939218432.0,1.0350522661184414e-09
63,1.0610894138456932e+19,-5.353986444716073e-38,-1.3731751105062853e-29
64,-6.434441946843886e+23,-18.593734741210938,-5.635436766814e-23
65,1.6372056105862645e+35,1.0816557321482947e+38,4.916297112323753e+21
66,-0.0017871875315904617,-7.533999144526903e+27,-1.3152545368769756e-26
67,-1.279320347723694e+17,2.6427212887374907e-17,3.1462792788459405e-30
68,-3.759574001812451e-22,0.002300294814631343,-2.795119704979538e+17
69,-7893750272.0,-2.268387134062807e+20,-2.928093612418946e-33
70,-132205625344.0,-4.517176122072367e+18,4.6079125820948244e-32
71,33601.38671875,2.626317377517588e-22,-3.314774236345963e-12
72,-8.7035493850708,1.980874403406014e+36,-1.6696170764039444e-37
73,2512651026432.0,9.076378297634123e+33,-6.530339255437307e+22
74,-2.379012107849121,-0.00048590207006782293,6.663917911817216e-31
75,-8.687448666906535e-18,-3.223198791202364e-11,-1.6507427220597365e-28
76,-5.085274813054955e+25,2.241849067496915e-12,-51777.6640625
77,1.0018952681378757e-11,-2.322927943154447e+38,0.0029793777503073215
78,-2.3555925027467226e-24,4.201378709587896e-17,2.4783191452237507e-21
79,-12566656000.0,-4.153947920686549e+27,-2.2190879895439122e+29
80,1.748547140412171e-10,5.323663398678659e-14,0.042298950254917145
81,2.462501428452446e+32,-7.964187140674121e+25,3.201983722692142e-32
82,1.5560679782241703e-28,-2.1123083368130576e-37,3.0611259082718475e+27
83,9.456770907399267e+23,332338331648.0,-1.242892639120224e-22
84,6.854033663241529e+37,1.1432191930854478e-15,2.687149314893069e+24
85,14792350760960.0,-2.9604734669666333e-19,2166890.5
86,7.202481583565096e-28,1669100392677376.0,-483845.3125
87,1.7875380270284405e+22,1784614223872.0,1.2353191154264724e-33
88,3.355699315912164e+35,-2.3756393121715158e-23,1428098908160.0
89,-274.513427734375,5.918710914140072e-36,-8.057586334656417e+31
90,-3.546876906900326e+29,9043589120.0,-2.632613555242399e-18
91,-9.87692021582745e-22,-6.712529050816797e-36,-3.172377915916513e-08
92,1.2207553386688232,-613412.0625,-5.2568704407982985e-20
93,82.12799835205078,3.5870181824826375e-11,141560679235584.0
94,1.0547795298584851e-33,-3.225608589201344e+27,-5.108306311105067e-34
95,-3.4693104566940747e-07,2.6488037292438094e-06,-5.893830433042283e+21
96,-1.1584862423784185e+23,-0.0007124297553673387,1.3586990024887797e-33
97,-1.536722493256093e-06,5.64234051061159e+19,0.0005445728311315179
98,3.5099688050468496e-25,-13606962176.0,-1.420952828228612e-19
99,-3.7762044518719583e-22,1.547763230347496e+22,-2.4455508508007675e-27
100,-4.4751408267984516e-07,-3.9616023897405485e+21,1.1462332827187943e+36
101,3.9496232750384496e+31,-7.068481151972606e-25,6.86113552292905e+16
102,9.923486479772615e+27,-2.7452478295414907e+29,-0.004051406867802143
103,6.83774061909443e-24,0.0551169291138649,4.2129686406156e-09
104,1.0749085668755323e-28,-0.003490626346319914,-0.019013244658708572
105,-4.6276644917233305e+37,0.22730602324008942,-1.177770771534914e-12
106,0.0001375754945911467,7.987866557501676e-19,-1.774687128077693e-26
107,-9488.564453125,15216.7490234375,-1.076577926282918e+20
108,-3.4030446510865606e-14,1005626176.0,-8.870970635583425e-14
109,-0.6181976795196533,-967.03466796875,112069968.0
110,-5.298058532675119e+34,1.8493635697144921e+25,8.772861276980584e-32
111,8.34515375479265e-30,1.2812562148923165e+36,-1918.052001953125
112,-5.236423744646117e+25,-3.605398202211063e-09,0.12292797863483429
113,-1.995782138930135e+17,1.9629627137760179e+31,-8917067235328.0
114,725.0408325195312,-2.0901468551688983e-19,2.467443985792769e+21
115,1.5241539897919373e-22,-4.6222472604544095e-35,146845368320.0
116,0.18189390003681183,4.515020193075554e+21,-7.522216708795948e-18
117,3141701632.0,-4.4781526006259924e+21,-2401065500672.0
118,1.694037271571247e-10,-1.079773263753642e+18,595971407872.0
119,201495957995520.0,58.93991470336914,-2.5953910218486155e-32
120,8.174672975562025e+20,-1.6805819268880279e+22,-31.844562530517578
121,-5.404002942142602e-28,-7.304336004205682e-22,120.87825012207031
122,3.8943351654552316e-08,-1.1866018489515608e-14,1.3562429949679514e+23
123,-1.3245239177190744e+34,-2.6096628080359038e-27,469776007168.0
124,1.2554229483599361e+28,-1.5758252509292883e-28,7.705236908913784e-38
125,9.386625698937223e-09,-9.77407743521274e+32,1.9881960783922152e+30
126,-2.77894581316876e-39,0.18238116800785065,0.005790908820927143
127,-10600615772160.0,715.04345703125,-5.1151873847743445e-09
128,7.768173657810026e-24,-9.536050768477189e-12,-2.414171974955155e+25
129,-7.024403559846051e+26,3.6498896349712595e-08,-1.6570595590126302e-11
130,-3.0847950630989005e-17,-2.2462522983551025,-18383353413632.0
131,-34.815101623535156,4.392608751179132e-22,-2.9710137848327052e+26
132,-3.835403218347622e+16,0.47608909010887146,-8.140214058371953e-10
133,558938816.0,5.11331137051647e+20,-1.422291931419038e+22
134,-1.1480554462824089e-13,1.91395826910808e-32,-3.130919912307814e-29
135,7.370681842644444e-09,4.436711272032421e-27,2161662677221376.0
136,0.007606729865074158,320351776.0,-2.990300828412439e-22
137,1.5734992578982392e+32,-5.179746037296456e+30,-5.939808378225414e-14
138,2183675592572928.0,59259219968.0,2.2047854761672317e+23
139,-5.952469028377869e-33,9.410367732127668e-21,5.4713487465711935e+35
140,4.1717388533464083e-19,-3.165173620800488e-05,1222595840.0
141,1.4359247328150549e+23,7.764872078652729e-11,2.9450489745706303e+37
142,6.236352902429645e-24,3.3003903610051566e-08,3.8393329497369673e+24
143,-2.2499379439260176e-35,-21642579968.0,4.2975288293313454e-24
144,2.3595681165398175e+30,6.32112037067417e-20,-30501326848.0
145,-1.7262493656744482e-09,9.793468965655475e-32,154213652889600.0
146,-2.2846871468383517e-32,1.4219726984337785e-28,9.790450349100865e-06
147,-7.38297176361084,-1.1644115507823921e+36,-1.306090731132787e+19
148,1981854336.0,-277359680.0,-2.5494805109689796e-24
149,-3.7274645551489862e-28,nan,233378490089472.0
150,9.85408187220596e-23,-0.3344852924346924,250970676133888.0
151,0.00045824877452105284,6088.15380859375,-7.350326686428416e-34
152,-4.4066084115002013e-10,-5.486060943565932e-21,1.3364808881051102e-23
153,-4.0583674242331136e+37,-8.59803980896804e+27,4.1955156326293945
154,1.0722997052153564e-16,29.15688705444336,17.157062530517578
155,8769939892600832.0,6.723921177058823e-15,-3.615305443741029e+35
156,2.6708534299517807e-20,1.9785760641098022,1162.052001953125
157,nan,-2.682557572464563e+33,5231493513216.0
158,-0.00197236449457705,-6.753193739638933e-33,-2.555211241564856e+31
159,-6.655708797390441e+32,40753036263424.0,6.987553789686368e+33
160,-529.0371704101562,2.2447563807759252e-09,-1.7999306770447653e-26
161,6.293055579854247e+23,0.0006075305282138288,1.2113022126914604e+38
162,-1.5116285145146982e+17,-163.25830078125,-0.005653579719364643
163,-1.2102447407950911e-13,-42.065032958984375,5.156912772354654e-18
164,1.0446554883795373e+25,3.219012385502254e-38,-2.762064691776717e+16
165,-0.0001328079670201987,2.637682294803767e-09,1.2580967994862018e+29
166,-7.972783891418977e-12,5.368616651072104e+19,-3.0733234893520743e+22
167,6.68907656098545e-36,-9.836234051997516e-24,3.2857366372433144e-31
168,6.606724358357176e+20,8.958580785701202e+20,-1.2765530605695262e+23
169,36.06536102294922,-4.277391644797844e-17,121087291555840.0
170,1.8774613442943254e-24,4.364094400499937e-17,3.295153114652053e-37
171,-4.088688606707712e+16,-1.0357123982340418e+33,3.6010229867531453e+31
172,1.1344462056410083e-31,0.01277209259569645,-1894453.25
173,-652051130351616.0,-4.0109787185898003e-35,1898.052001953125
174,-41303266033664.0,-3.3947043418884277,-6.289338325886465e+35
175,1.289700978507526e-19,4.7978050479961906e-17,1.56083600172294e+32
176,-2.1637205915858715e-12,1.7276460291478763e-31,0.007576187141239643
177,-1.9217655060684873e-27,-4.0759514516946944e+18,33454641152.0
178,40871440384.0,2.8381001326956296e+29,1.0350366258366258e-22
179,-5.672067118211999e-07,-3.3798002174734165e-09,-9.720015055716831e+27
180,-2.113038459890205e-15,-6.621951800691917e+16,-4.093095730508254e+34
181,1.2063213098288514e+31,4.2921085657677824e+18,-8298709.0
182,-9.075384696188848e-06,-7.614114141965871e+31,-3.735963496210411e-37
183,-7.687233817224989e-27,2.8719119755929377e+23,2.8228142073165666e-14
184,-3.047625471079802e+33,-2.0287369402396706e-22,3.8880060222867325e+28
185,0.009049145504832268,2.2488209905358048e-10,-8461308919808.0
186,2.857321562101388e+30,-7.804243839897975e+31,-1.1094682861312322e-07
187,2.844773830877411e+33,-1.1582113967003593e+24,7.1642656326293945
188,3.098165821113774e-11,-1.1534792303847005e+24,nan
189,2309135479603200.0,-7.179736254065959e+22,3.088080884611042e+22
190,4.0768569282489243e+34,3.2201984192489526e+38,7.282793626587024e-38
191,-2.2597079905157225e+24,2.9045649233303887e+26,-101845838069760.0
192,2.7210124244447798e-05,0.057680580765008926,6.479569373740969e-35
193,-8.529814927126037e-29,965783360.0,345810701123584.0
194,1796669377085440.0,6.3773926210821685e+19,2.5092195031842235e-13
195,-6216.2392578125,-3.9169904625319667e-38,-8.21547061006005e-25
196,4.809562639483357e+35,-1.566776356975828e-34,-1.2242617185844329e-20
197,1.3057534715699148e-06,-1.0262037293267483e-26,-2.5308705613890787e-33
198,6.822910052174605e+36,-2.31878421728289e-36,-51747552755712.0
199,-5.967532333169626e+27,-0.011429497972130775,168198.65625
200,5.395883184842623e+21,-11761587200.0,-4.394160353620113e-28
201,-5.185329030573552e+24,-660523.4375,-1810.020751953125
202,2.113534286307906e+34,-1.82745455083919e-30,1.8718499550770602e+36
203,0.00023294176207855344,0.0020944143179804087,-71435600.0
204,-2.6596027833145217e-36,-6.597748065984586e-21,-772811392.0
205,1.1236746981727807e-20,-8.566824938182072e+30,-4.2724375366819565e-27
206,1.0559813561867868e-23,-4.5371870037142626e+29,8.894761510528794e-33
207,-1.4628706025515436e+22,-9.360206492729834e-37,-4.584770871598348e+36
208,-3.7684303194426827e+30,304031574523904.0,2.9363280454455656e+19
209,0.002704684855416417,-1.4201251360645983e-05,-9712.166015625
210,-4.847941251999542e+22,3417361327587328.0,-7.036686902927214e+37
211,8.579055746618198e-18,-2.070074556215218e-09,-2.424321056302911e-16
212,4.7120825853799e+28,1655876993679360.0,-2.5541531555525334e-34
213,-2.526599930181583e+18,7.623822751780202e+19,-412872320483328.0
214,-1.4541290206770128e+20,12936509652992.0,1818615049355264.0
215,2.4325996348651183e+36,-8.397666209483409e-35,-30752322355200.0
216,2.1237268173496083e-38,-3.0321482941833607e-29,-1.0874660286592917e-16
217,-1.5267468020379997e-24,14512.072265625,-4.677437017830452e+37
218,1.1061775107013005e-10,5.0902142376150355e+20,-3.7612080632243305e-05
219,-2.669885900053732e-17,2.1276004220046273e-21,-1.4290082769446552e-22
220,-2.564956378527807e-20,-9.257106409900696e-30,-8.583208047966182e+23
221,-1.0580584666871826e-13,6.680630292349709e-25,-1.6853762851466725e-13
222,1.5900959873890189e+38,-0.0008688151719979942,1.1033202143248023e-14
223,-3.7950892116064377e+28,2.062986822949609e-28,3.1405165827891324e-06
224,-1.0567737042361613e+34,2.372344512391335e+22,-3.6055703163146973
225,-8.10567257758521e-09,2.140012308798813e-14,4060.10400390625
226,-4.032301269568717e+16,-8.67396322418839e-26,1202922897539072.0
227,8.313690014194464e-12,-2.078447924232061e+18,9.809082002880982e-19
228,3.451818741950774e-08,8.882299237425266e+21,-1.4049654217238398e+24
229,-1.1112417894283117e-37,-1.545915025200163e+29,-2.3792665994076753e+28
230,-7.973813191344795e+32,-7.546471260388987e-12,5.0236406326293945
231,-3.1827206028916296e-32,7.684870195725925e-18,-90063585280.0
232,2.2522120839022827e-24,-9.360093116760254,-1.7847845476645218e-26
233,-3.4278781322983254e-35,7.811978154390978e+29,1.1179812693273916e-33
234,6.061163818293179e+31,-2.0795486649133727e-27,-1.5059101581573486
235,-0.01222255639731884,-9.59277188933294e-12,-1.923585127030933e-32
236,-6.294152671134993e+25,0.16870953142642975,1818649409093632.0
237,0.21118596196174622,2.4669019319569765e-15,-1793119488.0
238,1.1104698430551216e+30,-5.766825995470797e-28,-454157.3125
239,-2.875207732939382e+29,6.83067213902433e-10,-7894373236736.0
240,8.015553306384752e-22,2.1590149479949926e+17,1.370572909957664e+20
241,4.671751934032512e+21,-1.081131847458297e-14,-2.248256888153391e+21
242,-3.407562071094002e+35,3.632300424442194e-38,0.12243969738483429
243,-1.3337260467141585e-29,2.3481435949257116e-36,-8787726434304.0
244,4.05285138782574e-09,1.018626427590749e-26,-0.5107828378677368
245,315020214796288.0,1.0534073819391412e-23,1.6221193886553847e-33
246,3.4185378693676584e+20,-1.622288747627017e+31,-0.5381265878677368
247,4.384267254797791e-12,-7.173421974529775e-16,-3.00189337291749e-20
248,5128.15966796875,-6.713138264177735e-25,1.9754218672914687e-18
249,6.557575395372902e-29,224152698880.0,3.0896327652555614e+36
250,-7.426989360573128e-17,-1.6539645383822316e+31,-151.76040649414062
251,-24224420855808.0,1.0143325183336167e+27,-2.85482561134067e+21
252,-5.1516469042056645e-12,7.277515441604632e-16,-2.4650063514709473
253,-5.550910373131046e-06,-4.6354125372112184e-14,-2.0290815966506496e-27
254,5.336185171441214e-15,-53186.296875,3.307115072162013e-26
255,3.186835354531186e-25,-1.7102787152939967e-22,5.484551783234484e-22
256,-1.263784155409724e-27,6.67734706082212e+34,8.257575366664097e+29
257,2.2036953440610938e-17,-1.057979447930905e+36,2.126615799868291e+32
258,-1.5218279258988332e-06,3.652612262088147e+18,0.002575079444795847
259,-4.621965490074419e+17,1.516894903678113e+25,-3.659407987009682e-17
260,1.15549231741141e+17,3.632302666519737e-38,-5.04835609921313e-34
261,1.149847613692969e+17,-3.712419810144055e-32,-1.5075821147014778e-10
262,-7.716596440514748e+24,3.382347631056388e+18,-40.940101623535156
263,-1.1889745788425522e+20,3.7958044696879514e+36,7.330077060376822e+17
264,-6.539279460906982,2.7931432723999023,1.9097298047082475e+23
265,3.510067467754957e+37,-4.2022782945466204e-39,-7.511898212757384e-36
266,2.0822792191464492e+30,6.249572948036075e-07,-2.0614718152853093e-21
267,2.914799827676037e+19,-1.2340537054530651e+31,-1.243108996529711e-19
268,-4.899595685023609e+32,1.607311108740219e+17,-1.131255568168243e-22
269,-1.1182124981923508e-36,-2.011887311935425,2229266808832.0
270,102680576000.0,3.4643602363575488e+22,-2046005.25
271,-1.981678528855051e-26,1824819.75,-133550129152.0
272,5.198935386271898e+35,1.3489820961385654e-27,3.486862756806656e+16
273,-4.933379195632918e+29,3.633544021219848e-10,-9.456726490760726e-29
274,1.1371044580952428e+20,-8.619143045507371e-05,-7288.2080078125
275,-103216971776.0,-1.6778564632250115e-17,-0.00040007877396419644
276,-1.1932239042132121e+32,3.191364352523155e+32,4.952321884813747e+35
277,99995557888.0,819282968576.0,7.27417073059392e-20
278,3.005935550067794e+34,3.842540652213099e-37,2.2445550386046336e-37
279,-95363.5234375,0.019378935918211937,-1.5183021533820076e-14
280,1.216569356510653e-24,9683007.0,1018906.625
281,2.203223559149592e-08,152313.0,-6.751700184321822e+22
282,7.5042151020223e-29,0.006324659567326307,-7.310114571642704e-19
283,-4.939282117686337e+35,-2.6315859073553557e+20,7.034529217608159e-16
284,6451074560.0,3.204808187921663e+31,-1.576486339424475e-16
285,6365395.0,1.773909886858038e+23,-5.839634695803397e-07
286,413674400.0,1.4357794470429196e+19,-6.226282303534356e+26
287,-5.691648975042485e-12,-3.2466979958684116e+38,-3.0228534532864213e+19
288,0.00038768077502027154,2.275798019721261e+34,-5784.0830078125
289,3.3304439526178985e+34,-20480712.0,6.035282363435298e+24
290,2.312116698186678e-14,1.7874585278740624e+33,2.414755617685671e-10
291,2.2473514966088355e-20,0.001535448245704174,1.0331438829447315e-11
292,-3.347341945181209e-31,3.3327303546588103e+19,7.593878867742654e-13
293,1.4837814781454619e+38,-2203472887808.0,-1.3564020782476912e+27
294,1.4067255624538955e-30,3.224883766961284e-05,1.6670601548095286e-15
295,512933515755520.0,588291392.0,4.951842364097255e+31
296,-1.4745292050839018e-30,1.1814918921509987e-25,-4.569361777839731e-08
297,126595.4375,3.447450183939778e-14,2.0550055704080767e+22
298,-6.145018309120421e-33,5.092486970982601e-31,-1.216553875115388e-24
299,-2.4213057335102653e+21,3.9394303791295826e-11,4.0983292106205296e-16
300,-2.554986752285848e+24,-3.292457801133832e-38,1.227964399001108e-13
301,-1.1033185330386277e+31,-1.3522319089958302e+22,-3.1622437916366343e+36
302,-2.771027393454303e+27,1.6720763770967928e-13,1.2267564442377167e+22
303,-1.2180974155828068e-22,1.6849269384033188e-16,200393141256192.0
304,5.502773792187554e-10,-6.470689753567109e-25,-2.6503727126347805e-21
305,10531988570112.0,-6.203646488348948e+25,1.2471369714717184e-08
306,-5.006068091488955e+34,2.5418750025949113e+26,897.0260009765625
307,-5.551505435907877e-13,1.8148460254156775e-19,-0.0002205433847848326
308,2.248994610334898e-12,-4.1842367939412276e-32,-261965792411648.0
309,-8.217289901296201e+35,-4.664197147491188e-20,67140715544576.0
310,39.81512451171875,1.1592392194208109e+36,4.4541771294577787e+18
311,9.052905994288984e-12,4.1557490198177934e-38,-2.1028143507683237e-19
312,-4.671009684518926e+22,0.222911536693573,-2.9182411359189914e-36
313,10620588032.0,1.3724486962019e-05,1.135657659122764e+21
314,2.0195860748530163e-24,-1.3724636119150091e-05,2.0011703970978076e-19
315,-0.5986767411231995,7.472434141785261e-25,7.107841867580394e-28
316,1.1652660218274775e-31,2.730219724116607e+23,0.0002033772470895201
317,-5.35734456796888e-10,59202.05859375,1.4285886409972646e+19
318,1.6957666509947713e-36,-6.9591568726550185e+25,-8.925869559747064e+29
319,-35650.375,1.2482354793952813e-17,-7.950559297210318e-30
320,0.032534390687942505,6.6785665086121575e-37,568037343232.0
321,-1.1699958690769563e-07,-4.382471850750259e+30,-7.886189467902385e-26
322,6.133581304354798e+35,-2.56604503348493e+26,5.1792480081167686e-14
323,2.1182891773102078e-35,-1.0306527825509775e+33,0.0015125174541026354
324,-1755199.75,-12560.5732421875,0.061705268919467926
325,-1.282729046790175e-27,-1.3317939818135552e+16,-1.7868011791563696e-15
326,-5.914269924163818,8.813539248029645e+26,1.147303687383679e+18
327,3.968929113015583e+17,-2772.165283203125,1.4902546405792236
328,-2.7008113429549084e-22,-4.882785883189888e-34,-2.432141524818108e+24
329,-1.4979496088232692e+30,-5.178501623859472e-16,-8.616257380411855e-21
330,-4970048644972544.0,-6.82882912245611e-27,-4.044934257587555e+36
331,-2.0531442940219255e-31,-5.696447163969848e+23,-3.270637538577148e-09
332,-1.1502896157340163e-38,-3.508967533271251e+34,-15984.416015625
333,-16304072294400.0,107613464.0,74083169468416.0
334,222.2560577392578,4.769323776713917e+26,311725840662528.0
335,-6.854034677362009e+37,2.7634215666134744e+22,5.729891964848752e-32
336,3092.103271484375,361244704.0,-5103829.0
337,-3.548628778289179e-32,-1.1738810539245605,20.594562530517578
338,45633.66796875,-2.088253113297465e-25,-2.9795003312512694e-16
339,2724.095703125,-1.1202812003630316e-35,1.038881337540528e-36
340,3.7731329939560965e-05,1008274040160256.0,6324619589976064.0
341,1.628574808751116e+20,1.843729711329799e+34,5.194252146456524e-12
342,-0.00012075998529326171,-4.8906469423282833e-14,3.0730835131530975e-22
343,6.934008034420458e-09,3491918249984.0,23.594562530517578
344,-2.5380742646463617e-11,6.09655386003729e-22,-1.2090629601596063e+32
345,-1.2788461676333603e-21,-8.683666578971621e+32,7.148353145242609e+21
346,-9.082076433610586e+25,1.965105865022281e-33,5.333095625383549e-18
347,1.1326138811551534e-11,-2576450.25,7.337894924281819e-38
348,27796975910912.0,2.983019626861365e-29,-25952.83203125
349,-288.4895324707031,-2.637916082009497e-35,27750387712.0
350,-5.613833521516372e+25,7.3414803125615435e-09,-3.907019276994106e-07
351,3.4827876742592264e-28,-1.6025365479066522e-09,0.00010192704212386161
352,6.082223505400942e-28,3.057542777798692e-25,3.7774731302006007e-16
353,1.4313331079643142e-26,6.906458497727799e-17,1860228352.0
354,-0.023285383358597755,3.515235067886782e-27,-0.006889541633427143
355,-3.8734305506706416e-25,-3.0576730168852514e-27,-5.663935023843887e-30
356,3.2231248919822875e-11,0.0031166363041847944,2.3051087284492726e+30
357,-6.025895231687173e-07,1.3645365017783729e+37,-1.0978267539485387e-07
358,-0.18042422831058502,-1.55018953519745e+38,2002834688.0
359,-220992096.0,-5.841833702967302e-23,-8078447616.0
360,-15.047264099121094,1.709189593924769e+20,1.58170181092409e-24
361,7.768034696879302e+19,8.123572550872892e+28,-123.87825012207031
362,307771616.0,-4.753333696228968e+27,-1.6275027355935489e+35
363,-2.3435504856332585e-34,-434845373169664.0,-2.4348394672076664e+27
364,1.1016360352609e+38,2.3127788746635236e-12,-5.82816809121271e+20
365,-1.6810042743535776e-35,-2.6488033798370256e+20,8581764096.0
366,98691.734375,-0.005241349805146456,-8438442.0
367,-28141691076608.0,-1.3403730751327465e+26,1.056274151772521e-25
368,5.1180325700040864e+23,1.9172248233445544e-09,1.1983539160986822e-10
369,2.1418068129466419e-35,1.5134726530225484e-36,7.727672723945034e-09
370,-8.733767000433384e-38,-3.992357659743373e-13,6.468256362116597e+26
371,-6.584528928158293e-21,-98174.109375,1.870176326220505e-15
372,2142357.75,3.0095009830407574e-28,-148170633904128.0
373,0.13355563580989838,-7.621836630278267e-06,-8.485025405883789
374,-4.473146111016836e-28,-2.1138549592008326e+32,-1.0288709456001407e-34
375,-1.883919354094917e-24,-1.3940787504288613e-37,0.1345316469669342
376,-1.9065436321294515e-39,-1.5222795101179031e+28,3.905758218629939e+16
377,2470060.75,-779.0098876953125,-150066593792.0
378,1.846730481465411e+26,6.538156430194738e+37,8.058146164224844e-12
379,3.2142551788513485e+36,2.4172761152256774e+23,4.5242578745280845e+31
380,-3.0128004563131165e+27,-1.0965901741441046e-32,-4.536278576076336e-28
381,10096.662109375,5.1669605587207934e+33,-0.00013805428170599043
382,698240013959168.0,-2.2513593502297126e+34,-0.008896509185433388
383,5.285953715316815e-22,5.35928355657089e+18,-3.417031990693431e-08
384,-0.00015140687173698097,-3.567685980522403e-36,152330.65625
385,1.2824393407042206e-25,1.421165933822168e-38,2.973224768461387e-29
386,-4.636154939199622e-37,-6.268978376113256e-32,7.306997780986114e-33
387,-1.7649692220535603e+17,-1.710845374666319e+30,-6.834681101366067e+17
388,5.277398866403363e-19,-6570787251159040.0,1.8467599962559288e+26
389,3.1726977892240665e+36,-0.00615702522918582,-1.8034765588436804e+23
390,-2495762176.0,-3.354082989580635e+28,-4.968266688680694e-25
391,626029690880.0,6.586775395944766e-12,1.1974006480948617e+28
392,2.0287183391531904e-12,-120.87561798095703,-2.01315606961456e-24
393,-0.0021173155400902033,1.1448351988629923e-10,-3.0321872464648223e+27
394,-6.594832510147073e-30,-3.165177986375056e-05,5.379011800800908e-19
395,3.0369068554136902e-05,4.085868331894676e+19,2.2171210214158663e-15
396,-2.4212604618699356e+33,-3.2906538477837474e-17,-159.76040649414062
397,1.3092498811171468e-36,-3.0901451454569866e+27,-2761842753536.0
398,nan,1.2083011433247151e+22,7.330077060376822e+17
399,1629978099712.0,4.867665168747475e-34,2.232919883256776e-18
400,1.8291406111293888e-20,4.8514023135941685e+28,-2.4700225367269013e-06
401,-2.5048775860509813e+37,-7.417628358486392e-36,-2.05548070659362e-30
402,-1.2609736669067384e-29,7.699817314235487e-36,8.71061831626052e+35
403,-2.350382198030336e+17,-3.268944691037863e-29,-6.286815050771111e-07
404,11258016768.0,1.8437375478726656e+17,8.866387222016565e+35
405,-138.75682067871094,8.295012728722694e+35,1.6089566656773968e-07
406,-486943064064.0,-1.9532829644223956e-27,-8.205603196777347e+23
407,-4.234657724520879e-27,-5.438512151304572e-16,-715818.625
408,0.0007543705869466066,1.3285498225208344e+34,737192576.0
409,-1.281511660105603e+31,3.4070013679826165e-29,-9.812173656594848e-15
410,5.9698547114335004e-18,0.6982632875442505,2.7931313514709473
411,-1.8096479990390532e+22,-3049350912.0,8.243868672774248e+20
412,8.271223875082334e-14,-2.323311920074626e-24,-1.3116402900143958e+22
413,-7976.11083984375,3.4812312526430235e+30,3.3433016581397724e-35
414,5.757367360637033e-10,9.073904002118802e+35,181002.65625
415,50661192.0,2.777446985244751,0.00016857185983099043
416,-4.2927089551300685e+24,9.2268653555989e-27,9.4105575636159e-21
417,8.656887361006597e+37,1.611163735936168e-16,-1.2808987207171834e+19
418,6.049047267929688e-23,-6.028124757675389e+34,-46598824.0
419,21777381376.0,0.045350268483161926,12215602118656.0
420,-3.053663376282916e-19,9.317529790999439e+32,-2.178740223034403e-30
421,-8.241062638332003e-23,-3.560465157554931e+30,2.3394045011031266e-21
422,2.2768960131149852e+36,2.2466752522242664e-21,1.3116402900143958e+22
423,2.3042527523005876e+27,-2641536483328.0,9.025094149417204e-27
424,132778864.0,-7.773746923955827e-12,0.6943765878677368
425,0.032534122467041016,1.0249639000344058e+37,-3.3997006956276696e+27
426,-1.0551936390695355e-34,1.1397229116028029e-07,-1.4538560070639239e-22
427,-1.9245455567032476e+35,34192211968.0,1.0535741239436902e-05
428,2.144824114044113e-18,-2.8747511891241145e-20,3053900529664.0
429,45701413208064.0,-4.735152506565531e-19,1.3771200789515997e-31
430,2.303000272894763e+38,-6.984982278739763e+32,0.0006819168338552117
431,2.3269352925224756e+35,-1.621015458596766e+32,2.1013184798455806e-36
432,2.462518382066043e+38,-1.4189873798842337e+26,-781798535593984.0
433,1.5516708120594624e+34,-8.578661578105584e+27,8.243868672774248e+20
434,1.3881019694317568e+16,2.3953449697377595e-14,-5.402701773389331e+25
435,7.003394050719463e-39,3.213468078816459e+22,11780778.0
436,2.8631293532165328e-18,-8.705342449667697e+30,-1.486943231566045e-22
437,218.26126098632812,-1.3865104459595595e+32,2.3923440603065204e-21
438,6.941352916323149e-31,1827511205888.0,-8.70329699066686e-33
439,1.9046648970665099e-22,1.902879197585802e+27,12421760548864.0
440,-1.2111000458040972e-23,4.582648604759209e+32,-8.901304187092495e+29
441,-4209135595814912.0,4.10381958726382e+29,9.3336939392847e+35
442,3.1836622934766593e+35,-2.649808109004702e-16,0.1755472719669342
443,7.386410944565618e+22,-6.110807503743803e-23,-1.4520929995762158e-25
444,-1.8679963216092344e-37,318316333760512.0,5.703792715803433e-28
445,-4.845559027940648e+24,275.5054931640625,49687042195456.0
446,-3.111788114621945e-33,3.2392669456873243e-21,-3.806574672809075e-20
447,-4136.267578125,6.402307941234511e-34,-0.0006819168338552117
448,-2.980486103674724e+20,3.603168796963677e+24,-3.2833101247587197e-38
449,-1.8628335016106525e+19,-1.3365974767214135e+28,-2.1517501233618746e-33
450,71061274099712.0,4.882197809902258e+28,-2.256273537354301e-27
451,-1.45813014440499e-11,1.701595741844601e+26,-5.2532961996139515e-37
452,0.0002446327416691929,1.552062790782222e+29,3.3809174773660856e-35
453,7.184891875688448e+16,5.491191144894505e-30,-0.00017143288278020918
454,-3.5848351197242945e-12,-2.990409185267676e-34,-1.4952150376915752e-22
455,-7.867609444947912e+31,-1.6302246743271056e+21,-6.457426824160728e-13
456,-261196431360.0,1.4324034901086956e-32,-5.905307226338421e-25
457,0.014542104676365852,-4.518536408686855e-26,752682.625
458,6.537527346541363e+16,8822291248971776.0,-9.961671596888333e-18
459,242944393216.0,-2.76794023609109e+30,3.9124537912158626e-20
460,-1.6891027448787643e-31,-4.4812519705451506e+30,2.7031696880897016e-09
461,1.0264286387185584e+27,3.135210879409084e-26,1.4796683836947842e+31
462,-3.1915738582611084,2.9329627289747456e+17,-2.605699080034671e-15
463,-3435022501543936.0,-7.337355050930753e-20,2.395113056673199e-27
464,-46.56470489501953,2.3743138655542085e-20,9.008405498865187e+23
465,5.36429913417791e-34,-0.0005273898714222014,-51206856704.0
466,-10.578697204589844,8.377715940092608e-21,1.7859079548543377e-07
467,2.3466122378579257e-09,-731230306304.0,2.3303303241017804e+26
468,-2.135961414111782e-39,191105536.0,0.7607828378677368
469,-8.30045246402733e-06,-1.282025507975959e-08,3.789467587368702e-32
470,4.0272504769499285e-28,-2.2404329062666537e-19,1.49423538442657e+25
471,2.4326579467927288e+36,-2.107698039651251e+19,1.432219668196832e+19
472,2.0914955324260037e+27,-1.1441533276368432e-09,-6.604947419140043e+37
473,-99.1275863647461,-342364320.0,1.4739716378630398e+22
474,4.133368905472273e+20,5.953862611232621e+18,4.0543241215873554e-26
475,-1302369408.0,2.682037527783642e-34,3384977920.0
476,8.818030077047624e-22,-2.7660961304586556e-37,-1.0734046543700744e-20
477,1.1423061819453974e-26,-97.12519836425781,-1.4969950422194703e-37
478,3.050875425338745,4.969572845124514e-24,-208650.65625
479,-1.3828294955127207e-19,23.531538009643555,-2.2941382268996813e+17
480,-4.1069731983424044e-22,-6463523.0,-6.9375524237488205e-19
481,85.12598419189453,103.6263427734375,-1.1154293986622388e-17
482,-0.013199049048125744,28484378296320.0,-227335471104000.0
483,-3.246157228013309e+19,-1.3686988342489505e-15,-9.58125761811819e+20
484,1.7668036513765104e+20,4.772716502403414e+32,-1.898664836463837e-10
485,-1.580312969582374e-15,101603876864.0,-859178.625
486,-3.9023468494415283,-1.3756566805150526e-15,-6.681980238277488e-28
487,-4.23702910252039e+20,-7.862995201768034e+27,1.6151279663880329e+25
488,7837450953031680.0,8.03408825599608e-23,2.7877494599429724e+35
489,-1.1435831123209061e-13,-1.2507607195303403e-15,226241184.0
490,680621454131200.0,-2.6035468952519e+28,-1.2321402578785445e-11
491,12465779712.0,-3.9676420272599234e+29,234892197888.0
492,6.218739690263858e+19,-5781081030656.0,1.7910211955131218e+34
493,3.5034739553907457e-09,-8.213531691581011e-05,-232532640.0
494,-0.000989963999018073,-6.318059947791376e+21,3564.16650390625
495,1.0095821956213058e-09,6.254078563670132e-38,-4.2894700988640366e+27
496,6.034287965954975e+33,1436568448.0,-3.1514049182723713e-12
497,-6.573590865455918e-26,1.0790959875679848e+32,-59528355840.0
498,1.794864402770258e-26,2.0176423277007416e-05,5.3110219596419483e-05
499,-2.1459183388583547e-11,-1.629851570089903e-32,4.4320314624939057e+30
500,-7.833937838557096e+30,1.4524459267601203e+18,-1.7728125849975623e+31
501,-2.178506966748409e-20,9.386774240360603e-25,246027168776192.0
502,472250276904960.0,nan,4.3094686723532554e-32
503,5.3541087404550564e+23,1.953209976646042e+25,240260907008.0
504,9.01858436610682e-35,15760.099609375,-4.226714575284868e+24
505,2.5319791140966824e-26,-1.876105859392026e-25,8.97787543499631e-39
506,-2177019136.0,-1.0917940469219756e-26,-1.831586014720425e+34
507,6.31665948593325e+23,4.726674887933768e-05,-3715242.5
508,8.964246406132287e-40,-9.074262181790211e+29,-7.048843164075266e+28
509,1.2590702948549887e-13,-1.273317062152299e-34,-1.3635182767757215e-05
510,-7.018165594677631e-33,5.159183796615906e+37,-1.1878334611515992e-23
511,-4.860008993189846e+34,-1.1900961168014464e+37,-1.1377366447258527e-29
512,-40307452.0,1.755653892319559e+35,-7.3130689624542975e-28
513,8.351683984604196e-21,-8007.9482421875,7.553507046442599e+34
514,-7.725482398544064e+26,-1.4039315128944691e-24,1.2375172879005951e-20
515,-2666646.5,0.0003361645503900945,-64255571263488.0
516,41.69042205810547,1.7577288180747774e-37,-2.893645418390945e-30
517,-182278258688.0,7184174.5,988850816.0
518,-0.04217759519815445,-4281836240896.0,-1.411201992596034e-05
519,9.30455727617407e-21,-407.4864196777344,-1.122791774581392e+24
520,4.569688942803337e-39,1.6054624739526698e-25,-1.1771796899869032e-29
521,-749770112.0,18143.619140625,15712938.0
522,5.7037782713288505e-28,-4.4427474157864226e+26,-4.4227988576059817e+21
523,-6.73386239213869e-07,2.0731805804429479e-38,-3.5876096262654755e-06
524,3.5648930168686816e-29,4.437888770954081e+34,-15.110025405883789
525,6.236609887613623e-16,-43911993098240.0,-7.693384375098658e+31
526,2.3104244966812568e-24,-2.5089275776006385e+38,4.3911971034187694e+18
527,-6.132536537571264e-16,2.695650703318504e+29,-1.0630914365840152e-38
528,-0.0026666501071304083,7.221949695681549e-37,998442.625
529,1.9338342794317005e+17,6.414601472215509e-08,-62146.6640625
530,-8.672947417861498e-24,-6.426946497822966e-20,260662001664.0
531,-3.307120926989044e-26,1.287129521369934,-2.1561455420572584e-13
532,-2.1651268485889206e-18,-349.50579833984375,1072069605326848.0
533,1.2884275838357533e-22,-23904.33984375,-2.2701956936543866e-07
534,1.2178410002898692e-25,-5.0643550591334115e+32,-15975082.0
535,-2.7879355271453677e-32,1.291273796527527e+23,0.0009298721561208367
536,4.515822419024104e-25,-0.46240609884262085,1.2602117647499892e-23
537,-1.059759605939511e+31,-1.4914253180289e-36,7.163474519700169e-37
538,0.000491175742354244,-1.096630919828947e-25,-4.787604850469714e-29
539,6.0785784430817606e+32,8.367717185819856e-09,1.4188723085339916e-08
540,1808425.75,3.427747669038084e-11,1.2957508030243283e-20
541,-1.266102885036926e+32,-7.630106371639433e-30,16819807059968.0
542,1.7481669453354104e+27,-3.7849928048672155e-05,-8.065355294399931e-22
543,-1.0012299081742648e+29,-0.00015712398453615606,1.0539078869682161e-38
544,0.2846769094467163,5.682958505050983e-22,4.656983548026884e+27
545,2.2509344707911396e-16,-9.251438386798815e-21,1.1592191907247714e-32
546,945172.875,-1.3355382757447476e+25,1.0842884769725809e+18
547,7.048817140440552e-39,745566208.0,-2.9106147175168024e+26
548,44.93901824951172,772038131712.0,990250.625
549,3.138804706733327e+33,12558757003264.0,241.76040649414062
550,-1.59389936882192e+29,3.546643937896565e+24,-1.1322365075471313e+24
551,-429398656.0,-2.3882035362379357e-30,64091758592.0
552,7.206286056771205e-08,-3.0899085998535156,7.6824530736203165e-25
553,0.8466856479644775,3.6664091670899453e+21,1.1449030738928869e+27
554,2.2148921489715576,3.6664184557641767e+21,-3.528004981490085e-06
555,-3.5481146391554864e+26,0.7763972282409668,-7.503236785064424e+31
556,-2.633674512253492e-06,2.6936642407373346e-18,-1.2293303148649552e+36
557,1.478538820405541e-37,-4.786402132594958e-05,-3.445317364736411e-09
558,1.3775693760556443e+35,13807910912.0,15516330.0
559,2587898624.0,-216798320.0,0.05780283361673355
560,-2.6264071297709074e-15,6.043341609011673e+22,1.875809196266106e+31
561,3252.019775390625,-9.527697197210799e+23,-0.003612677101045847
562,-3.99044089496864e+24,-2.5322038357925406e+32,1.2889017462599195e-17
563,-224658560.0,-9.0738461960391e+20,-8.055635914124497e-19
564,0.013137932866811752,-9.149773851456317e+23,-7.0174485911337e+22
565,-0.20727749168872833,-5.765223644286297e+25,-0.05804697424173355
566,-227876133666816.0,-9.29719868102807e+29,1.8837320125175323e+31
567,-0.0007372021209448576,1.05020549548418e-11,2.0139089785311242e-19
568,-3.2372127302165977e-38,-2.2279719953168978e-30,-4067512811520.0
569,2671781376.0,0.17456522583961487,-2.102854836875251e-13
570,2.892924886470885e-26,2.2974167719998412e-24,4.9173212594598207e+36
571,-2.6194808062152146e+36,2.5118581260114015e-12,15152.666015625
572,1.3833084366766954e+32,0.002681816229596734,-3.060345045016051e+35
573,-1.716467136646274e-32,-6.063099423533316e-16,-0.003597418311983347
574,-5.610629345491725e-29,-732976064.0,-7.439286707289659e-28
575,1.3669508335315255e-14,-0.04339703544974327,1.2780597245350645e-17
576,-3.3713595257722773e-06,-49685867790336.0,6.928904219579894e+22
577,-3.952187333244554e+21,-762336192.0,3.0343835607233767e+35
578,-3440202743808.0,-9.024839156292567e-27,9.620723908102249e-39
579,-12367.8359375,-2.0794941386557594e-33,1.908805343968089e-22
580,-6.452779051856691e+16,1.455060593015325e-16,-6.382738013683712e+16
581,-1.4226893740861534e+21,2652.080810546875,-1.5675370057498624e+16
582,-9.408037886205881e-32,-1.4463777112125802e-16,-222986.65625
583,-3.273801224602744e+27,10862870.0,-3.0960713992556066e-09
584,1.6112643604053986e+28,172610043904.0,217852576.0
585,3828.060791015625,-153.75515747070312,-866554347520.0
586,7.270641145143204e+19,-4.502901420409224e+34,-0.003002325538545847
587,3.392867034334952e+38,-2095073024.0,1.116192471783961e-08
588,-2.8476585618396413e-36,481826368.0,-2.171848140894918e-36
589,1.1955444187279536e-23,-5.680446566824924e-24,4.064541064829896e-11
590,-0.053284093737602234,7823386.5,8.567049472408672e-30
591,-3.7148105595797963e-38,1.0815794192446655e-22,-1.983769044763352e-36
592,-185861696.0,4.502894487945004e+34,-3.928194200852886e-05
593,-36353614020608.0,2.5176290148105585e+18,-169618080.0
594,5.967171662429497e+27,-8.018480102123249e-09,5.031318114619376e+31
595,-2.899813717945704e+29,-6.076103213385966e+20,-5.000578431358547e-25
596,1.4177115872923364e+34,505348.625,-161877753856.0
597,-1.3495837450027466,-1.0527695739062854e-16,9916033024.0
598,-3.4640026291628105e-37,-8413806080.0,2.787984016287339e-32
599,1.0635031032603987e+25,-1.9609802670572662e-09,-1.1419840881962683e+34
600,2.3683786043449118e-09,-0.0021782706025987864,-3.284464037278667e-05
601,12042465.0,2.703306887202521e+27,578791538688.0
602,3.650462093318922e-38,1.606281224845345e+29,-1.5807963159407103e+26
603,-1.5336761034448996e-37,-9.732686372107789e-29,-2.896246090178245e-11
604,-2.4645199561807045e+23,-527747383296.0,8547208265728.0
605,-7.404154303003452e-07,-2.9255718399061326e-14,-2.4815064991557195e-26
606,5.689088912682673e+22,-2.097410970236524e-06,-8.990933855125661e-38
607,-1.0533822961623551e-23,1.9347082443367618e-18,1.5145913691135983e-30
608,-3865939791577088.0,3.177657095787545e-11,3.611067221435543e-37
609,7.344499022105089e+31,4.373042500640219e+34,2.530722897478544e-23
610,-946868416.0,8634812.0,-5.730687780263977e-36
611,-4.769199618559483e-11,2.4199667777718855e-38,-2.2922751121055908e-35
612,-2.2720279910349572e-33,8842062848.0,9.066814528908402e+21
613,-9.14540255644004e-21,-2.537517908474582e-32,1.005019763983777e+34
614,0.002544427290558815,-1.1524624570630193e-13,-137854843879424.0
615,42402076.0,1.6083417573023852e+32,9.662207396231775e+24
616,1.2635413573043098e-22,33226215129088.0,6.496289596203516e-30
617,4.929395650346557e-13,-2.2457974173476823e-29,-0.03290048986673355
618,-5.281171613393441e-40,-9.226616736133296e-17,-34.690101623535156
619,-7.173321259314544e-24,-3.035620947969957e-34,-36546.6640625
620,-1.987075005211912e+32,8.26510976713894e+33,-1.1627557336377269e+31
621,-1.3974462809455074e-34,5.6829786712554904e-15,-38850.6640625
622,-1.8529022789537695e-19,1.8700465617716537e+21,5.739290154238574e-10
623,2.2980481162448996e-07,2.1874108047778848e-17,5.167367300253145e-28
624,-5.15187494392654e-32,-4.7666414307538025e-36,3.382258309179903e+30
625,-4760.0517578125,-7.886081607752682e+21,-48862408474624.0
626,-4.285167163242378e-27,2.1888448231565673e+24,-49596243968.0
627,5.278741587332689e-18,-529422868283392.0,11.985025405883789
628,5.522115699696502e-27,1.7399331521188947e-15,-1.5600545328384304e-28
629,-504124669952.0,7.622039902344113e-06,-3.0362666620931122e-06
630,-0.11999621987342834,1.0723955104468438e-25,2.9950855164051493e-12
631,-2.9415317840175703e-05,147593184.0,3830881584152576.0
632,-6.9278896855373695e-12,-1.2311755635287132e+34,-6.478277650781779e+19
633,5.528312094835406e+20,3.904248296748847e-05,0.2282816469669342
634,1.6566826247771242e-15,-5.0081861841755046e+19,1.1690815902851795e+27
635,-9.522708913218191e+33,-9.396491428991115e-24,-1.2864455803088383e+36
636,4.1490659441478783e-07,4.1246228708966687e-14,-2.1073286909808157e-22
637,-3.1600563614907374e+34,-5.3119754046517375e-37,-8.514816699535872e-25
638,nan,-9.07377882162203e+35,2.167055142246925e+31
639,-77175226368.0,-1.5395475221079294e-19,1.365103058977861e-32
640,68653088768.0,-9.782218810642625e-27,-74117.328125
641,-56558412.0,-51474415616.0,-0.0011349518317729235
642,2.142552766742079e-27,2.398268764783006e+35,-1.5128657889328568e+30
643,-7.297783266579927e-09,1.4359159276004616e-25,20193.33203125
644,92143256.0,-2.0915183438387175e-33,-2.3312131405129974e+19
645,4.3826269002789076e-11,3.0941026863756083e+18,-7.232079800220524e-17
646,15283439616.0,5.682929222534181e-22,-1.8185840416791075e-20
647,-2.2445980629726137e-09,4.045601187385728e-08,7.342340026822924e+36
648,1.3188944736222516e-35,-2.3954782444163095e-18,-4.692808453935024e+35
649,-1.0766303613052518e+17,-3.7125958842889704e+36,-2.9979089944410754e+34
650,-8.868874480061398e-32,-8.752483151962022e+29,6040.3330078125
651,4.033522610981034e-37,-1.5712066370188182e-10,-8.515872740050973e-14
652,646985664.0,3.615929898013489e-20,2.8212047799709073e+19
653,9.013032655798815e-21,-2764888.25,6702846976.0
654,8.925549949983504e+29,-42945.40625,-1.5181333310465561e-06
655,0.0028572282753884792,-2.0767152513984685e+29,3.2936584648254833e-28
656,5.985838697522783e-31,671.0184936523438,5.370827739589063e-27
657,6.502851119634904e-25,-678931.6875,-1726.083251953125
658,0.0008020498207770288,-4.9794255508856026e+25,0.026826221495866776
659,225539.4375,5.385100783110868e-22,-5.7582215467620214e-24
660,-7.699589978123883e-19,-1.7761656863981568e+17,-1.4309265740003321e+32
661,7.684573018973962e-22,-3.334032853467253e-17,-3.5400195752131917e-31
662,-59.06260299682617,-1.3567382081084572e-13,0.00011146564793307334
663,0.060852065682411194,-1.8544221563826865e-36,-9.338551429373125e-29
664,6.401574501069263e-05,1.360438821213135e+37,-6.052403561700017e-27
665,-5075359095586816.0,-4.9217777678902815e+22,6.275209429607664e-24
666,-2.5463457330760073e+37,1.463736857373169e-16,-4.1464025696778505e-19
667,-19.906681060791016,5.253683713750495e+28,0.00047256547259166837
668,2.6230222136881403e-28,3.489812097437198e-23,9.432558119800408e-35
669,1.1248626394426177e+38,-1.9952066019269935e-33,-1.6405088307518905e+35
670,-6.29085984576173e-38,1.9366769861504766e-36,-0.1248830109834671
671,-1.1186246969783191e-27,0.00015616990276612341,2.4991697562677063e-32
672,1629500659990528.0,5.015313415862416e-31,4.225222824834919e-25
673,7.839175451642137e+33,0.00015235436148941517,-3.952108849013848e+25
674,-7.495009378028004e-35,39.189022064208984,-2.79021785416517e-20
675,-436483620864.0,-9840.263671875,2124.22900390625
676,1.2406616903527595e+26,-4.777697566922423e+31,-3.918510878900956e+22
677,-3.410335056782001e+37,-1.873012370560944e+32,-4.025323365692493e-34
678,-8.650465499267471e-20,2.983941870452297e-26,1.0886174488865824e-25
679,7.678620935535255e+24,6.654293162128835e+17,-4.252411909713212e-28
680,-1696615040.0,-8.658756378565613e-09,-9260933054464.0
681,-6880650854400.0,8.56950274630286e-12,-4.270851548486367e+31
682,-1.244830115862037e-27,-7.258585046147498e-33,-1.5173112716433818e+17
683,1.4622031585531658e-06,-2652134520651776.0,-2207978.5
684,-3.2467293426587744e-22,-10772126105600.0,-4.675576340822823e-16
685,1.1871579180118332e-33,6.030143051560799e-10,3.977540459936827e+22
686,-4.590364272075759e-36,-4.166547296335921e-05,-140262048.0
687,-6.854553949404398e+18,2.4903496568215477e-18,1.5723919397236302e-36
688,-7.413721729243035e-23,4.595670907292515e-05,-7.489934020221689e-12
689,-2.6387698206196655e-28,-9.258220046346439e+20,2.835499039215424e-17
690,1.787765248340012e-11,-1.2204354788991623e-05,4.178640853454984e+34
691,-1198107.25,-1.6073456222522374e-28,-0.00012100239109713584
692,-2.077446226506352e+28,1.5168719605401712e+25,-1.739999855963491e-15
693,-1.1894607283428253e-29,9.947237074398404e-30,-532061421568.0
694,-3.222407485736767e-06,1.4896269027901733e-37,4.1633432286229365e-19
695,-4.598644381959005e-11,-905195552768.0,-2.4517417952297447e+33
696,1.1098733043723996e-11,56.43862533569336,512734068736.0
697,4.75562238477778e-08,1.4197034173268896e-11,-4.252077023814138e-10
698,-951083128061952.0,4630236364800.0,-3.711849812489614e+34
699,-1.0757788855247788e+30,1.493535311021453e-17,5.3076016494641115e-36
700,-6.38320341319232e+28,nan,6.60897512716474e-06
701,-1.5530029772364396e-25,0.07214570045471191,9.902596798117003e-11
702,2.157115807505236e+29,1.0418127638987853e+38,-1.3427069348972657e-27
703,8.439966815835335e-24,86903808.0,1.916251523623638e+21
704,5.444600933296462e-13,1.9878582335763895e-08,3.6881903087149226e-10
705,-6.859267580557656e+23,1484386734178304.0,-1.8161425050795432e-38
706,-0.033753134310245514,1.492979835234943e+18,1.344482903440779e-15
707,-3.7212243273326786e+25,-5626590134272.0,-8.186177712007767e-17
708,27164588.0,-1.1640384158960113e-15,-5.7425127029418945
709,0.07922355085611343,-5796768256.0,-2.7542401579031994e-31
710,8.360659625503679e-37,-1430.0382080078125,4.38632932987324e-27
711,5.576409568385884e+36,-4.582693480085633e+32,-4.35530915813026e+35
712,2.149634892630077e-28,4.5110083431032926e+35,-6.498652170577482e-29
713,9.024497558129951e-07,-9.784481819468344e+22,-9.969254741866141e-31
714,-30964840.0,2.4594787924902922e+25,-1.7625945868864415e-14
715,59255619584.0,1.0030497997543983e-30,0.019013721495866776
716,-4.614514040819607e-31,-7.532272405796903e-08,-7.236500096041709e-05
717,-1.4035375015242145e-25,3.845992335253945e-33,-6.008384969114289e-26
718,-8568659.0,1.175381726170599e-06,1.3766681163147693e+24
719,-1.1214963679206996e+38,-5259867648.0,1.4415117247575985e-26
720,-1.8443625438579544e-19,1323345664.0,-3.340535274530131e-33
721,-1.663462480375972e+17,1.8248814015464632e-08,2.469467408339199e-10
722,1.981349129209775e-07,-7.379340240731835e-05,-4248.3330078125
723,-1.7982941800277765e-32,4.533088571179178e-09,8.058732237034003e-31
724,-3.579757645866266e-08,4.89864444732666,-8.234996009125295e+34
725,1.240054084110703e-17,-1.0218886430607821e+38,-5.6334194253881975e-11
726,6.62443490747254e-17,3.990503047992286e-21,2.9227039757129487e+26
727,1.0419431340861135e+20,4.1710727753663246e-12,1.308733157923906e-14
728,7.886280545259022e+24,5.790850771049623e+33,-0.00021816292428411543
729,-3.90987500301534e+31,-1.3682212575774568e-29,-4.3924173812367735e+30
730,2.768041785859938e+30,3.712511950014182e-15,-2.855565203336216e-21
731,1.7726449608306983e+20,-5.838341721187135e-08,3.1554759516438935e-06
732,3056653867941888.0,-2.862224296125444e+26,1.1809811809038173e-11
733,846202624.0,-4.938653723107025e-17,5.707198069578138e+16
734,-8.670621696182934e-07,-55745.9375,1.1241377620430093e-11
735,3.6634764111198592e-09,-3372.08349609375,-9.23292772537335e-33
736,17970325618688.0,2.8554321332142614e-15,9.887013596446444e-21
737,8.486282981819756e+34,3351340800.0,-6.047034599770543e-22
738,3.394475559350708e+35,-0.04779199883341789,2.1248283668620264e-36
739,-280500224.0,9.6438649600103e+29,-2982324736.0
740,9.095823603068594e-25,0.0029412219300866127,43.940101623535156
741,-3.783987351564461e+35,3092595.25,759808303038464.0
742,-1.6181512442372918e-14,9.368296938298008e+32,7.982095953086299e-36
743,2.0284522783955747e+19,3.3897153243336965e+21,5.785663840176419e-16
744,8.551201547831913e+34,-1.348500901884535e+22,-1.9918310946096843e+26
745,-1.2107652080513915e-35,-6.158184918552889e-19,2.2865099604549386e-15
746,3.228988699104277e+23,5.53915930776964e-31,0.1599222719669342
747,1.4273637073673276e-29,3.721760225688833e-20,9.473902551349056e-09
748,6.451155789265951e-17,43457.2109375,5.006242099254388e+28
749,-82326939762688.0,-3.442649055145069e+36,-10788448256.0
750,1.6067245075522374e-20,1.9711188859687216e-33,9.195014541441004e-12
751,85624770002944.0,1.9433958476302266e+26,-0.00015426674508489668
752,-355694897266688.0,-7.960186415246634e+29,178956959481856.0
753,-86901184.0,2.1766931896807906e+38,-3.2238019841513745e+30
754,1.9401670215302147e-05,-1.945077477319568e+23,-4.609445660406579e+16
755,318982.71875,-11390663262208.0,-8.354345127445777e+32
756,6.880222969130045e-08,-1.2230524587241858e+22,1.3794097519341514e-22
757,-8.882776015432754e-28,3.680534677486143e-14,-5.293585045088507e-28
758,1.2428669741522255e+21,-10480.291015625,-5.356693917506188e-28
759,-8.267211170355627e+34,3.023464166768858e-35,2985181052928.0
760,-3.824253559112549,3.649761026736087e-08,-3053900529664.0
761,7.998943051164419e-22,-4.48934643823731e+19,-2.3621228905353684e-24
762,-2.2142319267004495e-07,172356936925184.0,-0.0007162491092458367
763,1.8392888402160932e-31,-2.993403040836824e+27,-2.688965806881558e-15
764,-4.5666001582986087e+24,2.8178397994008896e+21,-837855872.0
765,-8.038603365173913e-28,2.966204372739344e+30,-2.430456898075821e-36
766,-278020.875,-2.216643679275876e-06,-1.5704634391458633e-37
767,1.618190377159455e-14,-3.391896681061157e-14,55.440101623535156
768,307.5068359375,1.919235593514567e+26,-2.648957135543054e+20
769,-1.0315717596020158e+32,-2.1173906846116542e-27,-262519843192832.0
770,7.578625463488389e-17,0.01084925141185522,1.192922964751548e-32
771,-1.3965013027191162,-4.231870676107974e-08,5.270397445840189e+36
772,-2.839406960286978e-25,1.390785569579884e+28,5.281370758862605e-26
773,1.6154090056853187e-32,-10.797283172607422,-9.504248516672975e-13
774,-1.2012007236480713,-2778938998784.0,1.5405499819614102e-14
775,1153038.125,1.9699026893906325e+35,4710741.0
776,nan,-2.6797679472447324e+18,76677.328125
777,1.494588559580734e-05,-2579622656.0,-9.809106109193107e+31
778,-7.244896781774157e-34,-7.870387476201156e+26,6.328761724531353e+30
779,-4.968283949394539e-14,-7.874904957003442e+23,-1.4750226113301053e+18
780,-1.5599741252632522e-28,8.346926982210166e+35,-1.1167626913481695e-21
781,-44761572.0,1.129623574267816e-37,-1.1498499158502906e-21
782,4.709506013664295e-25,7.415602356863469e+29,4.3275743710285896e-33
783,nan,2.976576687890106e+33,1.9186617564422883e+36
784,6601723904.0,-2338893.0,-5.3933151347718145e-12
785,-1.0960460546887684e-18,9.998485952995e+18,-5.6682738502900065e-09
786,-17530832.0,2.022899707299075e-06,399.52081298828125
787,-0.21166862547397614,4.5656828445929635e-19,5.289922592666529e+35
788,1.1867598111359883e-34,3.2843272492755204e-05,-1693781.25
789,2.908678885856636e-13,4.306528878531284e-31,-4.95282756530521e+23
790,4.8955899368921836e-29,-147916144640.0,3.1409268782917266e-37
791,2.3242373755184586e+34,-1.102902164680408e+37,1.4007812954770822e-24
792,1.624328782590112e-09,-8347755.0,1.0233391378733359e-07
793,-1513.965576171875,-7.443213689839467e-06,29898395648.0
794,-1124305.125,2.462761851526411e-29,29590868.0
795,-5.4656331485603005e-05,-1.4267576135570772e-36,5.274855840993971e+20
796,-3.17589798903839e-09,-3.8340278300069137e-22,-1.4626137924908595e-27
797,54558330880.0,-6.867232799530029,-2016576536576.0
798,9.088827332154186e+32,-8.075637461533551e+27,2.4108640050931778e-26
799,1.3478709528672924e+37,-3.2249278857814013e+34,5.8454079514258975e+26
800,-2643097372590080.0,3.2314862699725617e-19,-6.2054135240880556e+32
801,-6.022324416701256e+29,-8.857331704348326e-05,-1.0788262925972978e-16
802,-2.308069335541987e+21,1.3297030143633037e-09,8684781436928.0
803,2.3678244076563715e-07,-1.0374536236887023e+23,4.06308529246017e-28
804,-5.2321821553970334e-30,-4.0866020698718516e-33,-2.570247014661149e+30
805,1.0682409673262367e+19,4.546920837336612e-18,-7.66969243670701e-09
806,-8.984300071931679e+23,90572756877312.0,2.5267364284280905e+24
807,-4.3766749169992304e-32,-84279696.0,2.5534429227841216e-35
808,-1.2048043613331846e-17,2.342792567176474e+22,6.934774525596446e+32
809,2.5307891951394827e-33,-2.234244349611213e+16,-9245206528.0
810,-14847728640.0,7.345818886506095e-08,4.624413193150047e-22
811,-1.1250979058209819e+24,-2.308332858495043e+25,1.6618516812177754e+23
812,1.1217841797331608e+21,83082035200.0,-1.0921125398376699e-31
813,3.2103090905431065e+32,-5201975.0,-1.9348172253824657e-18
814,2.2804192578107295e+37,6.41949825542249e-29,-1.3075288074482216e-10
815,-2.05826643984384e+16,9.274728472641536e+16,-1.3482227245731337e-07
816,1.478078948473446e+30,349702432.0,-2.1211499223738883e-09
817,3.665275507178373e-33,-368889405898752.0,-8.34258530313381e-12
818,-3.7128939938817735e+23,6.260118381010092e+18,-3.055694368229385e-23
819,22711334076416.0,-2.6821998228737916e+22,4.604032479068601e+28
820,-0.001344667631201446,-7.03747001881712e+21,1.8902913811383278e-27
821,93.62358093261719,397.506103515625,-2.0296849154749473e-18
822,-0.09484818577766418,5.044618882714077e+29,7.611652622487456e-27
823,7.966726003349629e-26,7.553959149632617e+21,-1.107641237102137e-37
824,4.769162552170713e+26,-5.3675760954508226e+35,-7.465487169652592e+29
825,3.525770143083493e-16,-8.757880758310842e-23,2669866024697856.0
826,-4.8249515158754715e+20,-5.577046229242627e-24,-0.00014473372721113265
827,1755112.0,1.432771598287458e+35,-40738922496.0
828,119433536208896.0,6.416273328618827e-12,-0.5928293466567993
829,8.647765497304495e-29,-9.668163867067568e+36,10184730624.0
830,2.1718078532459088e-29,-135103002968064.0,-0.5889230966567993
831,-2.409608391794124e-17,4.214164645014293e-31,-1.8539923920202942e+29
832,8.548061183738395e-35,2.7689181213580515e-38,4.7257284528458195e-28
833,9.35740873539157e-23,-7.725383523995829e+26,3.2258118213102056e-17
834,-2.4592520020405573e-08,-10864.34765625,1.1656548951070346e-28
835,-1.4133347825406872e-09,1.3985442996520768e+28,-1.2643038763844301e-16
836,-1.1931665527723296e+32,8.796983186821847e+20,0.0022089281119406223
837,-0.36962276697158813,9.298519764875975e-36,-2.761463420734871e+27
838,4.492749941272166e-30,-9.858650715155746e-33,-2.795808101984435e-29
839,-3.8334066522912614e+20,-4.001511339893688e-35,7.106781643146008e-27
840,8.514986439946863e+22,-2.4404686216678605e+17,1.1528088082210331e+37
841,-1.354286648103109e-11,-1.5604725361672192e+16,-35851944.0
842,2.4450070911801662e+26,-4024292551426048.0,-1.708340619394547e+32
843,5.708422500926463e-31,7.701425637638734e+37,0.13062921166419983
844,-6.155965351888568e+37,3.2023975807168306e-15,-3.141506022075191e-05
845,8.494450375559966e-27,-4.813347923403801e+36,6.76035651973587e-24
846,2.60480702547229e-32,-5.428665156292922e-11,3.624393193082061e+16
847,5.391295854195732e-09,-2.0328556776891381e-22,1.8463499618093238e-09
848,-1689.9183349609375,1.1888881879797503e+24,6.4561551886036385e-24
849,-4.22021132400803e-28,1.3864645562242214e-17,-134558456479744.0
850,1.52708245434007e+31,1.906590547602037e-37,-5.421442384862904e+17
851,2.70823429816369e+38,2.137874910948343e+34,1.500479115941468e-27
852,-6.167833093546202e+20,2.565935517395701e-07,0.4565632939338684
853,2528731251867648.0,-19757669548032.0,1973626863616.0
854,-2.0617006760608437e+28,1194038.25,121204195328.0
855,-1.8987420457496626e-33,2.009114619360051e+16,7441044480.0
856,-1.3372859264393355e-08,-2.3167323044624864e-19,8.626378437445018e+30
857,-2.037712362234487e+32,-1140361134080.0,-28690436096.0
858,8.940324725908534e+34,3.571198025513456e-18,6.133935137597746e-09
859,-3.185970027625926e+37,-2.1631775187155666e-22,-3.760949884856757e-10
860,1.5252401521650116e-36,-1062962.25,-1700877568.0
861,1.4988235804390404e-13,4219096.5,-0.006035168655216694
862,2.3785718802684642e+26,-2.960404285535051e+23,1.820570565704516e+24
863,-2.608959199477917e+29,-4.546893939969374e-35,-8.953113865572959e-05
864,4.3922632431947726e+30,3921762816.0,nan
865,1.0964457319609234e+21,-7.535838028459972e-22,-1472597.25
866,5.157301547769427e-29,6.5155341220222895e+22,2.735234806993203e+28
867,-1.538942374472532e+33,1.0588332509269074e-29,2.8072507711188736e-25
868,-1.8502581121152127e-20,1.2562059055198915e-05,1.5290658068585513e+18
869,-3.0384179245241676e+31,-2.4645336471235717e+23,-1.2060656917611823e-09
870,-7.594930056918448e-38,4.236013271052936e-26,0.00031044083880260587
871,3.49796278598649e+31,232740274176.0,2.3428900701084064e+22
872,9.259348764116415e-29,1.0614996669061868e-35,-1.0241184627422304e-21
873,1.4737821407943597e-36,-4077061056495616.0,4.017064512163831e-21
874,2.721395710796727e-26,-7.971273012492939e-16,0.004539807327091694
875,-1.2768108239528259e-13,6.269973217830502e+16,9.238663339090404e+31
876,-3.473273751941619e-11,3.339926242828369,-73093.328125
877,-10224.48828125,-7.345388403426356e-13,-5.669355621774038e+33
878,-4.774149321745114e+22,1.0292371995912826e-29,9.335008250214591e-19
879,2.425250158921699e-06,3.944430689060375e-38,-3.168201930967548e-36
880,-7.37484917385986e+17,5.310957203619182e-05,1.2484728627738627e-35
881,174858096.0,-1.1229273719280916e-29,-5.240981080515289e-26
882,-7.981890758149571e-36,-14448.2880859375,-8.299899719856981e+34
883,1.4035956800159746e-25,-6.833385170793343e-31,-2.9829392429622963e-36
884,-711702.8125,7.0910796396645195e+31,15.735025405883789
885,-4.201850898515001e-39,7.818315728431502e-19,1.4827275663265027e-05
886,1.3231678269847338e-31,15515999.0,251658.65625
887,-1.463734607441903e-16,8.157149586848536e-19,-5.5197325876665815e-11
888,3.2255533965430753e+27,0.0009222296648658812,-3.186437448357427e-21
889,-1.2747240865895589e+28,4.4340705891081757e-35,2.8423971850750024e+23
890,-1.420368373427055e-16,-0.013962130062282085,1058875465793536.0
891,8.457370040348484e-21,1006077902585856.0,-0.0009146133670583367
892,-1.987242974954181e-24,0.056824781000614166,-8.894518259694451e-07
893,-40199770112.0,-1.8627443065993317e+28,60866.6640625
894,-39394422784.0,1.9623460296288173e-28,16270051246080.0
895,1.0634920397889964e-37,-7.9124347315521325e-28,4.452968325316012e-35
896,-0.5498301982879639,-262935808.0,-7.987873278344153e-19
897,6.477210636419336e-36,-1.743416346017792e+16,-3772.16650390625
898,-574468980736.0,0.05975492298603058,5.383308382400642e-11
899,1.6973280997806203e+35,0.944362223148346,1.2291924917792506e-23
