idx,altitude
0,2.0,0.0,0.0,0.0
1,2.0,0.0,0.0,0.0
2,2.0,0.0,0.0,0.0
3,2.0,0.0,0.0,0.0
4,2.0,0.0,0.0,0.0
5,2.0,0.0,0.0,0.0
6,2.0,1.0860063098517332e-42,1.991245117805565e-42,1.991245117805565e-42
7,2.0,0.0,0.0,0.0
8,2.0,0.0,0.0,0.0
9,2.0,1.991245117805565e-42,2.251886632169981e-42,1.991245117805565e-42
10,2.0,0.0,0.0,0.0
11,2.0,0.0,0.0,0.0
12,2.0,0.0,0.0,0.0
13,2.0,1.991245117805565e-42,2.251886632169981e-42,1.991245117805565e-42
14,2.0,0.0,0.0,0.0
15,2.0,0.0,0.0,0.0
16,2.0,-0.4817524552345276,5.780531883239746,0.0
17,2.0,0.0,0.0,0.0
18,2.0,0.0,0.0,0.0
19,2.0,0.0,0.0,0.0
20,2.0,-15.438232421875,138.6666717529297,0.0
21,2.0,0.0,0.0,0.0
22,2.0,0.0,0.0,0.0
23,2.0,-14.961971282958984,135.00088500976562,0.0
24,2.0,0.0,0.0,0.0
25,2.0,0.0,0.0,0.0
26,2.0,0.0,0.0,0.0
27,2.0,1.991245117805565e-42,2.251886632169981e-42,1.991245117805565e-42
28,2.0,0.0,0.0,0.0
29,2.0,0.0,0.0,0.0
30,2.0,0.0,0.0,0.0
31,2.0,0.0,0.0,0.0
32,2.0,0.0,0.0,0.0
33,2.0,0.0,0.0,0.0
34,2.0,1.0860063098517332e-42,1.991245117805565e-42,1.991245117805565e-42
35,2.0,0.0,0.0,0.0
36,2.0,0.0,0.0,0.0
37,2.0,1.991245117805565e-42,2.251886632169981e-42,1.991245117805565e-42
38,2.0,0.0,0.0,0.0
39,2.0,0.0,0.0,0.0
40,2.0,0.0,0.0,0.0
41,2.0,0.0,0.0,0.0
42,2.0,0.0,0.0,0.0
43,2.0,0.0,0.0,0.0
44,2.0,-13.102023124694824,121.92084503173828,0.0
45,2.0,0.0,0.0,0.0
46,2.0,0.0,0.0,0.0
47,2.0,-12.805943489074707,120.02127838134766,0.0
48,2.0,0.0,0.0,0.0
49,2.0,0.0,0.0,0.0
50,2.0,0.0,0.0,0.0
51,2.0,1.991245117805565e-42,2.251886632169981e-42,1.991245117805565e-42
52,2.0,0.0,0.0,0.0
53,2.0,0.0,0.0,0.0
54,2.0,-12.158839225769043,115.80213928222656,0.0
55,2.0,0.0,0.0,0.0
56,2.0,0.0,0.0,0.0
57,2.0,0.0,0.0,0.0
58,2.0,0.12533296644687653,3.0159292221069336,0.0
59,2.0,0.0,0.0,0.0
60,2.0,0.0,0.0,0.0
61,2.0,-11.34149169921875,110.75533294677734,0.0
62,2.0,0.0,0.0,0.0
63,2.0,0.0,0.0,0.0
64,2.0,0.0,0.0,0.0
65,2.0,1.0860063098517332e-42,1.991245117805565e-42,1.991245117805565e-42
66,2.0,0.0,0.0,0.0
67,2.0,0.0,0.0,0.0
68,2.0,-0.951056182384491,5.026549339294434,0.0
69,2.0,0.0,0.0,0.0
70,2.0,0.0,0.0,0.0
71,2.0,0.0,0.0,0.0
72,2.0,1.991245117805565e-42,2.251886632169981e-42,1.991245117805565e-42
73,2.0,0.0,0.0,0.0
74,2.0,0.0,0.0,0.0
75,2.0,1.0860063098517332e-42,1.991245117805565e-42,1.991245117805565e-42
76,2.0,0.0,0.0,0.0
77,2.0,0.0,0.0,0.0
78,2.0,0.0,0.0,0.0
79,2.0,1.991245117805565e-42,2.251886632169981e-42,1.991245117805565e-42
80,2.0,0.0,0.0,0.0
81,2.0,0.0,0.0,0.0
82,2.0,0.0,0.0,0.0
83,2.0,0.0,0.0,0.0
84,2.0,0.0,0.0,0.0
85,2.0,0.0,0.0,0.0
86,2.0,-0.5877857208251953,3.769911766052246,0.0
87,2.0,0.0,0.0,0.0
88,2.0,0.0,0.0,0.0
89,2.0,-9.594639778137207,90.18843841552734,0.0
90,2.0,0.0,0.0,0.0
91,2.0,0.0,0.0,0.0
92,2.0,0.0,0.0,0.0
93,2.0,1.0860063098517332e-42,1.991245117805565e-42,1.991245117805565e-42
94,2.0,0.0,0.0,0.0
95,2.0,0.0,0.0,0.0
96,2.0,0.9822872877120972,1.7592917680740356,0.0
97,2.0,0.0,0.0,0.0
98,2.0,0.0,0.0,0.0
99,2.0,0.0,0.0,0.0
100,2.0,1.991245117805565e-42,2.251886632169981e-42,1.991245117805565e-42
101,2.0,0.0,0.0,0.0
102,2.0,0.0,0.0,0.0
103,2.0,1.0860063098517332e-42,1.991245117805565e-42,1.991245117805565e-42
104,2.0,0.0,0.0,0.0
105,2.0,0.0,0.0,0.0
106,2.0,0.0,0.0,0.0
107,2.0,1.991245117805565e-42,2.251886632169981e-42,1.991245117805565e-42
108,2.0,0.0,0.0,0.0
109,2.0,0.0,0.0,0.0
110,2.0,0.0,0.0,0.0
111,2.0,0.0,0.0,0.0
112,2.0,0.0,0.0,0.0
113,2.0,0.0,0.0,0.0
114,2.0,0.9048271179199219,2.0106191635131836,0.0
115,2.0,0.0,0.0,0.0
116,2.0,0.0,0.0,0.0
117,2.0,-42.6341552734375,52.07478713989258,0.0
118,2.0,0.0,0.0,0.0
119,2.0,0.0,0.0,0.0
120,2.0,0.0,0.0,0.0
121,2.0,-36.51811218261719,62.43498611450195,0.0
122,2.0,0.0,0.0,0.0
123,2.0,0.0,0.0,0.0
124,2.0,1.0860063098517332e-42,1.991245117805565e-42,1.991245117805565e-42
125,2.0,0.0,0.0,0.0
126,2.0,0.0,0.0,0.0
127,2.0,0.0,0.0,0.0
128,2.0,1.991245117805565e-42,2.251886632169981e-42,1.991245117805565e-42
129,2.0,0.0,0.0,0.0
130,2.0,0.0,0.0,0.0
131,2.0,-29.05693244934082,48.10219192504883,0.0
132,2.0,0.0,0.0,0.0
133,2.0,0.0,0.0,0.0
134,2.0,0.0,0.0,0.0
135,2.0,0.0,0.0,0.0
136,2.0,0.0,0.0,0.0
137,2.0,0.0,0.0,0.0
138,2.0,1.0860063098517332e-42,1.991245117805565e-42,1.991245117805565e-42
139,2.0,0.0,0.0,0.0
140,2.0,0.0,0.0,0.0
141,2.0,0.0,0.0,0.0
142,2.0,-0.2594106197357178,56.0681037902832,0.0
143,2.0,0.0,0.0,0.0
144,2.0,0.0,0.0,0.0
145,2.0,1.0860063098517332e-42,1.991245117805565e-42,1.991245117805565e-42
146,2.0,0.0,0.0,0.0
147,2.0,0.0,0.0,0.0
148,2.0,0.0,0.0,0.0
149,2.0,0.0,0.0,0.0
150,2.0,0.0,0.0,0.0
151,2.0,0.0,0.0,0.0
152,2.0,1.0860063098517332e-42,1.991245117805565e-42,1.991245117805565e-42
153,2.0,0.0,0.0,0.0
154,2.0,0.0,0.0,0.0
155,2.0,0.0,0.0,0.0
156,2.0,0.0,0.0,0.0
157,2.0,0.0,0.0,0.0
158,2.0,0.0,0.0,0.0
159,2.0,25.52700424194336,60.593910217285156,0.0
160,2.0,0.0,0.0,0.0
161,2.0,0.0,0.0,0.0
162,2.0,0.0,0.0,0.0
163,2.0,0.0,0.0,0.0
164,2.0,0.0,0.0,0.0
165,2.0,0.0,0.0,0.0
166,2.0,0.24868984520435333,0.25132736563682556,0.0
167,2.0,0.0,0.0,0.0
168,2.0,0.0,0.0,0.0
169,2.0,1.0860063098517332e-42,1.991245117805565e-42,1.991245117805565e-42
170,2.0,0.0,0.0,0.0
171,2.0,0.0,0.0,0.0
172,2.0,0.0,0.0,0.0
173,2.0,0.9822872877120972,1.7592917680740356,0.0
174,2.0,0.0,0.0,0.0
175,2.0,0.0,0.0,0.0
176,2.0,54.47968292236328,58.409576416015625,0.0
177,2.0,0.0,0.0,0.0
178,2.0,0.0,0.0,0.0
179,2.0,0.0,0.0,0.0
180,2.0,55.81148147583008,53.393978118896484,0.0
181,2.0,0.0,0.0,0.0
182,2.0,0.0,0.0,0.0
183,2.0,1.0860063098517332e-42,1.991245117805565e-42,1.991245117805565e-42
184,2.0,0.0,0.0,0.0
185,2.0,0.0,0.0,0.0
186,2.0,0.0,0.0,0.0
187,2.0,0.0,0.0,0.0
188,2.0,0.0,0.0,0.0
189,2.0,0.0,0.0,0.0
190,2.0,0.0,0.0,0.0
191,2.0,0.0,0.0,0.0
192,2.0,0.0,0.0,0.0
193,2.0,0.0,0.0,0.0
194,2.0,-0.24868842959403992,6.031859397888184,0.0
195,2.0,0.0,0.0,0.0
196,2.0,0.0,0.0,0.0
197,2.0,1.0860063098517332e-42,1.991245117805565e-42,1.991245117805565e-42
198,2.0,0.0,0.0,0.0
199,2.0,0.0,0.0,0.0
200,2.0,0.0,0.0,0.0
201,2.0,1.991245117805565e-42,2.251886632169981e-42,1.991245117805565e-42
202,2.0,0.0,0.0,0.0
203,2.0,0.0,0.0,0.0
204,2.0,-14.361672401428223,32.85087203979492,0.0
205,2.0,0.0,0.0,0.0
206,2.0,0.0,0.0,0.0
207,2.0,0.0,0.0,0.0
208,2.0,-24.558589935302734,30.244043350219727,0.0
209,2.0,0.0,0.0,0.0
210,2.0,0.0,0.0,0.0
211,2.0,0.12533296644687653,3.0159292221069336,0.0
212,2.0,0.0,0.0,0.0
213,2.0,0.0,0.0,0.0
214,2.0,0.0,0.0,0.0
215,2.0,1.0860063098517332e-42,1.991245117805565e-42,1.991245117805565e-42
216,2.0,0.0,0.0,0.0
217,2.0,0.0,0.0,0.0
218,2.0,1.0860063098517332e-42,1.991245117805565e-42,1.991245117805565e-42
219,2.0,0.0,0.0,0.0
220,2.0,0.0,0.0,0.0
221,2.0,0.0,0.0,0.0
222,2.0,-48.961299896240234,16.694276809692383,0.0
223,2.0,0.0,0.0,0.0
224,2.0,0.0,0.0,0.0
225,2.0,0.0,0.0,0.0
226,2.0,0.0,0.0,0.0
227,2.0,0.0,0.0,0.0
228,2.0,0.0,0.0,0.0
229,2.0,1.991245117805565e-42,2.251886632169981e-42,1.991245117805565e-42
230,2.0,0.0,0.0,0.0
231,2.0,0.0,0.0,0.0
232,2.0,-45.330078125,8.528263092041016,0.0
233,2.0,0.0,0.0,0.0
234,2.0,0.0,0.0,0.0
235,2.0,0.0,0.0,0.0
236,2.0,-31.045713424682617,11.809182167053223,0.0
237,2.0,0.0,0.0,0.0
238,2.0,0.0,0.0,0.0
239,2.0,0.368124395608902,2.764601707458496,0.0
240,2.0,0.0,0.0,0.0
241,2.0,0.0,0.0,0.0
242,2.0,0.0,0.0,0.0
243,2.0,1.0860063098517332e-42,1.991245117805565e-42,1.991245117805565e-42
244,2.0,0.0,0.0,0.0
245,2.0,0.0,0.0,0.0
246,2.0,1.0860063098517332e-42,1.991245117805565e-42,1.991245117805565e-42
247,2.0,0.0,0.0,0.0
248,2.0,0.0,0.0,0.0
249,2.0,0.0,0.0,0.0
250,2.0,4.973609924316406,21.110645294189453,0.0
251,2.0,0.0,0.0,0.0
252,2.0,0.0,0.0,0.0
253,2.0,0.0,0.0,0.0
254,2.0,0.0,0.0,0.0
255,2.0,0.0,0.0,0.0
256,2.0,0.0,0.0,0.0
257,2.0,1.991245117805565e-42,2.251886632169981e-42,1.991245117805565e-42
258,2.0,0.0,0.0,0.0
259,2.0,0.0,0.0,0.0
260,2.0,7.408872604370117,16.54584312438965,0.0
261,2.0,0.0,0.0,0.0
262,2.0,0.0,0.0,0.0
263,2.0,0.0,0.0,0.0
264,2.0,6.381012916564941,14.380091667175293,0.0
265,2.0,0.0,0.0,0.0
266,2.0,0.0,0.0,0.0
267,2.0,-0.770513653755188,4.021239280700684,0.0
268,2.0,0.0,0.0,0.0
269,2.0,0.0,0.0,0.0
270,2.0,0.0,0.0,0.0
271,2.0,0.0,0.0,0.0
272,2.0,0.0,0.0,0.0
273,2.0,0.0,0.0,0.0
274,2.0,0.5877851843833923,2.5132741928100586,0.0
275,2.0,0.0,0.0,0.0
276,2.0,0.0,0.0,0.0
277,2.0,1.0860063098517332e-42,1.991245117805565e-42,1.991245117805565e-42
278,2.0,0.0,0.0,0.0
279,2.0,0.0,0.0,0.0
280,2.0,0.0,0.0,0.0
281,2.0,0.8443278670310974,1.0053095817565918,0.0
282,2.0,0.0,0.0,0.0
283,2.0,0.0,0.0,0.0
284,2.0,1.0860063098517332e-42,1.991245117805565e-42,1.991245117805565e-42
285,2.0,0.0,0.0,0.0
286,2.0,0.0,0.0,0.0
287,2.0,0.0,0.0,0.0
288,2.0,1.991245117805565e-42,2.251886632169981e-42,1.991245117805565e-42
289,2.0,0.0,0.0,0.0
290,2.0,0.0,0.0,0.0
291,2.0,0.8443278670310974,1.0053095817565918,0.0
292,2.0,0.0,0.0,0.0
293,2.0,0.0,0.0,0.0
294,2.0,0.0,0.0,0.0
295,2.0,-12.241105079650879,5.929985523223877,0.0
296,2.0,0.0,0.0,0.0
297,2.0,0.0,0.0,0.0
298,2.0,1.991245117805565e-42,2.251886632169981e-42,1.991245117805565e-42
299,2.0,0.0,0.0,0.0
300,2.0,0.0,0.0,0.0
301,2.0,0.0,0.0,0.0
302,2.0,-10.186539649963379,6.746297359466553,0.0
303,2.0,0.0,0.0,0.0
304,2.0,0.0,0.0,0.0
305,2.0,0.0,0.0,0.0
306,2.0,0.0,0.0,0.0
307,2.0,0.0,0.0,0.0
308,2.0,0.0,0.0,0.0
309,2.0,-0.9980266690254211,4.775221824645996,0.0
310,2.0,0.0,0.0,0.0
311,2.0,0.0,0.0,0.0
312,2.0,1.0860063098517332e-42,1.991245117805565e-42,1.991245117805565e-42
313,2.0,0.0,0.0,0.0
314,2.0,0.0,0.0,0.0
315,2.0,0.0,0.0,0.0
316,2.0,1.991245117805565e-42,2.251886632169981e-42,1.991245117805565e-42
317,2.0,0.0,0.0,0.0
318,2.0,0.0,0.0,0.0
319,2.0,-0.4817524552345276,5.780531883239746,0.0
320,2.0,0.0,0.0,0.0
321,2.0,0.0,0.0,0.0
322,2.0,0.0,0.0,0.0
323,2.0,-3.153698444366455,3.4973080158233643,0.0
324,2.0,0.0,0.0,0.0
325,2.0,0.0,0.0,0.0
326,2.0,1.991245117805565e-42,2.251886632169981e-42,1.991245117805565e-42
327,2.0,0.0,0.0,0.0
328,2.0,0.0,0.0,0.0
329,2.0,0.0,0.0,0.0
330,2.0,-0.05788031220436096,2.686898708343506,0.0
331,2.0,0.0,0.0,0.0
332,2.0,0.0,0.0,0.0
333,2.0,0.0,0.0,0.0
334,2.0,0.0,0.0,0.0
335,2.0,0.0,0.0,0.0
336,2.0,0.0,0.0,0.0
337,2.0,0.9048271179199219,2.0106191635131836,0.0
338,2.0,0.0,0.0,0.0
339,2.0,0.0,0.0,0.0
340,2.0,1.0860063098517332e-42,1.991245117805565e-42,1.991245117805565e-42
341,2.0,0.0,0.0,0.0
342,2.0,0.0,0.0,0.0
343,2.0,0.0,0.0,0.0
344,2.0,1.991245117805565e-42,2.251886632169981e-42,1.991245117805565e-42
345,2.0,0.0,0.0,0.0
346,2.0,0.0,0.0,0.0
347,2.0,-4.665035646667093e-08,-4.665035646667093e-08,0.0
348,2.0,0.0,0.0,0.0
349,2.0,0.0,0.0,0.0
350,2.0,0.0,0.0,0.0
351,2.0,9.24609661102295,-2.0380191802978516,0.0
352,2.0,0.0,0.0,0.0
353,2.0,0.0,0.0,0.0
354,2.0,1.991245117805565e-42,2.251886632169981e-42,1.991245117805565e-42
355,2.0,0.0,0.0,0.0
356,2.0,0.0,0.0,0.0
357,2.0,0.0,0.0,0.0
358,2.0,1.0860063098517332e-42,1.991245117805565e-42,1.991245117805565e-42
359,2.0,0.0,0.0,0.0
360,2.0,0.0,0.0,0.0
361,2.0,1.0860063098517332e-42,1.991245117805565e-42,1.991245117805565e-42
362,2.0,0.0,0.0,0.0
363,2.0,0.0,0.0,0.0
364,2.0,0.0,0.0,0.0
365,2.0,13.598822593688965,-6.923006057739258,0.0
366,2.0,0.0,0.0,0.0
367,2.0,0.0,0.0,0.0
368,2.0,1.0860063098517332e-42,1.991245117805565e-42,1.991245117805565e-42
369,2.0,0.0,0.0,0.0
370,2.0,0.0,0.0,0.0
371,2.0,0.0,0.0,0.0
372,2.0,0.0,0.0,0.0
373,2.0,0.0,0.0,0.0
374,2.0,0.0,0.0,0.0
375,2.0,1.0860063098517332e-42,1.991245117805565e-42,1.991245117805565e-42
376,2.0,0.0,0.0,0.0
377,2.0,0.0,0.0,0.0
378,2.0,0.0,0.0,0.0
379,2.0,7.412509441375732,-14.921235084533691,0.0
380,2.0,0.0,0.0,0.0
381,2.0,0.0,0.0,0.0
382,2.0,1.0860063098517332e-42,1.991245117805565e-42,1.991245117805565e-42
383,2.0,0.0,0.0,0.0
384,2.0,0.0,0.0,0.0
385,2.0,0.0,0.0,0.0
386,2.0,0.0,0.0,0.0
387,2.0,0.0,0.0,0.0
388,2.0,0.0,0.0,0.0
389,2.0,-0.5877857208251953,3.769911766052246,0.0
390,2.0,0.0,0.0,0.0
391,2.0,0.0,0.0,0.0
392,2.0,1.0860063098517332e-42,1.991245117805565e-42,1.991245117805565e-42
393,2.0,0.0,0.0,0.0
394,2.0,0.0,0.0,0.0
395,2.0,0.0,0.0,0.0
396,2.0,0.7705132365226746,2.261946678161621,0.0
397,2.0,0.0,0.0,0.0
398,2.0,0.0,0.0,0.0
399,2.0,-5.071718692779541,-18.371076583862305,0.0
400,2.0,0.0,0.0,0.0
401,2.0,0.0,0.0,0.0
402,2.0,0.0,0.0,0.0
403,2.0,-8.086764335632324,-16.370807647705078,0.0
404,2.0,0.0,0.0,0.0
405,2.0,0.0,0.0,0.0
406,2.0,1.0860063098517332e-42,1.991245117805565e-42,1.991245117805565e-42
407,2.0,0.0,0.0,0.0
408,2.0,0.0,0.0,0.0
409,2.0,0.0,0.0,0.0
410,2.0,0.0,0.0,0.0
411,2.0,0.0,0.0,0.0
412,2.0,0.0,0.0,0.0
413,2.0,0.0,0.0,0.0
414,2.0,0.0,0.0,0.0
415,2.0,0.0,0.0,0.0
416,2.0,0.0,0.0,0.0
417,2.0,0.9048271179199219,2.0106191635131836,0.0
418,2.0,0.0,0.0,0.0
419,2.0,0.0,0.0,0.0
420,2.0,1.0860063098517332e-42,1.991245117805565e-42,1.991245117805565e-42
421,2.0,0.0,0.0,0.0
422,2.0,0.0,0.0,0.0
423,2.0,0.0,0.0,0.0
424,2.0,-0.36812499165534973,3.5185842514038086,0.0
425,2.0,0.0,0.0,0.0
426,2.0,0.0,0.0,0.0
427,2.0,-8.573208808898926,-15.346505165100098,0.0
428,2.0,0.0,0.0,0.0
429,2.0,0.0,0.0,0.0
430,2.0,0.0,0.0,0.0
431,2.0,-5.498405933380127,-15.867122650146484,0.0
432,2.0,0.0,0.0,0.0
433,2.0,0.0,0.0,0.0
434,2.0,1.0860063098517332e-42,1.991245117805565e-42,1.991245117805565e-42
435,2.0,0.0,0.0,0.0
436,2.0,0.0,0.0,0.0
437,2.0,0.0,0.0,0.0
438,2.0,1.0860063098517332e-42,1.991245117805565e-42,1.991245117805565e-42
439,2.0,0.0,0.0,0.0
440,2.0,0.0,0.0,0.0
441,2.0,1.0860063098517332e-42,1.991245117805565e-42,1.991245117805565e-42
442,2.0,0.0,0.0,0.0
443,2.0,0.0,0.0,0.0
444,2.0,0.0,0.0,0.0
445,2.0,12.847606658935547,-19.170011520385742,0.0
446,2.0,0.0,0.0,0.0
447,2.0,0.0,0.0,0.0
448,2.0,1.0860063098517332e-42,1.991245117805565e-42,1.991245117805565e-42
449,2.0,0.0,0.0,0.0
450,2.0,0.0,0.0,0.0
451,2.0,0.0,0.0,0.0
452,2.0,1.991245117805565e-42,2.251886632169981e-42,1.991245117805565e-42
453,2.0,0.0,0.0,0.0
454,2.0,0.0,0.0,0.0
455,2.0,23.218137741088867,-21.01282501220703,0.0
456,2.0,0.0,0.0,0.0
457,2.0,0.0,0.0,0.0
458,2.0,0.0,0.0,0.0
459,2.0,17.17961311340332,-22.677236557006836,0.0
460,2.0,0.0,0.0,0.0
461,2.0,0.0,0.0,0.0
462,2.0,0.9510564804077148,1.2566369771957397,0.0
463,2.0,0.0,0.0,0.0
464,2.0,0.0,0.0,0.0
465,2.0,0.0,0.0,0.0
466,2.0,1.0860063098517332e-42,1.991245117805565e-42,1.991245117805565e-42
467,2.0,0.0,0.0,0.0
468,2.0,0.0,0.0,0.0
469,2.0,1.0860063098517332e-42,1.991245117805565e-42,1.991245117805565e-42
470,2.0,0.0,0.0,0.0
471,2.0,0.0,0.0,0.0
472,2.0,0.0,0.0,0.0
473,2.0,-28.906848907470703,-22.791471481323242,0.0
474,2.0,0.0,0.0,0.0
475,2.0,0.0,0.0,0.0
476,2.0,0.0,0.0,0.0
477,2.0,0.0,0.0,0.0
478,2.0,0.0,0.0,0.0
479,2.0,0.0,0.0,0.0
480,2.0,1.991245117805565e-42,2.251886632169981e-42,1.991245117805565e-42
481,2.0,0.0,0.0,0.0
482,2.0,0.0,0.0,0.0
483,2.0,-18.537803649902344,-27.33384132385254,0.0
484,2.0,0.0,0.0,0.0
485,2.0,0.0,0.0,0.0
486,2.0,0.0,0.0,0.0
487,2.0,-4.370729923248291,-27.1566219329834,0.0
488,2.0,0.0,0.0,0.0
489,2.0,0.0,0.0,0.0
490,2.0,-0.9822874069213867,4.523894309997559,0.0
491,2.0,0.0,0.0,0.0
492,2.0,0.0,0.0,0.0
493,2.0,0.0,0.0,0.0
494,2.0,1.0860063098517332e-42,1.991245117805565e-42,1.991245117805565e-42
495,2.0,0.0,0.0,0.0
496,2.0,0.0,0.0,0.0
497,2.0,1.0860063098517332e-42,1.991245117805565e-42,1.991245117805565e-42
498,2.0,0.0,0.0,0.0
499,2.0,0.0,0.0,0.0
500,2.0,0.0,0.0,0.0
501,2.0,0.0,0.0,0.0
502,2.0,0.0,0.0,0.0
503,2.0,0.0,0.0,0.0
504,2.0,2.18782639503479,-29.312698364257812,0.0
505,2.0,0.0,0.0,0.0
506,2.0,0.0,0.0,0.0
507,2.0,1.0860063098517332e-42,1.991245117805565e-42,1.991245117805565e-42
508,2.0,0.0,0.0,0.0
509,2.0,0.0,0.0,0.0
510,2.0,0.0,0.0,0.0
511,2.0,1.991245117805565e-42,2.251886632169981e-42,1.991245117805565e-42
512,2.0,0.0,0.0,0.0
513,2.0,0.0,0.0,0.0
514,2.0,1.0860063098517332e-42,1.991245117805565e-42,1.991245117805565e-42
515,2.0,0.0,0.0,0.0
516,2.0,0.0,0.0,0.0
517,2.0,0.0,0.0,0.0
518,2.0,2.265894651412964,-29.657760620117188,0.0
519,2.0,0.0,0.0,0.0
520,2.0,0.0,0.0,0.0
521,2.0,1.991245117805565e-42,2.251886632169981e-42,1.991245117805565e-42
522,2.0,0.0,0.0,0.0
523,2.0,0.0,0.0,0.0
524,2.0,0.0,0.0,0.0
525,2.0,1.8684096336364746,-27.265295028686523,0.0
526,2.0,0.0,0.0,0.0
527,2.0,0.0,0.0,0.0
528,2.0,1.0860063098517332e-42,1.991245117805565e-42,1.991245117805565e-42
529,2.0,0.0,0.0,0.0
530,2.0,0.0,0.0,0.0
531,2.0,0.0,0.0,0.0
532,2.0,0.6845470666885376,0.7539821863174438,0.0
533,2.0,0.0,0.0,0.0
534,2.0,0.0,0.0,0.0
535,2.0,1.0860063098517332e-42,1.991245117805565e-42,1.991245117805565e-42
536,2.0,0.0,0.0,0.0
537,2.0,0.0,0.0,0.0
538,2.0,0.0,0.0,0.0
539,2.0,1.991245117805565e-42,2.251886632169981e-42,1.991245117805565e-42
540,2.0,0.0,0.0,0.0
541,2.0,0.0,0.0,0.0
542,2.0,0.368124395608902,2.764601707458496,0.0
543,2.0,0.0,0.0,0.0
544,2.0,0.0,0.0,0.0
545,2.0,0.0,0.0,0.0
546,2.0,0.18384872376918793,-31.558570861816406,0.0
547,2.0,0.0,0.0,0.0
548,2.0,0.0,0.0,0.0
549,2.0,1.991245117805565e-42,2.251886632169981e-42,1.991245117805565e-42
550,2.0,0.0,0.0,0.0
551,2.0,0.0,0.0,0.0
552,2.0,0.0,0.0,0.0
553,2.0,-0.7001290917396545,-32.39146041870117,0.0
554,2.0,0.0,0.0,0.0
555,2.0,0.0,0.0,0.0
556,2.0,0.0,0.0,0.0
557,2.0,0.0,0.0,0.0
558,2.0,0.0,0.0,0.0
559,2.0,0.0,0.0,0.0
560,2.0,-0.24868842959403992,6.031859397888184,0.0
561,2.0,0.0,0.0,0.0
562,2.0,0.0,0.0,0.0
563,2.0,1.0860063098517332e-42,1.991245117805565e-42,1.991245117805565e-42
564,2.0,0.0,0.0,0.0
565,2.0,0.0,0.0,0.0
566,2.0,0.0,0.0,0.0
567,2.0,1.991245117805565e-42,2.251886632169981e-42,1.991245117805565e-42
568,2.0,0.0,0.0,0.0
569,2.0,0.0,0.0,0.0
570,2.0,-0.770513653755188,4.021239280700684,0.0
571,2.0,0.0,0.0,0.0
572,2.0,0.0,0.0,0.0
573,2.0,0.0,0.0,0.0
574,2.0,-3.480780839920044,-34.08290100097656,0.0
575,2.0,0.0,0.0,0.0
576,2.0,0.0,0.0,0.0
577,2.0,1.991245117805565e-42,2.251886632169981e-42,1.991245117805565e-42
578,2.0,0.0,0.0,0.0
579,2.0,0.0,0.0,0.0
580,2.0,0.0,0.0,0.0
581,2.0,1.0860063098517332e-42,1.991245117805565e-42,1.991245117805565e-42
582,2.0,0.0,0.0,0.0
583,2.0,0.0,0.0,0.0
584,2.0,0.0,0.0,0.0
585,2.0,0.0,0.0,0.0
586,2.0,0.0,0.0,0.0
587,2.0,0.0,0.0,0.0
588,2.0,-3.7991292476654053,-35.62294387817383,0.0
589,2.0,0.0,0.0,0.0
590,2.0,0.0,0.0,0.0
591,2.0,1.0860063098517332e-42,1.991245117805565e-42,1.991245117805565e-42
592,2.0,0.0,0.0,0.0
593,2.0,0.0,0.0,0.0
594,2.0,0.0,0.0,0.0
595,2.0,0.0,0.0,0.0
596,2.0,0.0,0.0,0.0
597,2.0,0.0,0.0,0.0
598,2.0,1.0860063098517332e-42,1.991245117805565e-42,1.991245117805565e-42
599,2.0,0.0,0.0,0.0
600,2.0,0.0,0.0,0.0
601,2.0,0.0,0.0,0.0
602,2.0,-4.061030864715576,-37.25818634033203,0.0
603,2.0,0.0,0.0,0.0
604,2.0,0.0,0.0,0.0
605,2.0,1.0860063098517332e-42,1.991245117805565e-42,1.991245117805565e-42
606,2.0,0.0,0.0,0.0
607,2.0,0.0,0.0,0.0
608,2.0,0.0,0.0,0.0
609,2.0,0.0,0.0,0.0
610,2.0,0.0,0.0,0.0
611,2.0,0.0,0.0,0.0
612,2.0,1.0860063098517332e-42,1.991245117805565e-42,1.991245117805565e-42
613,2.0,0.0,0.0,0.0
614,2.0,0.0,0.0,0.0
615,2.0,0.0,0.0,0.0
616,2.0,0.0,0.0,0.0
617,2.0,0.0,0.0,0.0
618,2.0,0.0,0.0,0.0
619,2.0,1.991245117805565e-42,2.251886632169981e-42,1.991245117805565e-42
620,2.0,0.0,0.0,0.0
621,2.0,0.0,0.0,0.0
622,2.0,-4.479669570922852,-39.6919059753418,0.0
623,2.0,0.0,0.0,0.0
624,2.0,0.0,0.0,0.0
625,2.0,0.0,0.0,0.0
626,2.0,-4.575721740722656,-40.22514724731445,0.0
627,2.0,0.0,0.0,0.0
628,2.0,0.0,0.0,0.0
629,2.0,1.0860063098517332e-42,1.991245117805565e-42,1.991245117805565e-42
630,2.0,0.0,0.0,0.0
631,2.0,0.0,0.0,0.0
632,2.0,0.0,0.0,0.0
633,2.0,1.991245117805565e-42,2.251886632169981e-42,1.991245117805565e-42
634,2.0,0.0,0.0,0.0
635,2.0,0.0,0.0,0.0
636,2.0,0.0,0.0,0.0
637,2.0,0.0,0.0,0.0
638,2.0,0.0,0.0,0.0
639,2.0,0.0,0.0,0.0
640,2.0,0.9048271179199219,2.0106191635131836,0.0
641,2.0,0.0,0.0,0.0
642,2.0,0.0,0.0,0.0
643,2.0,1.991245117805565e-42,2.251886632169981e-42,1.991245117805565e-42
644,2.0,0.0,0.0,0.0
645,2.0,0.0,0.0,0.0
646,2.0,0.0,0.0,0.0
647,2.0,1.991245117805565e-42,2.251886632169981e-42,1.991245117805565e-42
648,2.0,0.0,0.0,0.0
649,2.0,0.0,0.0,0.0
650,2.0,-5.055389404296875,-43.341941833496094,0.0
651,2.0,0.0,0.0,0.0
652,2.0,0.0,0.0,0.0
653,2.0,0.0,0.0,0.0
654,2.0,-5.153309345245361,-43.921424865722656,0.0
655,2.0,0.0,0.0,0.0
656,2.0,0.0,0.0,0.0
657,2.0,1.0860063098517332e-42,1.991245117805565e-42,1.991245117805565e-42
658,2.0,0.0,0.0,0.0
659,2.0,0.0,0.0,0.0
660,2.0,0.0,0.0,0.0
661,2.0,1.0860063098517332e-42,1.991245117805565e-42,1.991245117805565e-42
662,2.0,0.0,0.0,0.0
663,2.0,0.0,0.0,0.0
664,2.0,0.0,0.0,0.0
665,2.0,0.0,0.0,0.0
666,2.0,0.0,0.0,0.0
667,2.0,0.0,0.0,0.0
668,2.0,-5.47761869430542,-45.88003158569336,0.0
669,2.0,0.0,0.0,0.0
670,2.0,0.0,0.0,0.0
671,2.0,1.991245117805565e-42,2.251886632169981e-42,1.991245117805565e-42
672,2.0,0.0,0.0,0.0
673,2.0,0.0,0.0,0.0
674,2.0,0.0,0.0,0.0
675,2.0,1.0860063098517332e-42,1.991245117805565e-42,1.991245117805565e-42
676,2.0,0.0,0.0,0.0
677,2.0,0.0,0.0,0.0
678,2.0,-5.7012858390808105,-47.39225387573242,0.0
679,2.0,0.0,0.0,0.0
680,2.0,0.0,0.0,0.0
681,2.0,0.0,0.0,0.0
682,2.0,-5.799189567565918,-47.93124771118164,0.0
683,2.0,0.0,0.0,0.0
684,2.0,0.0,0.0,0.0
685,2.0,1.991245117805565e-42,2.4116346571030102e-42,1.991245117805565e-42
686,2.0,0.0,0.0,0.0
687,2.0,0.0,0.0,0.0
688,2.0,0.0,0.0,0.0
689,2.0,1.0860063098517332e-42,1.991245117805565e-42,1.991245117805565e-42
690,2.0,0.0,0.0,0.0
691,2.0,0.0,0.0,0.0
692,2.0,1.0860063098517332e-42,1.991245117805565e-42,1.991245117805565e-42
693,2.0,0.0,0.0,0.0
694,2.0,0.0,0.0,0.0
695,2.0,0.0,0.0,0.0
696,2.0,-6.140381336212158,-50.05661392211914,0.0
697,2.0,0.0,0.0,0.0
698,2.0,0.0,0.0,0.0
699,2.0,1.991245117805565e-42,2.896483925759397e-42,1.991245117805565e-42
700,2.0,0.0,0.0,0.0
701,2.0,0.0,0.0,0.0
702,2.0,0.0,0.0,0.0
703,2.0,1.0860063098517332e-42,1.991245117805565e-42,1.991245117805565e-42
704,2.0,0.0,0.0,0.0
705,2.0,0.0,0.0,0.0
706,2.0,-6.401766300201416,-51.69702911376953,0.0
707,2.0,0.0,0.0,0.0
708,2.0,0.0,0.0,0.0
709,2.0,0.0,0.0,0.0
710,2.0,-6.501342296600342,-52.28437423706055,0.0
711,2.0,0.0,0.0,0.0
712,2.0,0.0,0.0,0.0
713,2.0,0.4817536473274231,0.5026547908782959,0.0
714,2.0,0.0,0.0,0.0
715,2.0,0.0,0.0,0.0
716,2.0,0.0,0.0,0.0
717,2.0,1.0860063098517332e-42,1.991245117805565e-42,1.991245117805565e-42
718,2.0,0.0,0.0,0.0
719,2.0,0.0,0.0,0.0
720,2.0,1.0860063098517332e-42,1.991245117805565e-42,1.991245117805565e-42
721,2.0,0.0,0.0,0.0
722,2.0,0.0,0.0,0.0
723,2.0,0.0,0.0,0.0
724,2.0,-6.85518217086792,-54.613319396972656,0.0
725,2.0,0.0,0.0,0.0
726,2.0,0.0,0.0,0.0
727,2.0,1.991245117805565e-42,1.9730282377693424e-42,1.898759419160127e-42
728,2.0,0.0,0.0,0.0
729,2.0,0.0,0.0,0.0
730,2.0,1.991245117805565e-42,2.0585074440931563e-42,1.884746434516879e-42
731,2.0,0.0,0.0,0.0
732,2.0,0.0,0.0,0.0
733,2.0,0.0,0.0,0.0
734,2.0,1.991245117805565e-42,2.0571061456288315e-42,1.53302051997135e-42
735,2.0,0.0,0.0,0.0
736,2.0,0.0,0.0,0.0
737,2.0,1.0860063098517332e-42,1.991245117805565e-42,1.991245117805565e-42
738,2.0,0.0,0.0,0.0
739,2.0,0.0,0.0,0.0
740,2.0,0.0,0.0,0.0
741,2.0,-7.3685221672058105,-57.683876037597656,0.0
742,2.0,0.0,0.0,0.0
743,2.0,0.0,0.0,0.0
744,2.0,1.0860063098517332e-42,1.991245117805565e-42,1.991245117805565e-42
745,2.0,0.0,0.0,0.0
746,2.0,0.0,0.0,0.0
747,2.0,0.0,0.0,0.0
748,2.0,-7.562676429748535,-58.898319244384766,0.0
749,2.0,0.0,0.0,0.0
750,2.0,0.0,0.0,0.0
751,2.0,1.0860063098517332e-42,1.991245117805565e-42,1.991245117805565e-42
752,2.0,0.0,0.0,0.0
753,2.0,0.0,0.0,0.0
754,2.0,0.0,0.0,0.0
755,2.0,1.0860063098517332e-42,1.991245117805565e-42,1.991245117805565e-42
756,2.0,0.0,0.0,0.0
757,2.0,0.0,0.0,0.0
758,2.0,-7.872664451599121,-60.83403015136719,0.0
759,2.0,0.0,0.0,0.0
760,2.0,0.0,0.0,0.0
761,2.0,0.0,0.0,0.0
762,2.0,1.991245117805565e-42,2.1692100227748168e-42,2.7283281100404188e-42
763,2.0,0.0,0.0,0.0
764,2.0,0.0,0.0,0.0
765,2.0,0.9510564804077148,1.2566369771957397,0.0
766,2.0,0.0,0.0,0.0
767,2.0,0.0,0.0,0.0
768,2.0,0.0,0.0,0.0
769,2.0,1.991245117805565e-42,2.2238606628834847e-42,2.896483925759397e-42
770,2.0,0.0,0.0,0.0
771,2.0,0.0,0.0,0.0
772,2.0,0.24868984520435333,0.25132736563682556,0.0
773,2.0,0.0,0.0,0.0
774,2.0,0.0,0.0,0.0
775,2.0,0.0,0.0,0.0
776,2.0,-8.426365852355957,-64.26016235351562,0.0
777,2.0,0.0,0.0,0.0
778,2.0,0.0,0.0,0.0
779,2.0,0.0,0.0,0.0
780,2.0,0.0,0.0,0.0
781,2.0,0.0,0.0,0.0
782,2.0,0.0,0.0,0.0
783,2.0,1.0860063098517332e-42,1.991245117805565e-42,1.991245117805565e-42
784,2.0,0.0,0.0,0.0
785,2.0,0.0,0.0,0.0
786,2.0,-8.76830005645752,-66.39302062988281,0.0
787,2.0,0.0,0.0,0.0
788,2.0,0.0,0.0,0.0
789,2.0,0.0,0.0,0.0
790,2.0,1.991245117805565e-42,2.2098476782402365e-42,1.991245117805565e-42
791,2.0,0.0,0.0,0.0
792,2.0,0.0,0.0,0.0
793,2.0,-0.9822874069213867,4.523894309997559,0.0
794,2.0,0.0,0.0,0.0
795,2.0,0.0,0.0,0.0
796,2.0,0.0,0.0,0.0
797,2.0,1.991245117805565e-42,2.2098476782402365e-42,1.991245117805565e-42
798,2.0,0.0,0.0,0.0
799,2.0,0.0,0.0,0.0
800,2.0,-0.24868842959403992,6.031859397888184,0.0
801,2.0,0.0,0.0,0.0
802,2.0,0.0,0.0,0.0
803,2.0,0.0,0.0,0.0
804,2.0,-9.382538795471191,-70.17037963867188,0.0
805,2.0,0.0,0.0,0.0
806,2.0,0.0,0.0,0.0
807,2.0,0.0,0.0,0.0
808,2.0,0.0,0.0,0.0
809,2.0,0.0,0.0,0.0
810,2.0,0.0,0.0,0.0
811,2.0,2.8684579564729005e-42,2.2098476782402365e-42,1.991245117805565e-42
812,2.0,0.0,0.0,0.0
813,2.0,0.0,0.0,0.0
814,2.0,-9.785764694213867,-72.48749542236328,0.0
815,2.0,0.0,0.0,0.0
816,2.0,0.0,0.0,0.0
817,2.0,0.0,0.0,0.0
818,2.0,1.0860063098517332e-42,1.991245117805565e-42,1.991245117805565e-42
819,2.0,0.0,0.0,0.0
820,2.0,0.0,0.0,0.0
821,2.0,-10.046069145202637,-74.00841522216797,0.0
822,2.0,0.0,0.0,0.0
823,2.0,0.0,0.0,0.0
824,2.0,0.0,0.0,0.0
825,2.0,1.0860063098517332e-42,1.991245117805565e-42,1.991245117805565e-42
826,2.0,0.0,0.0,0.0
827,2.0,0.0,0.0,0.0
828,2.0,-10.333276748657227,-75.72270202636719,0.0
829,2.0,0.0,0.0,0.0
830,2.0,0.0,0.0,0.0
831,2.0,0.0,0.0,0.0
832,2.0,0.0,0.0,0.0
833,2.0,0.0,0.0,0.0
834,2.0,0.0,0.0,0.0
835,2.0,1.0860063098517332e-42,1.991245117805565e-42,1.991245117805565e-42
836,2.0,0.0,0.0,0.0
837,2.0,0.0,0.0,0.0
838,2.0,0.0,0.0,0.0
839,2.0,1.0860063098517332e-42,1.991245117805565e-42,1.991245117805565e-42
840,2.0,0.0,0.0,0.0
841,2.0,0.0,0.0,0.0
842,2.0,-10.881806373596191,-79.09105682373047,0.0
843,2.0,0.0,0.0,0.0
844,2.0,0.0,0.0,0.0
845,2.0,0.0,0.0,0.0
846,2.0,0.0,0.0,0.0
847,2.0,0.0,0.0,0.0
848,2.0,0.0,0.0,0.0
849,2.0,-11.174027442932129,-80.94392395019531,0.0
850,2.0,0.0,0.0,0.0
851,2.0,0.0,0.0,0.0
852,2.0,1.0860063098517332e-42,1.991245117805565e-42,1.991245117805565e-42
853,2.0,0.0,0.0,0.0
854,2.0,0.0,0.0,0.0
855,2.0,0.0,0.0,0.0
856,2.0,2.802596928649634e-42,2.2098476782402365e-42,1.991245117805565e-42
857,2.0,0.0,0.0,0.0
858,2.0,0.0,0.0,0.0
859,2.0,0.0,0.0,0.0
860,2.0,0.0,0.0,0.0
861,2.0,0.0,0.0,0.0
862,2.0,0.0,0.0,0.0
863,2.0,-0.24868842959403992,6.031859397888184,0.0
864,2.0,0.0,0.0,0.0
865,2.0,0.0,0.0,0.0
866,2.0,2.0346853701996344e-42,2.2098476782402365e-42,1.991245117805565e-42
867,2.0,0.0,0.0,0.0
868,2.0,0.0,0.0,0.0
869,2.0,0.0,0.0,0.0
870,2.0,1.991245117805565e-42,2.2098476782402365e-42,1.991245117805565e-42
871,2.0,0.0,0.0,0.0
872,2.0,0.0,0.0,0.0
873,2.0,-12.198089599609375,-87.19440460205078,0.0
874,2.0,0.0,0.0,0.0
875,2.0,0.0,0.0,0.0
876,2.0,0.0,0.0,0.0
877,2.0,-12.37690258026123,-88.37776947021484,0.0
878,2.0,0.0,0.0,0.0
879,2.0,0.0,0.0,0.0
880,2.0,1.0860063098517332e-42,1.991245117805565e-42,1.991245117805565e-42
881,2.0,0.0,0.0,0.0
882,2.0,0.0,0.0,0.0
883,2.0,0.0,0.0,0.0
884,2.0,2.092138607236952e-42,2.2098476782402365e-42,1.991245117805565e-42
885,2.0,0.0,0.0,0.0
886,2.0,0.0,0.0,0.0
887,2.0,0.0,0.0,0.0
888,2.0,0.0,0.0,0.0
889,2.0,0.0,0.0,0.0
890,2.0,0.0,0.0,0.0
891,2.0,-12.9815034866333,-92.35801696777344,0.0
892,2.0,0.0,0.0,0.0
893,2.0,0.0,0.0,0.0
894,2.0,1.9954490131985395e-42,2.2098476782402365e-42,1.991245117805565e-42
895,2.0,0.0,0.0,0.0
896,2.0,0.0,0.0,0.0
897,2.0,0.0,0.0,0.0
898,2.0,1.0860063098517332e-42,1.991245117805565e-42,1.991245117805565e-42
899,2.0,0.0,0.0,0.0
900,2.0,0.0,0.0,0.0
901,2.0,2.0360866686639592e-42,2.2098476782402365e-42,1.991245117805565e-42
902,2.0,0.0,0.0,0.0
903,2.0,0.0,0.0,0.0
904,2.0,0.0,0.0,0.0
905,2.0,-13.587697982788086,-96.5242691040039,0.0
906,2.0,0.0,0.0,0.0
907,2.0,0.0,0.0,0.0
908,2.0,2.0641126379504555e-42,2.2098476782402365e-42,1.991245117805565e-42
909,2.0,0.0,0.0,0.0
910,2.0,0.0,0.0,0.0
911,2.0,0.0,0.0,0.0
912,2.0,1.0860063098517332e-42,1.991245117805565e-42,1.991245117805565e-42
913,2.0,0.0,0.0,0.0
914,2.0,0.0,0.0,0.0
915,2.0,1.0860063098517332e-42,1.991245117805565e-42,1.991245117805565e-42
916,2.0,0.0,0.0,0.0
917,2.0,0.0,0.0,0.0
918,2.0,0.0,0.0,0.0
919,2.0,-14.226759910583496,-100.8753433227539,0.0
920,2.0,0.0,0.0,0.0
921,2.0,0.0,0.0,0.0
922,2.0,1.991245117805565e-42,2.2098476782402365e-42,1.991245117805565e-42
923,2.0,0.0,0.0,0.0
924,2.0,0.0,0.0,0.0
925,2.0,0.0,0.0,0.0
926,2.0,1.0860063098517332e-42,1.991245117805565e-42,1.991245117805565e-42
927,2.0,0.0,0.0,0.0
928,2.0,0.0,0.0,0.0
929,2.0,-14.712043762207031,-104.22077178955078,0.0
930,2.0,0.0,0.0,0.0
931,2.0,0.0,0.0,0.0
932,2.0,0.0,0.0,0.0
933,2.0,-14.864879608154297,-105.4377212524414,0.0
934,2.0,0.0,0.0,0.0
935,2.0,0.0,0.0,0.0
936,2.0,1.991245117805565e-42,2.2098476782402365e-42,1.991245117805565e-42
937,2.0,0.0,0.0,0.0
938,2.0,0.0,0.0,0.0
939,2.0,0.0,0.0,0.0
940,2.0,0.0,0.0,0.0
941,2.0,0.0,0.0,0.0
942,2.0,0.0,0.0,0.0
943,2.0,1.0860063098517332e-42,1.991245117805565e-42,1.991245117805565e-42
944,2.0,0.0,0.0,0.0
945,2.0,0.0,0.0,0.0
946,2.0,0.0,0.0,0.0
947,2.0,-15.469513893127441,-110.1866455078125,0.0
948,2.0,0.0,0.0,0.0
949,2.0,0.0,0.0,0.0
950,2.0,1.991245117805565e-42,2.2098476782402365e-42,1.991245117805565e-42
951,2.0,0.0,0.0,0.0
952,2.0,0.0,0.0,0.0
953,2.0,0.0,0.0,0.0
954,2.0,1.0860063098517332e-42,1.991245117805565e-42,1.991245117805565e-42
955,2.0,0.0,0.0,0.0
956,2.0,0.0,0.0,0.0
957,2.0,-15.925675392150879,-113.8145523071289,0.0
958,2.0,0.0,0.0,0.0
959,2.0,0.0,0.0,0.0
960,2.0,0.0,0.0,0.0
961,2.0,0.0,0.0,0.0
962,2.0,0.0,0.0,0.0
963,2.0,0.0,0.0,0.0
964,2.0,1.0860063098517332e-42,1.991245117805565e-42,1.991245117805565e-42
965,2.0,0.0,0.0,0.0
966,2.0,0.0,0.0,0.0
967,2.0,-16.360027313232422,-117.35032653808594,0.0
968,2.0,0.0,0.0,0.0
969,2.0,0.0,0.0,0.0
970,2.0,0.0,0.0,0.0
971,2.0,-16.539569854736328,-118.92620086669922,0.0
972,2.0,0.0,0.0,0.0
973,2.0,0.0,0.0,0.0
974,2.0,1.0860063098517332e-42,1.991245117805565e-42,1.991245117805565e-42
975,2.0,0.0,0.0,0.0
976,2.0,0.0,0.0,0.0
977,2.0,0.0,0.0,0.0
978,2.0,1.0860063098517332e-42,1.991245117805565e-42,1.991245117805565e-42
979,2.0,0.0,0.0,0.0
980,2.0,0.0,0.0,0.0
981,2.0,1.991245117805565e-42,2.2098476782402365e-42,1.991245117805565e-42
982,2.0,0.0,0.0,0.0
983,2.0,0.0,0.0,0.0
984,2.0,0.0,0.0,0.0
985,2.0,1.991245117805565e-42,2.2098476782402365e-42,1.991245117805565e-42
986,2.0,0.0,0.0,0.0
987,2.0,0.0,0.0,0.0
988,2.0,-0.8443272709846497,5.277876853942871,0.0
989,2.0,0.0,0.0,0.0
990,2.0,0.0,0.0,0.0
991,2.0,0.0,0.0,0.0
992,2.0,1.991245117805565e-42,2.2084463797759117e-42,1.991245117805565e-42
993,2.0,0.0,0.0,0.0
994,2.0,0.0,0.0,0.0
995,2.0,-0.5877857208251953,3.769911766052246,0.0
996,2.0,0.0,0.0,0.0
997,2.0,0.0,0.0,0.0
998,2.0,0.0,0.0,0.0
999,2.0,-17.63584327697754,-129.7582550048828,0.0
1000,2.0,0.0,0.0,0.0
1001,2.0,0.0,0.0,0.0
1002,2.0,0.0,0.0,0.0
1003,2.0,0.0,0.0,0.0
1004,2.0,0.0,0.0,0.0
1005,2.0,0.0,0.0,0.0
1006,2.0,1.0860063098517332e-42,1.991245117805565e-42,1.991245117805565e-42
1007,2.0,0.0,0.0,0.0
1008,1.9996999502182007,0.0,0.0,0.0
1009,1.9874999523162842,-17.984189987182617,-133.9890899658203,0.0
1010,1.9632999897003174,0.0,0.0,0.0
1011,1.9270999431610107,0.0,0.0,0.0
1012,1.8788000345230103,0.0,0.0,0.0
1013,1.81850004196167,1.991245117805565e-42,2.2098476782402365e-42,1.991245117805565e-42
1014,1.7461999654769897,0.0,0.0,0.0
1015,1.6618000268936157,0.0,0.0,0.0
1016,1.565500020980835,0.4817536473274231,0.5026547908782959,0.0
1017,1.4571000337600708,0.0,0.0,0.0
1018,1.3366999626159668,0.0,0.0,0.0
1019,2.0,0.0,0.0,0.0
1020,2.0,2.896483925759397e-42,1.991245117805565e-42,1.991245117805565e-42
1021,2.0,0.0,0.0,0.0
1022,2.0,0.0,0.0,0.0
1023,2.0,2.896483925759397e-42,1.991245117805565e-42,1.991245117805565e-42
1024,2.0,0.0,0.0,0.0
1025,2.0,0.0,0.0,0.0
1026,2.0,0.0,0.0,0.0
1027,2.0,-18.521242141723633,-141.53265380859375,0.0
1028,2.0,0.0,0.0,0.0
1029,2.0,0.0,0.0,0.0
1030,2.0,0.0,0.0,0.0
1031,2.0,0.0,0.0,0.0
1032,2.0,0.0,0.0,0.0
1033,2.0,0.0,0.0,0.0
1034,2.0,2.896483925759397e-42,1.991245117805565e-42,1.991245117805565e-42
1035,2.0,0.0,0.0,0.0
1036,2.0,0.0,0.0,0.0
1037,2.0,-18.78990364074707,-146.10556030273438,0.0
1038,2.0,0.0,0.0,0.0
1039,2.0,0.0,0.0,0.0
1040,2.0,0.0,0.0,0.0
1041,2.0,2.896483925759397e-42,1.991245117805565e-42,1.991245117805565e-42
1042,2.0,0.0,0.0,0.0
1043,2.0,0.0,0.0,0.0
1044,2.0,1.6053570561780361e-06,6.283186912536621,0.0
1045,2.0,0.0,0.0,0.0
1046,2.0,0.0,0.0,0.0
1047,2.0,0.0,0.0,0.0
1048,2.0,1.991245117805565e-42,1.8188854066936126e-42,1.991245117805565e-42
1049,2.0,0.0,0.0,0.0
1050,2.0,0.0,0.0,0.0
1051,2.0,-19.041934967041016,-152.48744201660156,0.0
1052,2.0,0.0,0.0,0.0
1053,2.0,0.0,0.0,0.0
1054,2.0,0.0,0.0,0.0
1055,2.0,2.896483925759397e-42,1.991245117805565e-42,1.991245117805565e-42
1056,2.0,0.0,0.0,0.0
1057,2.0,0.0,0.0,0.0
1058,2.0,-19.130373001098633,-155.6131134033203,0.0
1059,2.0,0.0,0.0,0.0
1060,2.0,0.0,0.0,0.0
1061,2.0,0.0,0.0,0.0
1062,2.0,2.896483925759397e-42,1.991245117805565e-42,1.991245117805565e-42
1063,2.0,0.0,0.0,0.0
1064,2.0,0.0,0.0,0.0
1065,2.0,-19.19359016418457,-159.08592224121094,0.0
1066,2.0,0.0,0.0,0.0
1067,2.0,0.0,0.0,0.0
1068,2.0,0.0,0.0,0.0
1069,2.0,0.0,0.0,0.0
1070,2.0,0.0,0.0,0.0
1071,2.0,0.0,0.0,0.0
1072,2.0,2.896483925759397e-42,1.991245117805565e-42,1.991245117805565e-42
1073,2.0,0.0,0.0,0.0
1074,2.0,0.0,0.0,0.0
1075,2.0,0.0,0.0,0.0
1076,2.0,0.0,0.0,0.0
1077,2.0,0.0,0.0,0.0
1078,2.0,0.0,0.0,0.0
1079,2.0,1.0860063098517332e-42,2.2098476782402365e-42,1.991245117805565e-42
1080,2.0,0.0,0.0,0.0
1081,2.0,0.0,0.0,0.0
1082,2.0,2.896483925759397e-42,1.991245117805565e-42,1.991245117805565e-42
1083,2.0,0.0,0.0,0.0
1084,2.0,0.0,0.0,0.0
1085,2.0,0.0,0.0,0.0
1086,2.0,0.5877851843833923,2.5132741928100586,0.0
1087,2.0,0.0,0.0,0.0
1088,2.0,0.0,0.0,0.0
1089,2.0,2.244880139848357e-42,1.8188854066936126e-42,1.991245117805565e-42
1090,2.0,0.0,0.0,0.0
1091,2.0,0.0,0.0,0.0
1092,2.0,0.0,0.0,0.0
1093,2.0,2.5237385342489955e-42,2.2098476782402365e-42,1.991245117805565e-42
1094,2.0,0.0,0.0,0.0
1095,2.0,0.0,0.0,0.0
1096,2.0,-19.15758514404297,-174.55374145507812,0.0
1097,2.0,0.0,0.0,0.0
1098,2.0,0.0,0.0,0.0
1099,2.0,0.0,0.0,0.0
1100,2.0,-19.095083236694336,-176.76072692871094,0.0
1101,2.0,0.0,0.0,0.0
1102,2.0,0.0,0.0,0.0
1103,2.0,2.896483925759397e-42,1.991245117805565e-42,1.991245117805565e-42
1104,2.0,0.0,0.0,0.0
1105,2.0,0.0,0.0,0.0
1106,2.0,0.0,0.0,0.0
1107,2.0,2.6596644852885028e-42,2.2098476782402365e-42,1.991245117805565e-42
1108,2.0,0.0,0.0,0.0
1109,2.0,0.0,0.0,0.0
1110,2.0,0.0,0.0,0.0
1111,2.0,0.0,0.0,0.0
1112,2.0,0.0,0.0,0.0
1113,2.0,0.0,0.0,0.0
1114,2.0,-0.9048274159431458,4.272566795349121,0.0
1115,2.0,0.0,0.0,0.0
1116,2.0,0.0,0.0,0.0
1117,2.0,2.0164684901634118e-42,1.8188854066936126e-42,1.991245117805565e-42
1118,2.0,0.0,0.0,0.0
1119,2.0,0.0,0.0,0.0
1120,2.0,0.0,0.0,0.0
1121,2.0,2.896483925759397e-42,1.991245117805565e-42,1.991245117805565e-42
1122,2.0,0.0,0.0,0.0
1123,2.0,0.0,0.0,0.0
1124,2.0,-18.552288055419922,170.64169311523438,0.0
1125,2.0,0.0,0.0,0.0
1126,2.0,0.0,0.0,0.0
1127,2.0,0.0,0.0,0.0
1128,2.0,-18.40169334411621,168.31167602539062,0.0
1129,2.0,0.0,0.0,0.0
1130,2.0,0.0,0.0,0.0
1131,2.0,1.991245117805565e-42,1.8188854066936126e-42,1.991245117805565e-42
1132,2.0,0.0,0.0,0.0
1133,2.0,0.0,0.0,0.0
1134,2.0,0.0,0.0,0.0
1135,2.0,2.896483925759397e-42,1.991245117805565e-42,1.991245117805565e-42
1136,2.0,0.0,0.0,0.0
1137,2.0,0.0,0.0,0.0
1138,2.0,-18.00734519958496,162.92506408691406,0.0
1139,2.0,0.0,0.0,0.0
1140,2.0,0.0,0.0,0.0
1141,2.0,0.0,0.0,0.0
1142,2.0,-17.826467514038086,160.54554748535156,0.0
1143,2.0,0.0,0.0,0.0
1144,2.0,0.0,0.0,0.0
1145,2.0,2.023474982485036e-42,1.8188854066936126e-42,1.991245117805565e-42
1146,2.0,0.0,0.0,0.0
1147,2.0,0.0,0.0,0.0
1148,2.0,0.0,0.0,0.0
1149,2.0,2.896483925759397e-42,1.991245117805565e-42,1.991245117805565e-42
1150,2.0,0.0,0.0,0.0
1151,2.0,0.0,0.0,0.0
1152,2.0,-17.311479568481445,154.6973876953125,0.0
1153,2.0,0.0,0.0,0.0
1154,2.0,0.0,0.0,0.0
1155,2.0,0.0,0.0,0.0
1156,2.0,-17.098840713500977,152.6063690185547,0.0
1157,2.0,0.0,0.0,0.0
1158,2.0,0.0,0.0,0.0
1159,2.0,1.9716269393050176e-42,1.8188854066936126e-42,1.991245117805565e-42
1160,2.0,0.0,0.0,0.0
1161,2.0,0.0,0.0,0.0
1162,2.0,0.0,0.0,0.0
1163,2.0,2.896483925759397e-42,1.991245117805565e-42,1.991245117805565e-42
1164,2.0,0.0,0.0,0.0
1165,2.0,0.0,0.0,0.0
1166,2.0,2.896483925759397e-42,1.991245117805565e-42,1.991245117805565e-42
1167,2.0,0.0,0.0,0.0
1168,2.0,0.0,0.0,0.0
1169,2.0,0.0,0.0,0.0
1170,2.0,-16.196195602416992,144.4469451904297,0.0
1171,2.0,0.0,0.0,0.0
1172,2.0,0.0,0.0,0.0
1173,2.0,1.991245117805565e-42,1.8188854066936126e-42,1.991245117805565e-42
1174,2.0,0.0,0.0,0.0
1175,2.0,0.0,0.0,0.0
1176,2.0,0.0,0.0,0.0
1177,2.0,2.896483925759397e-42,1.991245117805565e-42,1.991245117805565e-42
1178,2.0,0.0,0.0,0.0
1179,2.0,0.0,0.0,0.0
1180,2.0,-15.471606254577637,138.32928466796875,0.0
1181,2.0,0.0,0.0,0.0
1182,2.0,0.0,0.0,0.0
1183,2.0,0.0,0.0,0.0
1184,2.0,-15.187798500061035,136.14016723632812,0.0
1185,2.0,0.0,0.0,0.0
1186,2.0,0.0,0.0,0.0
1187,2.0,1.991245117805565e-42,1.8188854066936126e-42,1.991245117805565e-42
1188,2.0,0.0,0.0,0.0
1189,2.0,0.0,0.0,0.0
1190,2.0,0.0,0.0,0.0
1191,2.0,0.0,0.0,0.0
1192,2.0,0.0,0.0,0.0
1193,2.0,0.0,0.0,0.0
1194,2.0,0.24868984520435333,0.25132736563682556,0.0
1195,2.0,0.0,0.0,0.0
1196,2.0,0.0,0.0,0.0
1197,2.0,2.896483925759397e-42,1.991245117805565e-42,1.991245117805565e-42
1198,2.0,0.0,0.0,0.0
1199,2.0,0.0,0.0,0.0
1200,2.0,0.0,0.0,0.0
1201,2.0,0.9510564804077148,1.2566369771957397,0.0
1202,2.0,0.0,0.0,0.0
1203,2.0,0.0,0.0,0.0
1204,2.0,-13.45975112915039,123.85992431640625,0.0
1205,2.0,0.0,0.0,0.0
1206,2.0,0.0,0.0,0.0
1207,2.0,0.0,0.0,0.0
1208,2.0,1.991245117805565e-42,1.0860063098517332e-42,1.991245117805565e-42
1209,2.0,0.0,0.0,0.0
1210,2.0,0.0,0.0,0.0
1211,2.0,-0.12533360719680786,3.267256736755371,0.0
1212,2.0,0.0,0.0,0.0
1213,2.0,0.0,0.0,0.0
1214,2.0,0.0,0.0,0.0
1215,2.0,1.991245117805565e-42,1.8188854066936126e-42,1.991245117805565e-42
1216,2.0,0.0,0.0,0.0
1217,2.0,0.0,0.0,0.0
1218,2.0,1.991245117805565e-42,1.0860063098517332e-42,1.991245117805565e-42
1219,2.0,0.0,0.0,0.0
1220,2.0,0.0,0.0,0.0
1221,2.0,0.0,0.0,0.0
1222,2.0,-11.699259757995605,112.37628173828125,0.0
1223,2.0,0.0,0.0,0.0
1224,2.0,0.0,0.0,0.0
1225,2.0,2.896483925759397e-42,1.991245117805565e-42,1.991245117805565e-42
1226,2.0,0.0,0.0,0.0
1227,2.0,0.0,0.0,0.0
1228,2.0,0.0,0.0,0.0
1229,2.0,2.896483925759397e-42,1.991245117805565e-42,1.991245117805565e-42
1230,2.0,0.0,0.0,0.0
1231,2.0,0.0,0.0,0.0
1232,2.0,-10.601973533630371,105.74088287353516,0.0
1233,2.0,0.0,0.0,0.0
1234,2.0,0.0,0.0,0.0
1235,2.0,0.0,0.0,0.0
1236,2.0,1.991245117805565e-42,1.0860063098517332e-42,1.991245117805565e-42
1237,2.0,0.0,0.0,0.0
1238,2.0,0.0,0.0,0.0
1239,2.0,-0.36812499165534973,3.5185842514038086,0.0
1240,2.0,0.0,0.0,0.0
1241,2.0,0.0,0.0,0.0
1242,2.0,0.0,0.0,0.0
1243,2.0,1.991245117805565e-42,1.8188854066936126e-42,1.991245117805565e-42
1244,2.0,0.0,0.0,0.0
1245,2.0,0.0,0.0,0.0
1246,2.0,0.9048271179199219,2.0106191635131836,0.0
1247,2.0,0.0,0.0,0.0
1248,2.0,0.0,0.0,0.0
1249,2.0,0.0,0.0,0.0
1250,2.0,-8.683140754699707,94.1140365600586,0.0
1251,2.0,0.0,0.0,0.0
1252,2.0,0.0,0.0,0.0
1253,2.0,0.0,0.0,0.0
1254,2.0,0.0,0.0,0.0
1255,2.0,0.0,0.0,0.0
1256,2.0,0.0,0.0,0.0
1257,2.0,2.896483925759397e-42,1.991245117805565e-42,1.991245117805565e-42
1258,2.0,0.0,0.0,0.0
1259,2.0,0.0,0.0,0.0
1260,2.0,-7.501255035400391,87.15513610839844,0.0
1261,2.0,0.0,0.0,0.0
1262,2.0,0.0,0.0,0.0
1263,2.0,0.0,0.0,0.0
1264,2.0,1.991245117805565e-42,1.0860063098517332e-42,1.991245117805565e-42
1265,2.0,0.0,0.0,0.0
1266,2.0,0.0,0.0,0.0
1267,2.0,0.7705132365226746,2.261946678161621,0.0
1268,2.0,0.0,0.0,0.0
1269,2.0,0.0,0.0,0.0
1270,2.0,0.0,0.0,0.0
1271,2.0,1.991245117805565e-42,1.0860063098517332e-42,1.991245117805565e-42
1272,2.0,0.0,0.0,0.0
1273,2.0,0.0,0.0,0.0
1274,2.0,-0.5877857208251953,3.769911766052246,0.0
1275,2.0,0.0,0.0,0.0
1276,2.0,0.0,0.0,0.0
1277,2.0,0.0,0.0,0.0
1278,2.0,1.0860063098517332e-42,1.991245117805565e-42,1.991245117805565e-42
1279,2.0,0.0,0.0,0.0
1280,2.0,0.0,0.0,0.0
1281,2.0,-5.115784168243408,72.82052612304688,0.0
1282,2.0,0.0,0.0,0.0
1283,2.0,0.0,0.0,0.0
1284,2.0,0.0,0.0,0.0
1285,2.0,1.0860063098517332e-42,1.991245117805565e-42,1.991245117805565e-42
1286,2.0,0.0,0.0,0.0
1287,2.0,0.0,0.0,0.0
1288,2.0,-4.262747287750244,67.63416290283203,0.0
1289,2.0,0.0,0.0,0.0
1290,2.0,0.0,0.0,0.0
1291,2.0,0.0,0.0,0.0
1292,2.0,0.0,0.0,0.0
1293,2.0,0.0,0.0,0.0
1294,2.0,0.0,0.0,0.0
1295,2.0,1.0860063098517332e-42,1.991245117805565e-42,1.991245117805565e-42
1296,2.0,0.0,0.0,0.0
1297,2.0,0.0,0.0,0.0
1298,2.0,0.0,0.0,0.0
1299,2.0,1.0860063098517332e-42,1.991245117805565e-42,1.991245117805565e-42
1300,2.0,0.0,0.0,0.0
1301,2.0,0.0,0.0,0.0
1302,2.0,-2.6296305656433105,57.52017593383789,0.0
1303,2.0,0.0,0.0,0.0
1304,2.0,0.0,0.0,0.0
1305,2.0,0.0,0.0,0.0
1306,2.0,0.0,0.0,0.0
1307,2.0,0.0,0.0,0.0
1308,2.0,0.0,0.0,0.0
1309,2.0,0.9980267286300659,1.5079643726348877,0.0
1310,2.0,0.0,0.0,0.0
1311,2.0,0.0,0.0,0.0
1312,2.0,1.991245117805565e-42,1.0860063098517332e-42,1.991245117805565e-42
1313,2.0,0.0,0.0,0.0
1314,2.0,0.0,0.0,0.0
1315,2.0,0.0,0.0,0.0
1316,2.0,1.991245117805565e-42,1.0860063098517332e-42,1.991245117805565e-42
1317,2.0,0.0,0.0,0.0
1318,2.0,0.0,0.0,0.0
1319,2.0,-0.5662168860435486,45.062557220458984,0.0
1320,2.0,0.0,0.0,0.0
1321,2.0,0.0,0.0,0.0
1322,2.0,0.0,0.0,0.0
1323,2.0,-0.03761684149503708,42.002471923828125,0.0
1324,2.0,0.0,0.0,0.0
1325,2.0,0.0,0.0,0.0
1326,2.0,1.0860063098517332e-42,1.991245117805565e-42,1.991245117805565e-42
1327,2.0,0.0,0.0,0.0
1328,2.0,0.0,0.0,0.0
1329,2.0,0.0,0.0,0.0
1330,2.0,1.991245117805565e-42,1.0860063098517332e-42,1.991245117805565e-42
1331,2.0,0.0,0.0,0.0
1332,2.0,0.0,0.0,0.0
1333,2.0,0.0,0.0,0.0
1334,2.0,0.0,0.0,0.0
1335,2.0,0.0,0.0,0.0
1336,2.0,0.0,0.0,0.0
1337,2.0,-0.9048274159431458,4.272566795349121,0.0
1338,2.0,0.0,0.0,0.0
1339,2.0,0.0,0.0,0.0
1340,2.0,1.991245117805565e-42,1.0860063098517332e-42,1.991245117805565e-42
1341,2.0,0.0,0.0,0.0
1342,2.0,0.0,0.0,0.0
1343,2.0,0.0,0.0,0.0
1344,2.0,1.991245117805565e-42,1.0860063098517332e-42,1.991245117805565e-42
1345,2.0,0.0,0.0,0.0
1346,2.0,0.0,0.0,0.0
1347,2.0,1.5883759260177612,31.272560119628906,0.0
1348,2.0,0.0,0.0,0.0
1349,2.0,0.0,0.0,0.0
1350,2.0,0.0,0.0,0.0
1351,2.0,1.5998167991638184,30.3137149810791,0.0
1352,2.0,0.0,0.0,0.0
1353,2.0,0.0,0.0,0.0
1354,2.0,1.0860063098517332e-42,1.991245117805565e-42,1.991245117805565e-42
1355,2.0,0.0,0.0,0.0
1356,2.0,0.0,0.0,0.0
1357,2.0,0.0,0.0,0.0
1358,2.0,1.0860063098517332e-42,1.991245117805565e-42,1.991245117805565e-42
1359,2.0,0.0,0.0,0.0
1360,2.0,0.0,0.0,0.0
1361,2.0,1.6881266832351685,28.459257125854492,0.0
1362,2.0,0.0,0.0,0.0
1363,2.0,0.0,0.0,0.0
1364,2.0,0.0,0.0,0.0
1365,2.0,1.6690634489059448,27.750629425048828,0.0
1366,2.0,0.0,0.0,0.0
1367,2.0,0.0,0.0,0.0
1368,2.0,1.991245117805565e-42,1.0860063098517332e-42,1.991245117805565e-42
1369,2.0,0.0,0.0,0.0
1370,2.0,0.0,0.0,0.0
1371,2.0,0.0,0.0,0.0
1372,2.0,1.0860063098517332e-42,1.991245117805565e-42,1.991245117805565e-42
1373,2.0,0.0,0.0,0.0
1374,2.0,0.0,0.0,0.0
1375,2.0,1.6284818649291992,26.205751419067383,0.0
1376,2.0,0.0,0.0,0.0
1377,2.0,0.0,0.0,0.0
1378,2.0,0.0,0.0,0.0
1379,2.0,1.6394803524017334,25.711599349975586,0.0
1380,2.0,0.0,0.0,0.0
1381,2.0,0.0,0.0,0.0
1382,2.0,1.991245117805565e-42,1.0860063098517332e-42,1.991245117805565e-42
1383,2.0,0.0,0.0,0.0
1384,2.0,0.0,0.0,0.0
1385,2.0,0.0,0.0,0.0
1386,2.0,0.0,0.0,0.0
1387,2.0,0.0,0.0,0.0
1388,2.0,0.0,0.0,0.0
1389,2.0,1.0860063098517332e-42,1.991245117805565e-42,1.991245117805565e-42
1390,2.0,0.0,0.0,0.0
1391,2.0,0.0,0.0,0.0
1392,2.0,0.0,0.0,0.0
1393,2.0,1.6079844236373901,23.9534854888916,0.0
1394,2.0,0.0,0.0,0.0
1395,2.0,0.0,0.0,0.0
1396,2.0,1.991245117805565e-42,1.0860063098517332e-42,1.991245117805565e-42
1397,2.0,0.0,0.0,0.0
1398,2.0,0.0,0.0,0.0
1399,2.0,0.0,0.0,0.0
1400,2.0,1.0860063098517332e-42,1.991245117805565e-42,1.991245117805565e-42
1401,2.0,0.0,0.0,0.0
1402,2.0,0.0,0.0,0.0
1403,2.0,1.6143815517425537,22.796924591064453,0.0
1404,2.0,0.0,0.0,0.0
1405,2.0,0.0,0.0,0.0
1406,2.0,0.0,0.0,0.0
1407,2.0,1.6280059814453125,22.40886878967285,0.0
1408,2.0,0.0,0.0,0.0
1409,2.0,0.0,0.0,0.0
1410,2.0,1.991245117805565e-42,1.0860063098517332e-42,1.991245117805565e-42
1411,2.0,0.0,0.0,0.0
1412,2.0,0.0,0.0,0.0
1413,2.0,0.0,0.0,0.0
1414,2.0,0.0,0.0,0.0
1415,2.0,0.0,0.0,0.0
1416,2.0,0.0,0.0,0.0
1417,2.0,1.0860063098517332e-42,1.991245117805565e-42,1.991245117805565e-42
1418,2.0,0.0,0.0,0.0
1419,2.0,0.0,0.0,0.0
1420,2.0,0.0,0.0,0.0
1421,2.0,0.0,0.0,0.0
1422,2.0,0.0,0.0,0.0
1423,2.0,0.0,0.0,0.0
1424,2.0,1.0860063098517332e-42,1.991245117805565e-42,1.991245117805565e-42
1425,2.0,0.0,0.0,0.0
1426,2.0,0.0,0.0,0.0
1427,2.0,1.608388900756836,20.39385414123535,0.0
1428,2.0,0.0,0.0,0.0
1429,2.0,0.0,0.0,0.0
1430,2.0,0.0,0.0,0.0
1431,2.0,1.991245117805565e-42,1.0860063098517332e-42,1.991245117805565e-42
1432,2.0,0.0,0.0,0.0
1433,2.0,0.0,0.0,0.0
1434,2.0,1.0860063098517332e-42,1.991245117805565e-42,1.991245117805565e-42
1435,2.0,0.0,0.0,0.0
1436,2.0,0.0,0.0,0.0
1437,2.0,0.0,0.0,0.0
1438,2.0,1.590681791305542,19.337631225585938,0.0
1439,2.0,0.0,0.0,0.0
1440,2.0,0.0,0.0,0.0
1441,2.0,1.991245117805565e-42,1.0860063098517332e-42,1.991245117805565e-42
1442,2.0,0.0,0.0,0.0
1443,2.0,0.0,0.0,0.0
1444,2.0,0.0,0.0,0.0
1445,2.0,1.5602178573608398,18.739303588867188,0.0
1446,2.0,0.0,0.0,0.0
1447,2.0,0.0,0.0,0.0
1448,2.0,1.0860063098517332e-42,1.991245117805565e-42,1.991245117805565e-42
1449,2.0,0.0,0.0,0.0
1450,2.0,0.0,0.0,0.0
1451,2.0,0.0,0.0,0.0
1452,2.0,1.0860063098517332e-42,1.991245117805565e-42,1.991245117805565e-42
1453,2.0,0.0,0.0,0.0
1454,2.0,0.0,0.0,0.0
1455,2.0,1.5139206647872925,17.868566513061523,0.0
1456,2.0,0.0,0.0,0.0
1457,2.0,0.0,0.0,0.0
1458,2.0,0.0,0.0,0.0
1459,2.0,1.991245117805565e-42,1.0860063098517332e-42,1.991245117805565e-42
1460,2.0,0.0,0.0,0.0
1461,2.0,0.0,0.0,0.0
1462,2.0,-0.951056182384491,5.026549339294434,0.0
1463,2.0,0.0,0.0,0.0
1464,2.0,0.0,0.0,0.0
1465,2.0,0.0,0.0,0.0
1466,2.0,1.991245117805565e-42,1.0860063098517332e-42,1.991245117805565e-42
1467,2.0,0.0,0.0,0.0
1468,2.0,0.0,0.0,0.0
1469,2.0,-0.24868842959403992,6.031859397888184,0.0
1470,2.0,0.0,0.0,0.0
1471,2.0,0.0,0.0,0.0
1472,2.0,0.0,0.0,0.0
1473,2.0,1.4130523204803467,16.435216903686523,0.0
1474,2.0,0.0,0.0,0.0
1475,2.0,0.0,0.0,0.0
1476,2.0,0.0,0.0,0.0
1477,2.0,0.0,0.0,0.0
1478,2.0,0.0,0.0,0.0
1479,2.0,0.0,0.0,0.0
1480,2.0,1.0860063098517332e-42,1.991245117805565e-42,1.991245117805565e-42
1481,2.0,0.0,0.0,0.0
1482,2.0,0.0,0.0,0.0
1483,2.0,1.4353737831115723,15.615337371826172,0.0
1484,2.0,0.0,0.0,0.0
1485,2.0,0.0,0.0,0.0
1486,2.0,0.0,0.0,0.0
1487,2.0,1.991245117805565e-42,1.0860063098517332e-42,1.991245117805565e-42
1488,2.0,0.0,0.0,0.0
1489,2.0,0.0,0.0,0.0
1490,2.0,0.9822872877120972,1.7592917680740356,0.0
1491,2.0,0.0,0.0,0.0
1492,2.0,0.0,0.0,0.0
1493,2.0,0.0,0.0,0.0
1494,2.0,1.991245117805565e-42,1.0860063098517332e-42,1.991245117805565e-42
1495,2.0,0.0,0.0,0.0
1496,2.0,0.0,0.0,0.0
1497,2.0,0.24868984520435333,0.25132736563682556,0.0
1498,2.0,0.0,0.0,0.0
1499,2.0,0.0,0.0,0.0
1500,2.0,0.0,0.0,0.0
1501,2.0,1.991245117805565e-42,1.0860063098517332e-42,1.991245117805565e-42
1502,2.0,0.0,0.0,0.0
1503,2.0,0.0,0.0,0.0
1504,2.0,0.0,0.0,0.0
1505,2.0,0.0,0.0,0.0
1506,2.0,0.0,0.0,0.0
1507,2.0,0.0,0.0,0.0
1508,2.0,1.991245117805565e-42,1.0860063098517332e-42,1.991245117805565e-42
1509,2.0,0.0,0.0,0.0
1510,2.0,0.0,0.0,0.0
1511,2.0,1.3262004852294922,13.523346900939941,0.0
1512,2.0,0.0,0.0,0.0
1513,2.0,0.0,0.0,0.0
1514,2.0,0.0,0.0,0.0
1515,2.0,1.0860063098517332e-42,1.991245117805565e-42,1.991245117805565e-42
1516,2.0,0.0,0.0,0.0
1517,2.0,0.0,0.0,0.0
1518,2.0,1.2808247804641724,13.06108570098877,0.0
1519,2.0,0.0,0.0,0.0
1520,2.0,0.0,0.0,0.0
1521,2.0,0.0,0.0,0.0
1522,2.0,1.0860063098517332e-42,1.991245117805565e-42,1.991245117805565e-42
1523,2.0,0.0,0.0,0.0
1524,2.0,0.0,0.0,0.0
1525,2.0,1.2679040431976318,12.566231727600098,0.0
1526,2.0,0.0,0.0,0.0
1527,2.0,0.0,0.0,0.0
1528,2.0,0.0,0.0,0.0
1529,2.0,0.0,0.0,0.0
1530,2.0,0.0,0.0,0.0
1531,2.0,0.0,0.0,0.0
1532,2.0,1.0860063098517332e-42,1.991245117805565e-42,1.991245117805565e-42
1533,2.0,0.0,0.0,0.0
1534,2.0,0.0,0.0,0.0
1535,2.0,0.0,0.0,0.0
1536,2.0,0.0,0.0,0.0
1537,2.0,0.0,0.0,0.0
1538,2.0,0.0,0.0,0.0
1539,2.0,1.991245117805565e-42,1.0860063098517332e-42,1.991245117805565e-42
1540,2.0,0.0,0.0,0.0
1541,2.0,0.0,0.0,0.0
1542,2.0,1.1858803033828735,11.407007217407227,0.0
1543,2.0,0.0,0.0,0.0
1544,2.0,0.0,0.0,0.0
1545,2.0,0.0,0.0,0.0
1546,2.0,1.1777663230895996,11.12061882019043,0.0
1547,2.0,0.0,0.0,0.0
1548,2.0,0.0,0.0,0.0
1549,2.0,1.0860063098517332e-42,1.991245117805565e-42,1.991245117805565e-42
1550,2.0,0.0,0.0,0.0
1551,2.0,0.0,0.0,0.0
1552,2.0,0.0,0.0,0.0
1553,2.0,1.991245117805565e-42,1.0860063098517332e-42,1.991245117805565e-42
1554,2.0,0.0,0.0,0.0
1555,2.0,0.0,0.0,0.0
1556,2.0,0.0,0.0,0.0
1557,2.0,0.0,0.0,0.0
1558,2.0,0.0,0.0,0.0
1559,2.0,0.0,0.0,0.0
1560,2.0,0.24868984520435333,0.25132736563682556,0.0
1561,2.0,0.0,0.0,0.0
1562,2.0,0.0,0.0,0.0
1563,2.0,1.991245117805565e-42,1.0860063098517332e-42,1.991245117805565e-42
1564,2.0,0.0,0.0,0.0
1565,2.0,0.0,0.0,0.0
1566,2.0,0.0,0.0,0.0
1567,2.0,1.991245117805565e-42,1.0860063098517332e-42,1.991245117805565e-42
1568,2.0,0.0,0.0,0.0
1569,2.0,0.0,0.0,0.0
1570,2.0,1.0877095460891724,9.544414520263672,0.0
1571,2.0,0.0,0.0,0.0
1572,2.0,0.0,0.0,0.0
1573,2.0,0.0,0.0,0.0
1574,2.0,1.0718090534210205,9.27493953704834,0.0
1575,2.0,0.0,0.0,0.0
1576,2.0,0.0,0.0,0.0
1577,2.0,1.0860063098517332e-42,1.991245117805565e-42,1.991245117805565e-42
1578,2.0,0.0,0.0,0.0
1579,2.0,0.0,0.0,0.0
1580,2.0,0.0,0.0,0.0
1581,2.0,1.0860063098517332e-42,1.991245117805565e-42,1.991245117805565e-42
1582,2.0,0.0,0.0,0.0
1583,2.0,0.0,0.0,0.0
1584,2.0,0.0,0.0,0.0
1585,2.0,0.0,0.0,0.0
1586,2.0,0.0,0.0,0.0
1587,2.0,0.0,0.0,0.0
