idx,pos_x,pos_y,pos_z
0,-0.4257785677909851,-0.9048274159431458,4.272566795349121,0.0
1,-0.18738044798374176,-0.9822874069213867,4.523894309997559,0.0
2,0.06279151141643524,-0.9980266690254211,4.775221824645996,0.0
3,0.3090180456638336,-0.951056182384491,5.026549339294434,0.0
4,0.5358278155326843,-0.8443272709846497,5.277876853942871,0.0
5,0.7289695143699646,-0.684546172618866,5.529204368591309,0.0
6,0.8763073682785034,-0.4817524552345276,5.780531883239746,0.0
7,0.9685835242271423,-0.24868842959403992,6.031859397888184,0.0
8,1.0,1.6053570561780361e-06,6.283186912536621,0.0
9,0.9685835242271423,-0.24868842959403992,6.031859397888184,0.0
10,0.8763073682785034,-0.4817524552345276,5.780531883239746,1.991245117805565e-42
11,0.7289695143699646,-0.684546172618866,5.529204368591309,0.0
12,0.5358278155326843,-0.8443272709846497,5.277876853942871,0.0
13,0.3090180456638336,-0.951056182384491,5.026549339294434,0.0
14,0.06279151141643524,-0.9980266690254211,4.775221824645996,0.0
15,-0.18738044798374176,-0.9822874069213867,4.523894309997559,0.0
16,-0.4257785677909851,-0.9048274159431458,4.272566795349121,0.0
17,-0.6374234557151794,-0.770513653755188,4.021239280700684,0.0
18,-0.8090166449546814,-0.5877857208251953,3.769911766052246,0.0
19,-0.9297763109207153,-0.36812499165534973,3.5185842514038086,0.0
20,-0.9921146631240845,-0.12533360719680786,3.267256736755371,0.0
21,-0.9921147227287292,0.12533296644687653,3.0159292221069336,0.0
22,-0.9297765493392944,0.368124395608902,2.764601707458496,0.0
23,-0.8090170621871948,0.5877851843833923,2.5132741928100586,0.0
24,-0.6374239921569824,0.7705132365226746,2.261946678161621,0.0
25,-0.42577916383743286,0.9048271179199219,2.0106191635131836,0.0
26,-0.18738119304180145,0.9822872877120972,1.7592917680740356,0.0
27,0.06279061734676361,0.9980267286300659,1.5079643726348877,0.0
28,0.3090170621871948,0.9510564804077148,1.2566369771957397,0.0
29,0.5358268618583679,0.8443278670310974,1.0053095817565918,0.0
30,0.7289686799049377,0.6845470666885376,0.7539821863174438,0.0
31,0.8763067126274109,0.4817536473274231,0.5026547908782959,0.0
32,0.9685831665992737,0.24868984520435333,0.25132736563682556,0.0
33,1.0,-4.665035646667093e-08,-4.665035646667093e-08,1.991245117805565e-42
34,0.9685831665992737,0.24868984520435333,0.25132736563682556,0.0
35,0.8763067126274109,0.4817536473274231,0.5026547908782959,0.0
36,0.7289686799049377,0.6845470666885376,0.7539821863174438,0.0
37,0.5358268618583679,0.8443278670310974,1.0053095817565918,0.0
38,0.3090170621871948,0.9510564804077148,1.2566369771957397,0.0
39,0.06279061734676361,0.9980267286300659,1.5079643726348877,0.0
40,-0.18738119304180145,0.9822872877120972,1.7592917680740356,0.0
41,-0.42577916383743286,0.9048271179199219,2.0106191635131836,0.0
42,-0.6374239921569824,0.7705132365226746,2.261946678161621,0.0
43,-0.8090170621871948,0.5877851843833923,2.5132741928100586,0.0
44,-0.9297765493392944,0.368124395608902,2.764601707458496,0.0
45,-0.9921147227287292,0.12533296644687653,3.0159292221069336,0.0
46,-0.9921146631240845,-0.12533360719680786,3.267256736755371,0.0
47,-0.9297763109207153,-0.36812499165534973,3.5185842514038086,0.0
48,-0.8090166449546814,-0.5877857208251953,3.769911766052246,1.991245117805565e-42
49,-0.6374234557151794,-0.770513653755188,4.021239280700684,0.0
50,-0.4257785677909851,-0.9048274159431458,4.272566795349121,0.0
51,-0.18738044798374176,-0.9822874069213867,4.523894309997559,0.0
52,0.06279151141643524,-0.9980266690254211,4.775221824645996,0.0
53,0.3090180456638336,-0.951056182384491,5.026549339294434,1.991245117805565e-42
54,0.5358278155326843,-0.8443272709846497,5.277876853942871,0.0
55,0.7289695143699646,-0.684546172618866,5.529204368591309,0.0
56,0.8763073682785034,-0.4817524552345276,5.780531883239746,0.0
57,0.9685835242271423,-0.24868842959403992,6.031859397888184,0.0
58,1.0,1.6053570561780361e-06,6.283186912536621,0.0
59,0.9685835242271423,-0.24868842959403992,6.031859397888184,0.0
60,0.8763073682785034,-0.4817524552345276,5.780531883239746,0.0
61,0.7289695143699646,-0.684546172618866,5.529204368591309,0.0
62,0.5358278155326843,-0.8443272709846497,5.277876853942871,0.0
63,0.3090180456638336,-0.951056182384491,5.026549339294434,0.0
64,0.06279151141643524,-0.9980266690254211,4.775221824645996,0.0
65,-0.18738044798374176,-0.9822874069213867,4.523894309997559,0.0
66,-0.4257785677909851,-0.9048274159431458,4.272566795349121,0.0
67,-0.6374234557151794,-0.770513653755188,4.021239280700684,0.0
68,-0.8090166449546814,-0.5877857208251953,3.769911766052246,0.0
69,-0.9297763109207153,-0.36812499165534973,3.5185842514038086,0.0
70,-0.9921146631240845,-0.12533360719680786,3.267256736755371,0.0
71,-0.9921147227287292,0.12533296644687653,3.0159292221069336,1.991245117805565e-42
72,-0.9297765493392944,0.368124395608902,2.764601707458496,0.0
73,-0.8090170621871948,0.5877851843833923,2.5132741928100586,0.0
74,-0.6374239921569824,0.7705132365226746,2.261946678161621,0.0
75,-0.42577916383743286,0.9048271179199219,2.0106191635131836,0.0
76,-0.18738119304180145,0.9822872877120972,1.7592917680740356,1.991245117805565e-42
77,0.06279061734676361,0.9980267286300659,1.5079643726348877,0.0
78,0.3090170621871948,0.9510564804077148,1.2566369771957397,0.0
79,0.5358268618583679,0.8443278670310974,1.0053095817565918,0.0
80,0.7289686799049377,0.6845470666885376,0.7539821863174438,0.0
81,0.8763067126274109,0.4817536473274231,0.5026547908782959,0.0
82,0.9685831665992737,0.24868984520435333,0.25132736563682556,0.0
83,1.0,-4.665035646667093e-08,-4.665035646667093e-08,0.0
84,0.9685831665992737,0.24868984520435333,0.25132736563682556,0.0
85,0.8763067126274109,0.4817536473274231,0.5026547908782959,0.0
86,0.7289686799049377,0.6845470666885376,0.7539821863174438,0.0
87,0.5358268618583679,0.8443278670310974,1.0053095817565918,0.0
88,0.3090170621871948,0.9510564804077148,1.2566369771957397,0.0
89,0.06279061734676361,0.9980267286300659,1.5079643726348877,0.0
90,-0.18738119304180145,0.9822872877120972,1.7592917680740356,0.0
91,-0.42577916383743286,0.9048271179199219,2.0106191635131836,0.0
92,-0.6374239921569824,0.7705132365226746,2.261946678161621,0.0
93,-0.8090170621871948,0.5877851843833923,2.5132741928100586,0.0
94,-0.9297765493392944,0.368124395608902,2.764601707458496,1.991245117805565e-42
95,-0.9921147227287292,0.12533296644687653,3.0159292221069336,0.0
96,-0.9921146631240845,-0.12533360719680786,3.267256736755371,0.0
97,-0.9297763109207153,-0.36812499165534973,3.5185842514038086,0.0
98,-0.8090166449546814,-0.5877857208251953,3.769911766052246,0.0
99,-0.6374234557151794,-0.770513653755188,4.021239280700684,1.991245117805565e-42
100,-0.4257785677909851,-0.9048274159431458,4.272566795349121,0.0
101,-0.18738044798374176,-0.9822874069213867,4.523894309997559,0.0
102,0.06279151141643524,-0.9980266690254211,4.775221824645996,0.0
103,0.3090180456638336,-0.951056182384491,5.026549339294434,0.0
104,0.5358278155326843,-0.8443272709846497,5.277876853942871,0.0
105,0.7289695143699646,-0.684546172618866,5.529204368591309,1.991245117805565e-42
106,0.8763073682785034,-0.4817524552345276,5.780531883239746,0.0
107,0.9685835242271423,-0.24868842959403992,6.031859397888184,0.0
108,1.0,1.6053570561780361e-06,6.283186912536621,1.991245117805565e-42
109,0.9685835242271423,-0.24868842959403992,6.031859397888184,0.0
110,0.8763073682785034,-0.4817524552345276,5.780531883239746,0.0
111,0.7289695143699646,-0.684546172618866,5.529204368591309,0.0
112,0.5358278155326843,-0.8443272709846497,5.277876853942871,0.0
113,0.3090180456638336,-0.951056182384491,5.026549339294434,0.0
114,0.06279151141643524,-0.9980266690254211,4.775221824645996,0.0
115,-0.18738044798374176,-0.9822874069213867,4.523894309997559,0.0
116,-0.4257785677909851,-0.9048274159431458,4.272566795349121,0.0
117,-0.6374234557151794,-0.770513653755188,4.021239280700684,0.0
118,-0.8090166449546814,-0.5877857208251953,3.769911766052246,0.0
119,-0.9297763109207153,-0.36812499165534973,3.5185842514038086,0.0
120,-0.9921146631240845,-0.12533360719680786,3.267256736755371,0.0
121,-0.9921147227287292,0.12533296644687653,3.0159292221069336,0.0
122,-0.9297765493392944,0.368124395608902,2.764601707458496,0.0
123,-0.8090170621871948,0.5877851843833923,2.5132741928100586,0.0
124,-0.6374239921569824,0.7705132365226746,2.261946678161621,0.0
125,-0.42577916383743286,0.9048271179199219,2.0106191635131836,0.0
126,-0.18738119304180145,0.9822872877120972,1.7592917680740356,0.0
127,0.06279061734676361,0.9980267286300659,1.5079643726348877,0.0
128,0.3090170621871948,0.9510564804077148,1.2566369771957397,0.0
129,0.5358268618583679,0.8443278670310974,1.0053095817565918,0.0
130,0.7289686799049377,0.6845470666885376,0.7539821863174438,0.0
131,0.8763067126274109,0.4817536473274231,0.5026547908782959,1.991245117805565e-42
132,0.9685831665992737,0.24868984520435333,0.25132736563682556,0.0
133,1.0,-4.665035646667093e-08,-4.665035646667093e-08,0.0
134,0.9685831665992737,0.24868984520435333,0.25132736563682556,0.0
135,0.8763067126274109,0.4817536473274231,0.5026547908782959,0.0
136,0.7289686799049377,0.6845470666885376,0.7539821863174438,0.0
137,0.5358268618583679,0.8443278670310974,1.0053095817565918,0.0
138,0.3090170621871948,0.9510564804077148,1.2566369771957397,0.0
139,0.06279061734676361,0.9980267286300659,1.5079643726348877,0.0
140,-0.18738119304180145,0.9822872877120972,1.7592917680740356,0.0
141,-0.42577916383743286,0.9048271179199219,2.0106191635131836,0.0
142,-0.6374239921569824,0.7705132365226746,2.261946678161621,0.0
143,-0.8090170621871948,0.5877851843833923,2.5132741928100586,0.0
144,-0.9297765493392944,0.368124395608902,2.764601707458496,0.0
145,-0.9921147227287292,0.12533296644687653,3.0159292221069336,0.0
146,-0.9921146631240845,-0.12533360719680786,3.267256736755371,0.0
147,-0.9297763109207153,-0.36812499165534973,3.5185842514038086,0.0
148,-0.8090166449546814,-0.5877857208251953,3.769911766052246,0.0
149,-0.6374234557151794,-0.770513653755188,4.021239280700684,0.0
150,-0.4257785677909851,-0.9048274159431458,4.272566795349121,0.0
151,-0.18738044798374176,-0.9822874069213867,4.523894309997559,0.0
152,0.06279151141643524,-0.9980266690254211,4.775221824645996,0.0
153,0.3090180456638336,-0.951056182384491,5.026549339294434,0.0
154,0.5358278155326843,-0.8443272709846497,5.277876853942871,1.991245117805565e-42
155,0.7289695143699646,-0.684546172618866,5.529204368591309,0.0
156,0.8763073682785034,-0.4817524552345276,5.780531883239746,0.0
157,0.9685835242271423,-0.24868842959403992,6.031859397888184,0.0
158,1.0,1.6053570561780361e-06,6.283186912536621,0.0
159,0.9685835242271423,-0.24868842959403992,6.031859397888184,0.0
160,0.8763073682785034,-0.4817524552345276,5.780531883239746,0.0
161,0.7289695143699646,-0.684546172618866,5.529204368591309,0.0
162,0.5358278155326843,-0.8443272709846497,5.277876853942871,0.0
163,0.3090180456638336,-0.951056182384491,5.026549339294434,0.0
164,0.06279151141643524,-0.9980266690254211,4.775221824645996,0.0
165,-0.18738044798374176,-0.9822874069213867,4.523894309997559,0.0
166,-0.4257785677909851,-0.9048274159431458,4.272566795349121,0.0
167,-0.6374234557151794,-0.770513653755188,4.021239280700684,0.0
168,-0.8090166449546814,-0.5877857208251953,3.769911766052246,0.0
169,-0.9297763109207153,-0.36812499165534973,3.5185842514038086,0.0
170,-0.9921146631240845,-0.12533360719680786,3.267256736755371,0.0
171,-0.9921147227287292,0.12533296644687653,3.0159292221069336,0.0
172,-0.9297765493392944,0.368124395608902,2.764601707458496,0.0
173,-0.8090170621871948,0.5877851843833923,2.5132741928100586,0.0
174,-0.6374239921569824,0.7705132365226746,2.261946678161621,1.991245117805565e-42
175,-0.42577916383743286,0.9048271179199219,2.0106191635131836,0.0
176,-0.18738119304180145,0.9822872877120972,1.7592917680740356,0.0
177,0.06279061734676361,0.9980267286300659,1.5079643726348877,1.991245117805565e-42
178,0.3090170621871948,0.9510564804077148,1.2566369771957397,0.0
179,0.5358268618583679,0.8443278670310974,1.0053095817565918,0.0
180,0.7289686799049377,0.6845470666885376,0.7539821863174438,0.0
181,0.8763067126274109,0.4817536473274231,0.5026547908782959,0.0
182,0.9685831665992737,0.24868984520435333,0.25132736563682556,0.0
183,1.0,-4.665035646667093e-08,-4.665035646667093e-08,0.0
184,0.9685831665992737,0.24868984520435333,0.25132736563682556,0.0
185,0.8763067126274109,0.4817536473274231,0.5026547908782959,0.0
186,0.7289686799049377,0.6845470666885376,0.7539821863174438,0.0
187,0.5358268618583679,0.8443278670310974,1.0053095817565918,0.0
188,0.3090170621871948,0.9510564804077148,1.2566369771957397,0.0
189,0.06279061734676361,0.9980267286300659,1.5079643726348877,0.0
190,-0.18738119304180145,0.9822872877120972,1.7592917680740356,0.0
191,-0.42577916383743286,0.9048271179199219,2.0106191635131836,0.0
192,-0.6374239921569824,0.7705132365226746,2.261946678161621,0.0
193,-0.8090170621871948,0.5877851843833923,2.5132741928100586,0.0
194,-0.9297765493392944,0.368124395608902,2.764601707458496,0.0
195,-0.9921147227287292,0.12533296644687653,3.0159292221069336,0.0
196,-0.9921146631240845,-0.12533360719680786,3.267256736755371,0.0
197,-0.9297763109207153,-0.36812499165534973,3.5185842514038086,0.0
198,-0.8090166449546814,-0.5877857208251953,3.769911766052246,0.0
199,-0.6374234557151794,-0.770513653755188,4.021239280700684,0.0
200,-0.4257785677909851,-0.9048274159431458,4.272566795349121,1.991245117805565e-42
201,-0.18738044798374176,-0.9822874069213867,4.523894309997559,0.0
202,0.06279151141643524,-0.9980266690254211,4.775221824645996,0.0
203,0.3090180456638336,-0.951056182384491,5.026549339294434,0.0
204,0.5358278155326843,-0.8443272709846497,5.277876853942871,0.0
205,0.7289695143699646,-0.684546172618866,5.529204368591309,0.0
206,0.8763073682785034,-0.4817524552345276,5.780531883239746,0.0
207,0.9685835242271423,-0.24868842959403992,6.031859397888184,0.0
208,1.0,1.6053570561780361e-06,6.283186912536621,0.0
209,0.9685835242271423,-0.24868842959403992,6.031859397888184,0.0
210,0.8763073682785034,-0.4817524552345276,5.780531883239746,0.0
211,0.7289695143699646,-0.684546172618866,5.529204368591309,0.0
212,0.5358278155326843,-0.8443272709846497,5.277876853942871,0.0
213,0.3090180456638336,-0.951056182384491,5.026549339294434,0.0
214,0.06279151141643524,-0.9980266690254211,4.775221824645996,0.0
215,-0.18738044798374176,-0.9822874069213867,4.523894309997559,0.0
216,-0.4257785677909851,-0.9048274159431458,4.272566795349121,0.0
217,-0.6374234557151794,-0.770513653755188,4.021239280700684,0.0
218,-0.8090166449546814,-0.5877857208251953,3.769911766052246,0.0
219,-0.9297763109207153,-0.36812499165534973,3.5185842514038086,0.0
220,-0.9921146631240845,-0.12533360719680786,3.267256736755371,0.0
221,-0.9921147227287292,0.12533296644687653,3.0159292221069336,0.0
222,-0.9297765493392944,0.368124395608902,2.764601707458496,0.0
223,-0.8090170621871948,0.5877851843833923,2.5132741928100586,1.991245117805565e-42
224,-0.6374239921569824,0.7705132365226746,2.261946678161621,0.0
225,-0.42577916383743286,0.9048271179199219,2.0106191635131836,0.0
226,-0.18738119304180145,0.9822872877120972,1.7592917680740356,0.0
227,0.06279061734676361,0.9980267286300659,1.5079643726348877,0.0
228,0.3090170621871948,0.9510564804077148,1.2566369771957397,0.0
229,0.5358268618583679,0.8443278670310974,1.0053095817565918,0.0
230,0.7289686799049377,0.6845470666885376,0.7539821863174438,0.0
231,0.8763067126274109,0.4817536473274231,0.5026547908782959,0.0
232,0.9685831665992737,0.24868984520435333,0.25132736563682556,0.0
233,1.0,-4.665035646667093e-08,-4.665035646667093e-08,0.0
234,0.9685831665992737,0.24868984520435333,0.25132736563682556,0.0
235,0.8763067126274109,0.4817536473274231,0.5026547908782959,0.0
236,0.7289686799049377,0.6845470666885376,0.7539821863174438,0.0
237,0.5358268618583679,0.8443278670310974,1.0053095817565918,0.0
238,0.3090170621871948,0.9510564804077148,1.2566369771957397,0.0
239,0.06279061734676361,0.9980267286300659,1.5079643726348877,0.0
240,-0.18738119304180145,0.9822872877120972,1.7592917680740356,1.991245117805565e-42
241,-0.42577916383743286,0.9048271179199219,2.0106191635131836,0.0
242,-0.6374239921569824,0.7705132365226746,2.261946678161621,0.0
243,-0.8090170621871948,0.5877851843833923,2.5132741928100586,0.0
244,-0.9297765493392944,0.368124395608902,2.764601707458496,0.0
245,-0.9921147227287292,0.12533296644687653,3.0159292221069336,0.0
246,-0.9921146631240845,-0.12533360719680786,3.267256736755371,1.991245117805565e-42
247,-0.9297763109207153,-0.36812499165534973,3.5185842514038086,0.0
248,-0.8090166449546814,-0.5877857208251953,3.769911766052246,0.0
249,-0.6374234557151794,-0.770513653755188,4.021239280700684,0.0
250,-0.4257785677909851,-0.9048274159431458,4.272566795349121,0.0
251,-0.18738044798374176,-0.9822874069213867,4.523894309997559,0.0
252,0.06279151141643524,-0.9980266690254211,4.775221824645996,0.0
253,0.3090180456638336,-0.951056182384491,5.026549339294434,0.0
254,0.5358278155326843,-0.8443272709846497,5.277876853942871,0.0
255,0.7289695143699646,-0.684546172618866,5.529204368591309,0.0
256,0.8763073682785034,-0.4817524552345276,5.780531883239746,0.0
257,0.9685835242271423,-0.24868842959403992,6.031859397888184,0.0
258,1.0,1.6053570561780361e-06,6.283186912536621,0.0
259,0.9685835242271423,-0.24868842959403992,6.031859397888184,0.0
260,0.8763073682785034,-0.4817524552345276,5.780531883239746,1.991245117805565e-42
261,0.7289695143699646,-0.684546172618866,5.529204368591309,0.0
262,0.5358278155326843,-0.8443272709846497,5.277876853942871,0.0
263,0.3090180456638336,-0.951056182384491,5.026549339294434,0.0
264,0.06279151141643524,-0.9980266690254211,4.775221824645996,0.0
265,-0.18738044798374176,-0.9822874069213867,4.523894309997559,0.0
266,-0.4257785677909851,-0.9048274159431458,4.272566795349121,0.0
267,-0.6374234557151794,-0.770513653755188,4.021239280700684,0.0
268,-0.8090166449546814,-0.5877857208251953,3.769911766052246,0.0
269,-0.9297763109207153,-0.36812499165534973,3.5185842514038086,1.991245117805565e-42
270,-0.9921146631240845,-0.12533360719680786,3.267256736755371,0.0
271,-0.9921147227287292,0.12533296644687653,3.0159292221069336,0.0
272,-0.9297765493392944,0.368124395608902,2.764601707458496,0.0
273,-0.8090170621871948,0.5877851843833923,2.5132741928100586,0.0
274,-0.6374239921569824,0.7705132365226746,2.261946678161621,0.0
275,-0.42577916383743286,0.9048271179199219,2.0106191635131836,0.0
276,-0.18738119304180145,0.9822872877120972,1.7592917680740356,0.0
277,0.06279061734676361,0.9980267286300659,1.5079643726348877,0.0
278,0.3090170621871948,0.9510564804077148,1.2566369771957397,0.0
279,0.5358268618583679,0.8443278670310974,1.0053095817565918,0.0
280,0.7289686799049377,0.6845470666885376,0.7539821863174438,0.0
281,0.8763067126274109,0.4817536473274231,0.5026547908782959,0.0
282,0.9685831665992737,0.24868984520435333,0.25132736563682556,0.0
283,1.0,-4.665035646667093e-08,-4.665035646667093e-08,1.991245117805565e-42
284,0.9685831665992737,0.24868984520435333,0.25132736563682556,0.0
285,0.8763067126274109,0.4817536473274231,0.5026547908782959,0.0
286,0.7289686799049377,0.6845470666885376,0.7539821863174438,0.0
287,0.5358268618583679,0.8443278670310974,1.0053095817565918,0.0
288,0.3090170621871948,0.9510564804077148,1.2566369771957397,0.0
289,0.06279061734676361,0.9980267286300659,1.5079643726348877,0.0
290,-0.18738119304180145,0.9822872877120972,1.7592917680740356,0.0
291,-0.42577916383743286,0.9048271179199219,2.0106191635131836,0.0
292,-0.6374239921569824,0.7705132365226746,2.261946678161621,1.991245117805565e-42
293,-0.8090170621871948,0.5877851843833923,2.5132741928100586,0.0
294,-0.9297765493392944,0.368124395608902,2.764601707458496,0.0
295,-0.9921147227287292,0.12533296644687653,3.0159292221069336,0.0
296,-0.9921146631240845,-0.12533360719680786,3.267256736755371,0.0
297,-0.9297763109207153,-0.36812499165534973,3.5185842514038086,0.0
298,-0.8090166449546814,-0.5877857208251953,3.769911766052246,0.0
299,-0.6374234557151794,-0.770513653755188,4.021239280700684,0.0
300,-0.4257785677909851,-0.9048274159431458,4.272566795349121,0.0
301,-0.18738044798374176,-0.9822874069213867,4.523894309997559,0.0
302,0.06279151141643524,-0.9980266690254211,4.775221824645996,0.0
303,0.3090180456638336,-0.951056182384491,5.026549339294434,0.0
304,0.5358278155326843,-0.8443272709846497,5.277876853942871,0.0
305,0.7289695143699646,-0.684546172618866,5.529204368591309,0.0
306,0.8763073682785034,-0.4817524552345276,5.780531883239746,0.0
307,0.9685835242271423,-0.24868842959403992,6.031859397888184,0.0
308,1.0,1.6053570561780361e-06,6.283186912536621,0.0
309,0.9685835242271423,-0.24868842959403992,6.031859397888184,0.0
310,0.8763073682785034,-0.4817524552345276,5.780531883239746,0.0
311,0.7289695143699646,-0.684546172618866,5.529204368591309,0.0
312,0.5358278155326843,-0.8443272709846497,5.277876853942871,0.0
313,0.3090180456638336,-0.951056182384491,5.026549339294434,0.0
314,0.06279151141643524,-0.9980266690254211,4.775221824645996,0.0
315,-0.18738044798374176,-0.9822874069213867,4.523894309997559,1.991245117805565e-42
316,-0.4257785677909851,-0.9048274159431458,4.272566795349121,0.0
317,-0.6374234557151794,-0.770513653755188,4.021239280700684,0.0
318,-0.8090166449546814,-0.5877857208251953,3.769911766052246,0.0
319,-0.9297763109207153,-0.36812499165534973,3.5185842514038086,0.0
320,-0.9921146631240845,-0.12533360719680786,3.267256736755371,0.0
321,-0.9921147227287292,0.12533296644687653,3.0159292221069336,0.0
322,-0.9297765493392944,0.368124395608902,2.764601707458496,0.0
323,-0.8090170621871948,0.5877851843833923,2.5132741928100586,0.0
324,-0.6374239921569824,0.7705132365226746,2.261946678161621,0.0
325,-0.42577916383743286,0.9048271179199219,2.0106191635131836,0.0
326,-0.18738119304180145,0.9822872877120972,1.7592917680740356,0.0
327,0.06279061734676361,0.9980267286300659,1.5079643726348877,0.0
328,0.3090170621871948,0.9510564804077148,1.2566369771957397,0.0
329,0.5358268618583679,0.8443278670310974,1.0053095817565918,0.0
330,0.7289686799049377,0.6845470666885376,0.7539821863174438,0.0
331,0.8763067126274109,0.4817536473274231,0.5026547908782959,0.0
332,0.9685831665992737,0.24868984520435333,0.25132736563682556,0.0
333,1.0,-4.665035646667093e-08,-4.665035646667093e-08,0.0
334,0.9685831665992737,0.24868984520435333,0.25132736563682556,0.0
335,0.8763067126274109,0.4817536473274231,0.5026547908782959,0.0
336,0.7289686799049377,0.6845470666885376,0.7539821863174438,0.0
337,0.5358268618583679,0.8443278670310974,1.0053095817565918,0.0
338,0.3090170621871948,0.9510564804077148,1.2566369771957397,1.991245117805565e-42
339,0.06279061734676361,0.9980267286300659,1.5079643726348877,0.0
340,-0.18738119304180145,0.9822872877120972,1.7592917680740356,0.0
341,-0.42577916383743286,0.9048271179199219,2.0106191635131836,0.0
342,-0.6374239921569824,0.7705132365226746,2.261946678161621,0.0
343,-0.8090170621871948,0.5877851843833923,2.5132741928100586,0.0
344,-0.9297765493392944,0.368124395608902,2.764601707458496,0.0
345,-0.9921147227287292,0.12533296644687653,3.0159292221069336,0.0
346,-0.9921146631240845,-0.12533360719680786,3.267256736755371,0.0
347,-0.9297763109207153,-0.36812499165534973,3.5185842514038086,0.0
348,-0.8090166449546814,-0.5877857208251953,3.769911766052246,0.0
349,-0.6374234557151794,-0.770513653755188,4.021239280700684,0.0
350,-0.4257785677909851,-0.9048274159431458,4.272566795349121,0.0
351,-0.18738044798374176,-0.9822874069213867,4.523894309997559,0.0
352,0.06279151141643524,-0.9980266690254211,4.775221824645996,0.0
353,0.3090180456638336,-0.951056182384491,5.026549339294434,0.0
354,0.5358278155326843,-0.8443272709846497,5.277876853942871,0.0
355,0.7289695143699646,-0.684546172618866,5.529204368591309,0.0
356,0.8763073682785034,-0.4817524552345276,5.780531883239746,0.0
357,0.9685835242271423,-0.24868842959403992,6.031859397888184,0.0
358,1.0,1.6053570561780361e-06,6.283186912536621,0.0
359,0.9685835242271423,-0.24868842959403992,6.031859397888184,0.0
360,0.8763073682785034,-0.4817524552345276,5.780531883239746,0.0
361,0.7289695143699646,-0.684546172618866,5.529204368591309,1.991245117805565e-42
362,0.5358278155326843,-0.8443272709846497,5.277876853942871,0.0
363,0.3090180456638336,-0.951056182384491,5.026549339294434,0.0
364,0.06279151141643524,-0.9980266690254211,4.775221824645996,0.0
365,-0.18738044798374176,-0.9822874069213867,4.523894309997559,0.0
366,-0.4257785677909851,-0.9048274159431458,4.272566795349121,0.0
367,-0.6374234557151794,-0.770513653755188,4.021239280700684,0.0
368,-0.8090166449546814,-0.5877857208251953,3.769911766052246,0.0
369,-0.9297763109207153,-0.36812499165534973,3.5185842514038086,0.0
370,-0.9921146631240845,-0.12533360719680786,3.267256736755371,0.0
371,-0.9921147227287292,0.12533296644687653,3.0159292221069336,0.0
372,-0.9297765493392944,0.368124395608902,2.764601707458496,0.0
373,-0.8090170621871948,0.5877851843833923,2.5132741928100586,0.0
374,-0.6374239921569824,0.7705132365226746,2.261946678161621,0.0
375,-0.42577916383743286,0.9048271179199219,2.0106191635131836,0.0
376,-0.18738119304180145,0.9822872877120972,1.7592917680740356,0.0
377,0.06279061734676361,0.9980267286300659,1.5079643726348877,0.0
378,0.3090170621871948,0.9510564804077148,1.2566369771957397,0.0
379,0.5358268618583679,0.8443278670310974,1.0053095817565918,0.0
380,0.7289686799049377,0.6845470666885376,0.7539821863174438,0.0
381,0.8763067126274109,0.4817536473274231,0.5026547908782959,0.0
382,0.9685831665992737,0.24868984520435333,0.25132736563682556,0.0
383,1.0,-4.665035646667093e-08,-4.665035646667093e-08,0.0
384,0.9685831665992737,0.24868984520435333,0.25132736563682556,1.991245117805565e-42
385,0.8763067126274109,0.4817536473274231,0.5026547908782959,0.0
386,0.7289686799049377,0.6845470666885376,0.7539821863174438,0.0
387,0.5358268618583679,0.8443278670310974,1.0053095817565918,0.0
388,0.3090170621871948,0.9510564804077148,1.2566369771957397,0.0
389,0.06279061734676361,0.9980267286300659,1.5079643726348877,0.0
390,-0.18738119304180145,0.9822872877120972,1.7592917680740356,0.0
391,-0.42577916383743286,0.9048271179199219,2.0106191635131836,0.0
392,-0.6374239921569824,0.7705132365226746,2.261946678161621,0.0
393,-0.8090170621871948,0.5877851843833923,2.5132741928100586,0.0
394,-0.9297765493392944,0.368124395608902,2.764601707458496,0.0
395,-0.9921147227287292,0.12533296644687653,3.0159292221069336,0.0
396,-0.9921146631240845,-0.12533360719680786,3.267256736755371,0.0
397,-0.9297763109207153,-0.36812499165534973,3.5185842514038086,0.0
398,-0.8090166449546814,-0.5877857208251953,3.769911766052246,0.0
399,-0.6374234557151794,-0.770513653755188,4.021239280700684,0.0
400,-0.4257785677909851,-0.9048274159431458,4.272566795349121,0.0
401,-0.18738044798374176,-0.9822874069213867,4.523894309997559,0.0
402,0.06279151141643524,-0.9980266690254211,4.775221824645996,0.0
403,0.3090180456638336,-0.951056182384491,5.026549339294434,0.0
404,0.5358278155326843,-0.8443272709846497,5.277876853942871,0.0
405,0.7289695143699646,-0.684546172618866,5.529204368591309,0.0
406,0.8763073682785034,-0.4817524552345276,5.780531883239746,0.0
407,0.9685835242271423,-0.24868842959403992,6.031859397888184,1.991245117805565e-42
408,1.0,1.6053570561780361e-06,6.283186912536621,0.0
409,0.9685835242271423,-0.24868842959403992,6.031859397888184,0.0
410,0.8763073682785034,-0.4817524552345276,5.780531883239746,0.0
411,0.7289695143699646,-0.684546172618866,5.529204368591309,0.0
412,0.5358278155326843,-0.8443272709846497,5.277876853942871,0.0
413,0.3090180456638336,-0.951056182384491,5.026549339294434,0.0
414,0.06279151141643524,-0.9980266690254211,4.775221824645996,0.0
415,-0.18738044798374176,-0.9822874069213867,4.523894309997559,0.0
416,-0.4257785677909851,-0.9048274159431458,4.272566795349121,0.0
417,-0.6374234557151794,-0.770513653755188,4.021239280700684,0.0
418,-0.8090166449546814,-0.5877857208251953,3.769911766052246,0.0
419,-0.9297763109207153,-0.36812499165534973,3.5185842514038086,0.0
420,-0.9921146631240845,-0.12533360719680786,3.267256736755371,0.0
421,-0.9921147227287292,0.12533296644687653,3.0159292221069336,0.0
422,-0.9297765493392944,0.368124395608902,2.764601707458496,0.0
423,-0.8090170621871948,0.5877851843833923,2.5132741928100586,0.0
424,-0.6374239921569824,0.7705132365226746,2.261946678161621,0.0
425,-0.42577916383743286,0.9048271179199219,2.0106191635131836,0.0
426,-0.18738119304180145,0.9822872877120972,1.7592917680740356,0.0
427,0.06279061734676361,0.9980267286300659,1.5079643726348877,0.0
428,0.3090170621871948,0.9510564804077148,1.2566369771957397,0.0
429,0.5358268618583679,0.8443278670310974,1.0053095817565918,0.0
430,0.7289686799049377,0.6845470666885376,0.7539821863174438,1.991245117805565e-42
431,0.8763067126274109,0.4817536473274231,0.5026547908782959,0.0
432,0.9685831665992737,0.24868984520435333,0.25132736563682556,0.0
433,1.0,-4.665035646667093e-08,-4.665035646667093e-08,0.0
434,0.9685831665992737,0.24868984520435333,0.25132736563682556,0.0
435,0.8763067126274109,0.4817536473274231,0.5026547908782959,0.0
436,0.7289686799049377,0.6845470666885376,0.7539821863174438,0.0
437,0.5358268618583679,0.8443278670310974,1.0053095817565918,0.0
438,0.3090170621871948,0.9510564804077148,1.2566369771957397,0.0
439,0.06279061734676361,0.9980267286300659,1.5079643726348877,0.0
440,-0.18738119304180145,0.9822872877120972,1.7592917680740356,0.0
441,-0.42577916383743286,0.9048271179199219,2.0106191635131836,0.0
442,-0.6374239921569824,0.7705132365226746,2.261946678161621,0.0
443,-0.8090170621871948,0.5877851843833923,2.5132741928100586,0.0
444,-0.9297765493392944,0.368124395608902,2.764601707458496,1.991245117805565e-42
445,-0.9921147227287292,0.12533296644687653,3.0159292221069336,0.0
446,-0.9921146631240845,-0.12533360719680786,3.267256736755371,0.0
447,-0.9297763109207153,-0.36812499165534973,3.5185842514038086,0.0
448,-0.8090166449546814,-0.5877857208251953,3.769911766052246,0.0
449,-0.6374234557151794,-0.770513653755188,4.021239280700684,0.0
450,-0.4257785677909851,-0.9048274159431458,4.272566795349121,0.0
451,-0.18738044798374176,-0.9822874069213867,4.523894309997559,0.0
452,0.06279151141643524,-0.9980266690254211,4.775221824645996,0.0
453,0.3090180456638336,-0.951056182384491,5.026549339294434,1.991245117805565e-42
454,0.5358278155326843,-0.8443272709846497,5.277876853942871,0.0
455,0.7289695143699646,-0.684546172618866,5.529204368591309,0.0
456,0.8763073682785034,-0.4817524552345276,5.780531883239746,0.0
457,0.9685835242271423,-0.24868842959403992,6.031859397888184,0.0
458,1.0,1.6053570561780361e-06,6.283186912536621,0.0
459,0.9685835242271423,-0.24868842959403992,6.031859397888184,0.0
460,0.8763073682785034,-0.4817524552345276,5.780531883239746,0.0
461,0.7289695143699646,-0.684546172618866,5.529204368591309,0.0
462,0.5358278155326843,-0.8443272709846497,5.277876853942871,0.0
463,0.3090180456638336,-0.951056182384491,5.026549339294434,0.0
464,0.06279151141643524,-0.9980266690254211,4.775221824645996,0.0
465,-0.18738044798374176,-0.9822874069213867,4.523894309997559,0.0
466,-0.4257785677909851,-0.9048274159431458,4.272566795349121,0.0
467,-0.6374234557151794,-0.770513653755188,4.021239280700684,1.991245117805565e-42
468,-0.8090166449546814,-0.5877857208251953,3.769911766052246,0.0
469,-0.9297763109207153,-0.36812499165534973,3.5185842514038086,0.0
470,-0.9921146631240845,-0.12533360719680786,3.267256736755371,0.0
471,-0.9921147227287292,0.12533296644687653,3.0159292221069336,0.0
472,-0.9297765493392944,0.368124395608902,2.764601707458496,0.0
473,-0.8090170621871948,0.5877851843833923,2.5132741928100586,0.0
474,-0.6374239921569824,0.7705132365226746,2.261946678161621,0.0
475,-0.42577916383743286,0.9048271179199219,2.0106191635131836,0.0
476,-0.18738119304180145,0.9822872877120972,1.7592917680740356,1.991245117805565e-42
477,0.06279061734676361,0.9980267286300659,1.5079643726348877,0.0
478,0.3090170621871948,0.9510564804077148,1.2566369771957397,0.0
479,0.5358268618583679,0.8443278670310974,1.0053095817565918,0.0
480,0.7289686799049377,0.6845470666885376,0.7539821863174438,0.0
481,0.8763067126274109,0.4817536473274231,0.5026547908782959,0.0
482,0.9685831665992737,0.24868984520435333,0.25132736563682556,0.0
483,1.0,-4.665035646667093e-08,-4.665035646667093e-08,0.0
484,0.9685831665992737,0.24868984520435333,0.25132736563682556,0.0
485,0.8763067126274109,0.4817536473274231,0.5026547908782959,0.0
486,0.7289686799049377,0.6845470666885376,0.7539821863174438,0.0
487,0.5358268618583679,0.8443278670310974,1.0053095817565918,0.0
488,0.3090170621871948,0.9510564804077148,1.2566369771957397,0.0
489,0.06279061734676361,0.9980267286300659,1.5079643726348877,0.0
490,-0.18738119304180145,0.9822872877120972,1.7592917680740356,1.991245117805565e-42
491,-0.42577916383743286,0.9048271179199219,2.0106191635131836,0.0
492,-0.6374239921569824,0.7705132365226746,2.261946678161621,0.0
493,-0.8090170621871948,0.5877851843833923,2.5132741928100586,0.0
494,-0.9297765493392944,0.368124395608902,2.764601707458496,0.0
495,-0.9921147227287292,0.12533296644687653,3.0159292221069336,0.0
496,-0.9921146631240845,-0.12533360719680786,3.267256736755371,0.0
497,-0.9297763109207153,-0.36812499165534973,3.5185842514038086,0.0
498,-0.8090166449546814,-0.5877857208251953,3.769911766052246,0.0
499,-0.6374234557151794,-0.770513653755188,4.021239280700684,1.991245117805565e-42
500,-0.4257785677909851,-0.9048274159431458,4.272566795349121,0.0
501,-0.18738044798374176,-0.9822874069213867,4.523894309997559,0.0
502,0.06279151141643524,-0.9980266690254211,4.775221824645996,0.0
503,0.3090180456638336,-0.951056182384491,5.026549339294434,0.0
504,0.5358278155326843,-0.8443272709846497,5.277876853942871,0.0
505,0.7289695143699646,-0.684546172618866,5.529204368591309,0.0
506,0.8763073682785034,-0.4817524552345276,5.780531883239746,0.0
507,0.9685835242271423,-0.24868842959403992,6.031859397888184,0.0
508,1.0,1.6053570561780361e-06,6.283186912536621,1.991245117805565e-42
509,0.9685835242271423,-0.24868842959403992,6.031859397888184,0.0
510,0.8763073682785034,-0.4817524552345276,5.780531883239746,0.0
511,0.7289695143699646,-0.684546172618866,5.529204368591309,0.0
512,0.5358278155326843,-0.8443272709846497,5.277876853942871,0.0
513,0.3090180456638336,-0.951056182384491,5.026549339294434,0.0
514,0.06279151141643524,-0.9980266690254211,4.775221824645996,0.0
515,-0.18738044798374176,-0.9822874069213867,4.523894309997559,0.0
516,-0.4257785677909851,-0.9048274159431458,4.272566795349121,0.0
517,-0.6374234557151794,-0.770513653755188,4.021239280700684,0.0
518,-0.8090166449546814,-0.5877857208251953,3.769911766052246,0.0
519,-0.9297763109207153,-0.36812499165534973,3.5185842514038086,1.991245117805565e-42
520,-0.9921146631240845,-0.12533360719680786,3.267256736755371,0.0
521,-0.9921147227287292,0.12533296644687653,3.0159292221069336,0.0
522,-0.9297765493392944,0.368124395608902,2.764601707458496,0.0
523,-0.8090170621871948,0.5877851843833923,2.5132741928100586,0.0
524,-0.6374239921569824,0.7705132365226746,2.261946678161621,0.0
525,-0.42577916383743286,0.9048271179199219,2.0106191635131836,0.0
526,-0.18738119304180145,0.9822872877120972,1.7592917680740356,0.0
527,0.06279061734676361,0.9980267286300659,1.5079643726348877,0.0
528,0.3090170621871948,0.9510564804077148,1.2566369771957397,0.0
529,0.5358268618583679,0.8443278670310974,1.0053095817565918,0.0
530,0.7289686799049377,0.6845470666885376,0.7539821863174438,0.0
531,0.8763067126274109,0.4817536473274231,0.5026547908782959,1.991245117805565e-42
532,0.9685831665992737,0.24868984520435333,0.25132736563682556,0.0
533,1.0,-4.665035646667093e-08,-4.665035646667093e-08,0.0
534,0.9685831665992737,0.24868984520435333,0.25132736563682556,0.0
535,0.8763067126274109,0.4817536473274231,0.5026547908782959,0.0
536,0.7289686799049377,0.6845470666885376,0.7539821863174438,0.0
537,0.5358268618583679,0.8443278670310974,1.0053095817565918,0.0
538,0.3090170621871948,0.9510564804077148,1.2566369771957397,0.0
539,0.06279061734676361,0.9980267286300659,1.5079643726348877,0.0
540,-0.18738119304180145,0.9822872877120972,1.7592917680740356,0.0
541,-0.42577916383743286,0.9048271179199219,2.0106191635131836,0.0
542,-0.6374239921569824,0.7705132365226746,2.261946678161621,1.991245117805565e-42
543,-0.8090170621871948,0.5877851843833923,2.5132741928100586,0.0
544,-0.9297765493392944,0.368124395608902,2.764601707458496,0.0
545,-0.9921147227287292,0.12533296644687653,3.0159292221069336,0.0
546,-0.9921146631240845,-0.12533360719680786,3.267256736755371,0.0
547,-0.9297763109207153,-0.36812499165534973,3.5185842514038086,0.0
548,-0.8090166449546814,-0.5877857208251953,3.769911766052246,0.0
549,-0.6374234557151794,-0.770513653755188,4.021239280700684,0.0
550,-0.4257785677909851,-0.9048274159431458,4.272566795349121,0.0
551,-0.18738044798374176,-0.9822874069213867,4.523894309997559,0.0
552,0.06279151141643524,-0.9980266690254211,4.775221824645996,0.0
553,0.3090180456638336,-0.951056182384491,5.026549339294434,0.0
554,0.5358278155326843,-0.8443272709846497,5.277876853942871,1.991245117805565e-42
555,0.7289695143699646,-0.684546172618866,5.529204368591309,0.0
556,0.8763073682785034,-0.4817524552345276,5.780531883239746,0.0
557,0.9685835242271423,-0.24868842959403992,6.031859397888184,0.0
558,1.0,1.6053570561780361e-06,6.283186912536621,0.0
559,0.9685835242271423,-0.24868842959403992,6.031859397888184,0.0
560,0.8763073682785034,-0.4817524552345276,5.780531883239746,0.0
561,0.7289695143699646,-0.684546172618866,5.529204368591309,0.0
562,0.5358278155326843,-0.8443272709846497,5.277876853942871,0.0
563,0.3090180456638336,-0.951056182384491,5.026549339294434,0.0
564,0.06279151141643524,-0.9980266690254211,4.775221824645996,0.0
565,-0.18738044798374176,-0.9822874069213867,4.523894309997559,1.991245117805565e-42
566,-0.4257785677909851,-0.9048274159431458,4.272566795349121,0.0
567,-0.6374234557151794,-0.770513653755188,4.021239280700684,0.0
568,-0.8090166449546814,-0.5877857208251953,3.769911766052246,0.0
569,-0.9297763109207153,-0.36812499165534973,3.5185842514038086,0.0
570,-0.9921146631240845,-0.12533360719680786,3.267256736755371,0.0
571,-0.9921147227287292,0.12533296644687653,3.0159292221069336,0.0
572,-0.9297765493392944,0.368124395608902,2.764601707458496,0.0
573,-0.8090170621871948,0.5877851843833923,2.5132741928100586,0.0
574,-0.6374239921569824,0.7705132365226746,2.261946678161621,0.0
575,-0.42577916383743286,0.9048271179199219,2.0106191635131836,0.0
576,-0.18738119304180145,0.9822872877120972,1.7592917680740356,0.0
577,0.06279061734676361,0.9980267286300659,1.5079643726348877,1.991245117805565e-42
578,0.3090170621871948,0.9510564804077148,1.2566369771957397,0.0
579,0.5358268618583679,0.8443278670310974,1.0053095817565918,0.0
580,0.7289686799049377,0.6845470666885376,0.7539821863174438,0.0
581,0.8763067126274109,0.4817536473274231,0.5026547908782959,0.0
582,0.9685831665992737,0.24868984520435333,0.25132736563682556,0.0
583,1.0,-4.665035646667093e-08,-4.665035646667093e-08,0.0
584,0.9685831665992737,0.24868984520435333,0.25132736563682556,0.0
585,0.8763067126274109,0.4817536473274231,0.5026547908782959,0.0
586,0.7289686799049377,0.6845470666885376,0.7539821863174438,0.0
587,0.5358268618583679,0.8443278670310974,1.0053095817565918,0.0
588,0.3090170621871948,0.9510564804077148,1.2566369771957397,0.0
589,0.06279061734676361,0.9980267286300659,1.5079643726348877,0.0
590,-0.18738119304180145,0.9822872877120972,1.7592917680740356,0.0
591,-0.42577916383743286,0.9048271179199219,2.0106191635131836,1.991245117805565e-42
592,-0.6374239921569824,0.7705132365226746,2.261946678161621,0.0
593,-0.8090170621871948,0.5877851843833923,2.5132741928100586,0.0
594,-0.9297765493392944,0.368124395608902,2.764601707458496,0.0
595,-0.9921147227287292,0.12533296644687653,3.0159292221069336,0.0
596,-0.9921146631240845,-0.12533360719680786,3.267256736755371,0.0
597,-0.9297763109207153,-0.36812499165534973,3.5185842514038086,0.0
598,-0.8090166449546814,-0.5877857208251953,3.769911766052246,0.0
599,-0.6374234557151794,-0.770513653755188,4.021239280700684,0.0
600,-0.4257785677909851,-0.9048274159431458,4.272566795349121,1.991245117805565e-42
601,-0.18738044798374176,-0.9822874069213867,4.523894309997559,0.0
602,0.06279151141643524,-0.9980266690254211,4.775221824645996,0.0
603,0.3090180456638336,-0.951056182384491,5.026549339294434,0.0
604,0.5358278155326843,-0.8443272709846497,5.277876853942871,0.0
605,0.7289695143699646,-0.684546172618866,5.529204368591309,0.0
606,0.8763073682785034,-0.4817524552345276,5.780531883239746,0.0
607,0.9685835242271423,-0.24868842959403992,6.031859397888184,0.0
608,1.0,1.6053570561780361e-06,6.283186912536621,0.0
609,0.9685835242271423,-0.24868842959403992,6.031859397888184,0.0
610,0.8763073682785034,-0.4817524552345276,5.780531883239746,0.0
611,0.7289695143699646,-0.684546172618866,5.529204368591309,0.0
612,0.5358278155326843,-0.8443272709846497,5.277876853942871,0.0
613,0.3090180456638336,-0.951056182384491,5.026549339294434,0.0
614,0.06279151141643524,-0.9980266690254211,4.775221824645996,1.991245117805565e-42
615,-0.18738044798374176,-0.9822874069213867,4.523894309997559,0.0
616,-0.4257785677909851,-0.9048274159431458,4.272566795349121,0.0
617,-0.6374234557151794,-0.770513653755188,4.021239280700684,0.0
618,-0.8090166449546814,-0.5877857208251953,3.769911766052246,0.0
619,-0.9297763109207153,-0.36812499165534973,3.5185842514038086,0.0
620,-0.9921146631240845,-0.12533360719680786,3.267256736755371,0.0
621,-0.9921147227287292,0.12533296644687653,3.0159292221069336,0.0
622,-0.9297765493392944,0.368124395608902,2.764601707458496,0.0
623,-0.8090170621871948,0.5877851843833923,2.5132741928100586,1.7376100957627732e-42
624,-0.6374239921569824,0.7705132365226746,2.261946678161621,0.0
625,-0.42577916383743286,0.9048271179199219,2.0106191635131836,0.0
626,-0.18738119304180145,0.9822872877120972,1.7592917680740356,0.0
627,0.06279061734676361,0.9980267286300659,1.5079643726348877,0.0
628,0.3090170621871948,0.9510564804077148,1.2566369771957397,2.6302372175376816e-42
629,0.5358268618583679,0.8443278670310974,1.0053095817565918,0.0
630,0.7289686799049377,0.6845470666885376,0.7539821863174438,0.0
631,0.8763067126274109,0.4817536473274231,0.5026547908782959,1.991245117805565e-42
632,0.9685831665992737,0.24868984520435333,0.25132736563682556,0.0
633,1.0,-4.665035646667093e-08,-4.665035646667093e-08,0.0
634,0.9685831665992737,0.24868984520435333,0.25132736563682556,2.896483925759397e-42
635,0.8763067126274109,0.4817536473274231,0.5026547908782959,0.0
636,0.7289686799049377,0.6845470666885376,0.7539821863174438,0.0
637,0.5358268618583679,0.8443278670310974,1.0053095817565918,0.0
638,0.3090170621871948,0.9510564804077148,1.2566369771957397,0.0
639,0.06279061734676361,0.9980267286300659,1.5079643726348877,0.0
640,-0.18738119304180145,0.9822872877120972,1.7592917680740356,0.0
641,-0.42577916383743286,0.9048271179199219,2.0106191635131836,0.0
642,-0.6374239921569824,0.7705132365226746,2.261946678161621,0.0
643,-0.8090170621871948,0.5877851843833923,2.5132741928100586,0.0
644,-0.9297765493392944,0.368124395608902,2.764601707458496,0.0
645,-0.9921147227287292,0.12533296644687653,3.0159292221069336,0.0
646,-0.9921146631240845,-0.12533360719680786,3.267256736755371,1.991245117805565e-42
647,-0.9297763109207153,-0.36812499165534973,3.5185842514038086,0.0
648,-0.8090166449546814,-0.5877857208251953,3.769911766052246,0.0
649,-0.6374234557151794,-0.770513653755188,4.021239280700684,0.0
650,-0.4257785677909851,-0.9048274159431458,4.272566795349121,0.0
651,-0.18738044798374176,-0.9822874069213867,4.523894309997559,1.991245117805565e-42
652,0.06279151141643524,-0.9980266690254211,4.775221824645996,0.0
653,0.3090180456638336,-0.951056182384491,5.026549339294434,0.0
654,0.5358278155326843,-0.8443272709846497,5.277876853942871,0.0
655,0.7289695143699646,-0.684546172618866,5.529204368591309,0.0
656,0.8763073682785034,-0.4817524552345276,5.780531883239746,0.0
657,0.9685835242271423,-0.24868842959403992,6.031859397888184,1.991245117805565e-42
658,1.0,1.6053570561780361e-06,6.283186912536621,0.0
659,0.9685835242271423,-0.24868842959403992,6.031859397888184,0.0
660,0.8763073682785034,-0.4817524552345276,5.780531883239746,0.0
661,0.7289695143699646,-0.684546172618866,5.529204368591309,0.0
662,0.5358278155326843,-0.8443272709846497,5.277876853942871,0.0
663,0.3090180456638336,-0.951056182384491,5.026549339294434,0.0
664,0.06279151141643524,-0.9980266690254211,4.775221824645996,0.0
665,-0.18738044798374176,-0.9822874069213867,4.523894309997559,0.0
666,-0.4257785677909851,-0.9048274159431458,4.272566795349121,0.0
667,-0.6374234557151794,-0.770513653755188,4.021239280700684,0.0
668,-0.8090166449546814,-0.5877857208251953,3.769911766052246,0.0
669,-0.9297763109207153,-0.36812499165534973,3.5185842514038086,1.991245117805565e-42
670,-0.9921146631240845,-0.12533360719680786,3.267256736755371,0.0
671,-0.9921147227287292,0.12533296644687653,3.0159292221069336,0.0
672,-0.9297765493392944,0.368124395608902,2.764601707458496,0.0
673,-0.8090170621871948,0.5877851843833923,2.5132741928100586,0.0
674,-0.6374239921569824,0.7705132365226746,2.261946678161621,1.991245117805565e-42
675,-0.42577916383743286,0.9048271179199219,2.0106191635131836,0.0
676,-0.18738119304180145,0.9822872877120972,1.7592917680740356,0.0
677,0.06279061734676361,0.9980267286300659,1.5079643726348877,0.0
678,0.3090170621871948,0.9510564804077148,1.2566369771957397,0.0
679,0.5358268618583679,0.8443278670310974,1.0053095817565918,0.0
680,0.7289686799049377,0.6845470666885376,0.7539821863174438,1.991245117805565e-42
681,0.8763067126274109,0.4817536473274231,0.5026547908782959,0.0
682,0.9685831665992737,0.24868984520435333,0.25132736563682556,0.0
683,1.0,-4.665035646667093e-08,-4.665035646667093e-08,0.0
684,0.9685831665992737,0.24868984520435333,0.25132736563682556,0.0
685,0.8763067126274109,0.4817536473274231,0.5026547908782959,0.0
686,0.7289686799049377,0.6845470666885376,0.7539821863174438,0.0
687,0.5358268618583679,0.8443278670310974,1.0053095817565918,0.0
688,0.3090170621871948,0.9510564804077148,1.2566369771957397,0.0
689,0.06279061734676361,0.9980267286300659,1.5079643726348877,0.0
690,-0.18738119304180145,0.9822872877120972,1.7592917680740356,0.0
691,-0.42577916383743286,0.9048271179199219,2.0106191635131836,0.0
692,-0.6374239921569824,0.7705132365226746,2.261946678161621,1.991245117805565e-42
693,-0.8090170621871948,0.5877851843833923,2.5132741928100586,0.0
694,-0.9297765493392944,0.368124395608902,2.764601707458496,0.0
695,-0.9921147227287292,0.12533296644687653,3.0159292221069336,0.0
696,-0.9921146631240845,-0.12533360719680786,3.267256736755371,0.0
697,-0.9297763109207153,-0.36812499165534973,3.5185842514038086,0.0
698,-0.8090166449546814,-0.5877857208251953,3.769911766052246,0.0
699,-0.6374234557151794,-0.770513653755188,4.021239280700684,0.0
700,-0.4257785677909851,-0.9048274159431458,4.272566795349121,0.0
701,-0.18738044798374176,-0.9822874069213867,4.523894309997559,0.0
702,0.06279151141643524,-0.9980266690254211,4.775221824645996,0.0
703,0.3090180456638336,-0.951056182384491,5.026549339294434,1.991245117805565e-42
704,0.5358278155326843,-0.8443272709846497,5.277876853942871,0.0
705,0.7289695143699646,-0.684546172618866,5.529204368591309,0.0
706,0.8763073682785034,-0.4817524552345276,5.780531883239746,0.0
707,0.9685835242271423,-0.24868842959403992,6.031859397888184,0.0
708,1.0,1.6053570561780361e-06,6.283186912536621,0.0
709,0.9685835242271423,-0.24868842959403992,6.031859397888184,0.0
710,0.8763073682785034,-0.4817524552345276,5.780531883239746,0.0
711,0.7289695143699646,-0.684546172618866,5.529204368591309,0.0
712,0.5358278155326843,-0.8443272709846497,5.277876853942871,0.0
713,0.3090180456638336,-0.951056182384491,5.026549339294434,0.0
714,0.06279151141643524,-0.9980266690254211,4.775221824645996,0.0
715,-0.18738044798374176,-0.9822874069213867,4.523894309997559,1.991245117805565e-42
716,-0.4257785677909851,-0.9048274159431458,4.272566795349121,0.0
717,-0.6374234557151794,-0.770513653755188,4.021239280700684,0.0
718,-0.8090166449546814,-0.5877857208251953,3.769911766052246,0.0
719,-0.9297763109207153,-0.36812499165534973,3.5185842514038086,0.0
720,-0.9921146631240845,-0.12533360719680786,3.267256736755371,0.0
721,-0.9921147227287292,0.12533296644687653,3.0159292221069336,0.0
722,-0.9297765493392944,0.368124395608902,2.764601707458496,0.0
723,-0.8090170621871948,0.5877851843833923,2.5132741928100586,0.0
724,-0.6374239921569824,0.7705132365226746,2.261946678161621,0.0
725,-0.42577916383743286,0.9048271179199219,2.0106191635131836,0.0
726,-0.18738119304180145,0.9822872877120972,1.7592917680740356,1.991245117805565e-42
727,0.06279061734676361,0.9980267286300659,1.5079643726348877,0.0
728,0.3090170621871948,0.9510564804077148,1.2566369771957397,0.0
729,0.5358268618583679,0.8443278670310974,1.0053095817565918,0.0
730,0.7289686799049377,0.6845470666885376,0.7539821863174438,0.0
731,0.8763067126274109,0.4817536473274231,0.5026547908782959,0.0
732,0.9685831665992737,0.24868984520435333,0.25132736563682556,0.0
733,1.0,-4.665035646667093e-08,-4.665035646667093e-08,0.0
734,0.9685831665992737,0.24868984520435333,0.25132736563682556,0.0
735,0.8763067126274109,0.4817536473274231,0.5026547908782959,0.0
736,0.7289686799049377,0.6845470666885376,0.7539821863174438,0.0
737,0.5358268618583679,0.8443278670310974,1.0053095817565918,0.0
738,0.3090170621871948,0.9510564804077148,1.2566369771957397,1.991245117805565e-42
739,0.06279061734676361,0.9980267286300659,1.5079643726348877,0.0
740,-0.18738119304180145,0.9822872877120972,1.7592917680740356,0.0
741,-0.42577916383743286,0.9048271179199219,2.0106191635131836,0.0
742,-0.6374239921569824,0.7705132365226746,2.261946678161621,0.0
743,-0.8090170621871948,0.5877851843833923,2.5132741928100586,0.0
744,-0.9297765493392944,0.368124395608902,2.764601707458496,0.0
745,-0.9921147227287292,0.12533296644687653,3.0159292221069336,0.0
746,-0.9921146631240845,-0.12533360719680786,3.267256736755371,0.0
747,-0.9297763109207153,-0.36812499165534973,3.5185842514038086,0.0
748,-0.8090166449546814,-0.5877857208251953,3.769911766052246,0.0
749,-0.6374234557151794,-0.770513653755188,4.021239280700684,1.991245117805565e-42
750,-0.4257785677909851,-0.9048274159431458,4.272566795349121,0.0
751,-0.18738044798374176,-0.9822874069213867,4.523894309997559,0.0
752,0.06279151141643524,-0.9980266690254211,4.775221824645996,0.0
753,0.3090180456638336,-0.951056182384491,5.026549339294434,0.0
754,0.5358278155326843,-0.8443272709846497,5.277876853942871,0.0
755,0.7289695143699646,-0.684546172618866,5.529204368591309,0.0
756,0.8763073682785034,-0.4817524552345276,5.780531883239746,0.0
757,0.9685835242271423,-0.24868842959403992,6.031859397888184,0.0
758,1.0,1.6053570561780361e-06,6.283186912536621,0.0
759,0.9685835242271423,-0.24868842959403992,6.031859397888184,0.0
760,0.8763073682785034,-0.4817524552345276,5.780531883239746,0.0
761,0.7289695143699646,-0.684546172618866,5.529204368591309,1.991245117805565e-42
762,0.5358278155326843,-0.8443272709846497,5.277876853942871,0.0
763,0.3090180456638336,-0.951056182384491,5.026549339294434,0.0
764,0.06279151141643524,-0.9980266690254211,4.775221824645996,0.0
765,-0.18738044798374176,-0.9822874069213867,4.523894309997559,0.0
766,-0.4257785677909851,-0.9048274159431458,4.272566795349121,0.0
767,-0.6374234557151794,-0.770513653755188,4.021239280700684,0.0
768,-0.8090166449546814,-0.5877857208251953,3.769911766052246,0.0
769,-0.9297763109207153,-0.36812499165534973,3.5185842514038086,0.0
770,-0.9921146631240845,-0.12533360719680786,3.267256736755371,0.0
771,-0.9921147227287292,0.12533296644687653,3.0159292221069336,0.0
772,-0.9297765493392944,0.368124395608902,2.764601707458496,1.991245117805565e-42
773,-0.8090170621871948,0.5877851843833923,2.5132741928100586,0.0
774,-0.6374239921569824,0.7705132365226746,2.261946678161621,0.0
775,-0.42577916383743286,0.9048271179199219,2.0106191635131836,0.0
776,-0.18738119304180145,0.9822872877120972,1.7592917680740356,0.0
777,0.06279061734676361,0.9980267286300659,1.5079643726348877,0.0
778,0.3090170621871948,0.9510564804077148,1.2566369771957397,0.0
779,0.5358268618583679,0.8443278670310974,1.0053095817565918,0.0
780,0.7289686799049377,0.6845470666885376,0.7539821863174438,0.0
781,0.8763067126274109,0.4817536473274231,0.5026547908782959,0.0
782,0.9685831665992737,0.24868984520435333,0.25132736563682556,0.0
783,1.0,-4.665035646667093e-08,-4.665035646667093e-08,0.0
784,0.9685831665992737,0.24868984520435333,0.25132736563682556,1.991245117805565e-42
785,0.8763067126274109,0.4817536473274231,0.5026547908782959,0.0
786,0.7289686799049377,0.6845470666885376,0.7539821863174438,0.0
787,0.5358268618583679,0.8443278670310974,1.0053095817565918,0.0
788,0.3090170621871948,0.9510564804077148,1.2566369771957397,0.0
789,0.06279061734676361,0.9980267286300659,1.5079643726348877,0.0
790,-0.18738119304180145,0.9822872877120972,1.7592917680740356,0.0
791,-0.42577916383743286,0.9048271179199219,2.0106191635131836,0.0
792,-0.6374239921569824,0.7705132365226746,2.261946678161621,0.0
793,-0.8090170621871948,0.5877851843833923,2.5132741928100586,0.0
794,-0.9297765493392944,0.368124395608902,2.764601707458496,0.0
795,-0.9921147227287292,0.12533296644687653,3.0159292221069336,1.991245117805565e-42
796,-0.9921146631240845,-0.12533360719680786,3.267256736755371,0.0
797,-0.9297763109207153,-0.36812499165534973,3.5185842514038086,0.0
798,-0.8090166449546814,-0.5877857208251953,3.769911766052246,0.0
799,-0.6374234557151794,-0.770513653755188,4.021239280700684,0.0
800,-0.4257785677909851,-0.9048274159431458,4.272566795349121,0.0
801,-0.18738044798374176,-0.9822874069213867,4.523894309997559,0.0
802,0.06279151141643524,-0.9980266690254211,4.775221824645996,0.0
803,0.3090180456638336,-0.951056182384491,5.026549339294434,0.0
804,0.5358278155326843,-0.8443272709846497,5.277876853942871,0.0
805,0.7289695143699646,-0.684546172618866,5.529204368591309,0.0
806,0.8763073682785034,-0.4817524552345276,5.780531883239746,0.0
807,0.9685835242271423,-0.24868842959403992,6.031859397888184,1.991245117805565e-42
808,1.0,1.6053570561780361e-06,6.283186912536621,0.0
809,0.9685835242271423,-0.24868842959403992,6.031859397888184,0.0
810,0.8763073682785034,-0.4817524552345276,5.780531883239746,0.0
811,0.7289695143699646,-0.684546172618866,5.529204368591309,0.0
812,0.5358278155326843,-0.8443272709846497,5.277876853942871,0.0
813,0.3090180456638336,-0.951056182384491,5.026549339294434,0.0
814,0.06279151141643524,-0.9980266690254211,4.775221824645996,0.0
815,-0.18738044798374176,-0.9822874069213867,4.523894309997559,1.991245117805565e-42
816,-0.4257785677909851,-0.9048274159431458,4.272566795349121,0.0
817,-0.6374234557151794,-0.770513653755188,4.021239280700684,0.0
818,-0.8090166449546814,-0.5877857208251953,3.769911766052246,1.991245117805565e-42
819,-0.9297763109207153,-0.36812499165534973,3.5185842514038086,0.0
820,-0.9921146631240845,-0.12533360719680786,3.267256736755371,0.0
821,-0.9921147227287292,0.12533296644687653,3.0159292221069336,0.0
822,-0.9297765493392944,0.368124395608902,2.764601707458496,0.0
823,-0.8090170621871948,0.5877851843833923,2.5132741928100586,0.0
824,-0.6374239921569824,0.7705132365226746,2.261946678161621,0.0
825,-0.42577916383743286,0.9048271179199219,2.0106191635131836,0.0
826,-0.18738119304180145,0.9822872877120972,1.7592917680740356,0.0
827,0.06279061734676361,0.9980267286300659,1.5079643726348877,0.0
828,0.3090170621871948,0.9510564804077148,1.2566369771957397,0.0
829,0.5358268618583679,0.8443278670310974,1.0053095817565918,0.0
830,0.7289686799049377,0.6845470666885376,0.7539821863174438,1.991245117805565e-42
831,0.8763067126274109,0.4817536473274231,0.5026547908782959,0.0
832,0.9685831665992737,0.24868984520435333,0.25132736563682556,0.0
833,1.0,-4.665035646667093e-08,-4.665035646667093e-08,0.0
834,0.9685831665992737,0.24868984520435333,0.25132736563682556,0.0
835,0.8763067126274109,0.4817536473274231,0.5026547908782959,1.991245117805565e-42
836,0.7289686799049377,0.6845470666885376,0.7539821863174438,0.0
837,0.5358268618583679,0.8443278670310974,1.0053095817565918,0.0
838,0.3090170621871948,0.9510564804077148,1.2566369771957397,0.0
839,0.06279061734676361,0.9980267286300659,1.5079643726348877,0.0
840,-0.18738119304180145,0.9822872877120972,1.7592917680740356,0.0
841,-0.42577916383743286,0.9048271179199219,2.0106191635131836,1.991245117805565e-42
842,-0.6374239921569824,0.7705132365226746,2.261946678161621,0.0
843,-0.8090170621871948,0.5877851843833923,2.5132741928100586,0.0
844,-0.9297765493392944,0.368124395608902,2.764601707458496,0.0
845,-0.9921147227287292,0.12533296644687653,3.0159292221069336,0.0
846,-0.9921146631240845,-0.12533360719680786,3.267256736755371,0.0
847,-0.9297763109207153,-0.36812499165534973,3.5185842514038086,0.0
848,-0.8090166449546814,-0.5877857208251953,3.769911766052246,0.0
849,-0.6374234557151794,-0.770513653755188,4.021239280700684,0.0
850,-0.4257785677909851,-0.9048274159431458,4.272566795349121,0.0
851,-0.18738044798374176,-0.9822874069213867,4.523894309997559,0.0
852,0.06279151141643524,-0.9980266690254211,4.775221824645996,0.0
853,0.3090180456638336,-0.951056182384491,5.026549339294434,1.991245117805565e-42
854,0.5358278155326843,-0.8443272709846497,5.277876853942871,0.0
855,0.7289695143699646,-0.684546172618866,5.529204368591309,0.0
856,0.8763073682785034,-0.4817524552345276,5.780531883239746,0.0
857,0.9685835242271423,-0.24868842959403992,6.031859397888184,0.0
858,1.0,1.6053570561780361e-06,6.283186912536621,1.991245117805565e-42
859,0.9685835242271423,-0.24868842959403992,6.031859397888184,0.0
860,0.8763073682785034,-0.4817524552345276,5.780531883239746,0.0
861,0.7289695143699646,-0.684546172618866,5.529204368591309,0.0
862,0.5358278155326843,-0.8443272709846497,5.277876853942871,0.0
863,0.3090180456638336,-0.951056182384491,5.026549339294434,0.0
864,0.06279151141643524,-0.9980266690254211,4.775221824645996,1.991245117805565e-42
865,-0.18738044798374176,-0.9822874069213867,4.523894309997559,0.0
866,-0.4257785677909851,-0.9048274159431458,4.272566795349121,0.0
867,-0.6374234557151794,-0.770513653755188,4.021239280700684,0.0
868,-0.8090166449546814,-0.5877857208251953,3.769911766052246,0.0
869,-0.9297763109207153,-0.36812499165534973,3.5185842514038086,0.0
870,-0.9921146631240845,-0.12533360719680786,3.267256736755371,0.0
871,-0.9921147227287292,0.12533296644687653,3.0159292221069336,0.0
872,-0.9297765493392944,0.368124395608902,2.764601707458496,0.0
873,-0.8090170621871948,0.5877851843833923,2.5132741928100586,0.0
874,-0.6374239921569824,0.7705132365226746,2.261946678161621,0.0
875,-0.42577916383743286,0.9048271179199219,2.0106191635131836,0.0
876,-0.18738119304180145,0.9822872877120972,1.7592917680740356,1.991245117805565e-42
877,0.06279061734676361,0.9980267286300659,1.5079643726348877,0.0
878,0.3090170621871948,0.9510564804077148,1.2566369771957397,0.0
879,0.5358268618583679,0.8443278670310974,1.0053095817565918,0.0
880,0.7289686799049377,0.6845470666885376,0.7539821863174438,0.0
881,0.8763067126274109,0.4817536473274231,0.5026547908782959,0.0
882,0.9685831665992737,0.24868984520435333,0.25132736563682556,0.0
883,1.0,-4.665035646667093e-08,-4.665035646667093e-08,0.0
884,0.9685831665992737,0.24868984520435333,0.25132736563682556,0.0
885,0.8763067126274109,0.4817536473274231,0.5026547908782959,0.0
886,0.7289686799049377,0.6845470666885376,0.7539821863174438,0.0
887,0.5358268618583679,0.8443278670310974,1.0053095817565918,1.991245117805565e-42
888,0.3090170621871948,0.9510564804077148,1.2566369771957397,0.0
889,0.06279061734676361,0.9980267286300659,1.5079643726348877,0.0
890,-0.18738119304180145,0.9822872877120972,1.7592917680740356,0.0
891,-0.42577916383743286,0.9048271179199219,2.0106191635131836,0.0
892,-0.6374239921569824,0.7705132365226746,2.261946678161621,0.0
893,-0.8090170621871948,0.5877851843833923,2.5132741928100586,0.0
894,-0.9297765493392944,0.368124395608902,2.764601707458496,0.0
895,-0.9921147227287292,0.12533296644687653,3.0159292221069336,0.0
896,-0.9921146631240845,-0.12533360719680786,3.267256736755371,0.0
897,-0.9297763109207153,-0.36812499165534973,3.5185842514038086,0.0
898,-0.8090166449546814,-0.5877857208251953,3.769911766052246,0.0
899,-0.6374234557151794,-0.770513653755188,4.021239280700684,1.991245117805565e-42
900,-0.4257785677909851,-0.9048274159431458,4.272566795349121,0.0
901,-0.18738044798374176,-0.9822874069213867,4.523894309997559,0.0
902,0.06279151141643524,-0.9980266690254211,4.775221824645996,0.0
903,0.3090180456638336,-0.951056182384491,5.026549339294434,0.0
904,0.5358278155326843,-0.8443272709846497,5.277876853942871,0.0
905,0.7289695143699646,-0.684546172618866,5.529204368591309,0.0
906,0.8763073682785034,-0.4817524552345276,5.780531883239746,0.0
907,0.9685835242271423,-0.24868842959403992,6.031859397888184,0.0
908,1.0,1.6053570561780361e-06,6.283186912536621,0.0
909,0.9685835242271423,-0.24868842959403992,6.031859397888184,0.0
910,0.8763073682785034,-0.4817524552345276,5.780531883239746,1.991245117805565e-42
911,0.7289695143699646,-0.684546172618866,5.529204368591309,0.0
912,0.5358278155326843,-0.8443272709846497,5.277876853942871,0.0
913,0.3090180456638336,-0.951056182384491,5.026549339294434,0.0
914,0.06279151141643524,-0.9980266690254211,4.775221824645996,0.0
915,-0.18738044798374176,-0.9822874069213867,4.523894309997559,0.0
916,-0.4257785677909851,-0.9048274159431458,4.272566795349121,0.0
917,-0.6374234557151794,-0.770513653755188,4.021239280700684,0.0
918,-0.8090166449546814,-0.5877857208251953,3.769911766052246,0.0
919,-0.9297763109207153,-0.36812499165534973,3.5185842514038086,0.0
920,-0.9921146631240845,-0.12533360719680786,3.267256736755371,0.0
921,-0.9921147227287292,0.12533296644687653,3.0159292221069336,0.0
922,-0.9297765493392944,0.368124395608902,2.764601707458496,1.991245117805565e-42
923,-0.8090170621871948,0.5877851843833923,2.5132741928100586,0.0
924,-0.6374239921569824,0.7705132365226746,2.261946678161621,0.0
925,-0.42577916383743286,0.9048271179199219,2.0106191635131836,0.0
926,-0.18738119304180145,0.9822872877120972,1.7592917680740356,0.0
927,0.06279061734676361,0.9980267286300659,1.5079643726348877,0.0
928,0.3090170621871948,0.9510564804077148,1.2566369771957397,0.0
929,0.5358268618583679,0.8443278670310974,1.0053095817565918,0.0
930,0.7289686799049377,0.6845470666885376,0.7539821863174438,0.0
931,0.8763067126274109,0.4817536473274231,0.5026547908782959,0.0
932,0.9685831665992737,0.24868984520435333,0.25132736563682556,0.0
933,1.0,-4.665035646667093e-08,-4.665035646667093e-08,1.991245117805565e-42
934,0.9685831665992737,0.24868984520435333,0.25132736563682556,0.0
935,0.8763067126274109,0.4817536473274231,0.5026547908782959,0.0
936,0.7289686799049377,0.6845470666885376,0.7539821863174438,0.0
937,0.5358268618583679,0.8443278670310974,1.0053095817565918,0.0
938,0.3090170621871948,0.9510564804077148,1.2566369771957397,0.0
939,0.06279061734676361,0.9980267286300659,1.5079643726348877,0.0
940,-0.18738119304180145,0.9822872877120972,1.7592917680740356,0.0
941,-0.42577916383743286,0.9048271179199219,2.0106191635131836,0.0
942,-0.6374239921569824,0.7705132365226746,2.261946678161621,0.0
943,-0.8090170621871948,0.5877851843833923,2.5132741928100586,0.0
944,-0.9297765493392944,0.368124395608902,2.764601707458496,0.0
945,-0.9921147227287292,0.12533296644687653,3.0159292221069336,1.991245117805565e-42
946,-0.9921146631240845,-0.12533360719680786,3.267256736755371,0.0
947,-0.9297763109207153,-0.36812499165534973,3.5185842514038086,0.0
948,-0.8090166449546814,-0.5877857208251953,3.769911766052246,0.0
949,-0.6374234557151794,-0.770513653755188,4.021239280700684,0.0
950,-0.4257785677909851,-0.9048274159431458,4.272566795349121,0.0
951,-0.18738044798374176,-0.9822874069213867,4.523894309997559,0.0
952,0.06279151141643524,-0.9980266690254211,4.775221824645996,0.0
953,0.3090180456638336,-0.951056182384491,5.026549339294434,0.0
954,0.5358278155326843,-0.8443272709846497,5.277876853942871,0.0
955,0.7289695143699646,-0.684546172618866,5.529204368591309,0.0
956,0.8763073682785034,-0.4817524552345276,5.780531883239746,1.991245117805565e-42
957,0.9685835242271423,-0.24868842959403992,6.031859397888184,0.0
958,1.0,1.6053570561780361e-06,6.283186912536621,0.0
959,0.9685835242271423,-0.24868842959403992,6.031859397888184,0.0
960,0.8763073682785034,-0.4817524552345276,5.780531883239746,0.0
961,0.7289695143699646,-0.684546172618866,5.529204368591309,0.0
962,0.5358278155326843,-0.8443272709846497,5.277876853942871,0.0
963,0.3090180456638336,-0.951056182384491,5.026549339294434,0.0
964,0.06279151141643524,-0.9980266690254211,4.775221824645996,0.0
965,-0.18738044798374176,-0.9822874069213867,4.523894309997559,0.0
966,-0.4257785677909851,-0.9048274159431458,4.272566795349121,0.0
967,-0.6374234557151794,-0.770513653755188,4.021239280700684,0.0
968,-0.8090166449546814,-0.5877857208251953,3.769911766052246,1.991245117805565e-42
969,-0.9297763109207153,-0.36812499165534973,3.5185842514038086,0.0
970,-0.9921146631240845,-0.12533360719680786,3.267256736755371,0.0
971,-0.9921147227287292,0.12533296644687653,3.0159292221069336,0.0
972,-0.9297765493392944,0.368124395608902,2.764601707458496,0.0
973,-0.8090170621871948,0.5877851843833923,2.5132741928100586,0.0
974,-0.6374239921569824,0.7705132365226746,2.261946678161621,0.0
975,-0.42577916383743286,0.9048271179199219,2.0106191635131836,0.0
976,-0.18738119304180145,0.9822872877120972,1.7592917680740356,0.0
977,0.06279061734676361,0.9980267286300659,1.5079643726348877,0.0
978,0.3090170621871948,0.9510564804077148,1.2566369771957397,0.0
979,0.5358268618583679,0.8443278670310974,1.0053095817565918,1.991245117805565e-42
980,0.7289686799049377,0.6845470666885376,0.7539821863174438,0.0
981,0.8763067126274109,0.4817536473274231,0.5026547908782959,0.0
982,0.9685831665992737,0.24868984520435333,0.25132736563682556,0.0
983,1.0,-4.665035646667093e-08,-4.665035646667093e-08,0.0
984,0.9685831665992737,0.24868984520435333,0.25132736563682556,0.0
985,0.8763067126274109,0.4817536473274231,0.5026547908782959,0.0
986,0.7289686799049377,0.6845470666885376,0.7539821863174438,0.0
987,0.5358268618583679,0.8443278670310974,1.0053095817565918,0.0
988,0.3090170621871948,0.9510564804077148,1.2566369771957397,0.0
989,0.06279061734676361,0.9980267286300659,1.5079643726348877,0.0
990,-0.18738119304180145,0.9822872877120972,1.7592917680740356,0.0
991,-0.42577916383743286,0.9048271179199219,2.0106191635131836,1.991245117805565e-42
992,-0.6374239921569824,0.7705132365226746,2.261946678161621,0.0
993,-0.8090170621871948,0.5877851843833923,2.5132741928100586,0.0
994,-0.9297765493392944,0.368124395608902,2.764601707458496,0.0
995,-0.9921147227287292,0.12533296644687653,3.0159292221069336,0.0
996,-0.9921146631240845,-0.12533360719680786,3.267256736755371,0.0
997,-0.9297763109207153,-0.36812499165534973,3.5185842514038086,0.0
998,-0.8090166449546814,-0.5877857208251953,3.769911766052246,0.0
999,-0.6374234557151794,-0.770513653755188,4.021239280700684,1.991245117805565e-42
1000,-0.4257785677909851,-0.9048274159431458,4.272566795349121,0.0
1001,-0.18738044798374176,-0.9822874069213867,4.523894309997559,0.0
1002,0.06279151141643524,-0.9980266690254211,4.775221824645996,1.991245117805565e-42
1003,0.3090180456638336,-0.951056182384491,5.026549339294434,0.0
1004,0.5358278155326843,-0.8443272709846497,5.277876853942871,0.0
1005,0.7289695143699646,-0.684546172618866,5.529204368591309,0.0
1006,0.8763073682785034,-0.4817524552345276,5.780531883239746,0.0
1007,0.9685835242271423,-0.24868842959403992,6.031859397888184,0.0
1008,1.0,1.6053570561780361e-06,6.283186912536621,0.0
1009,0.9685835242271423,-0.24868842959403992,6.031859397888184,0.0
1010,0.8763073682785034,-0.4817524552345276,5.780531883239746,0.0
1011,0.7289695143699646,-0.684546172618866,5.529204368591309,0.0
1012,0.5358278155326843,-0.8443272709846497,5.277876853942871,0.0
1013,0.3090180456638336,-0.951056182384491,5.026549339294434,0.0
1014,0.06279151141643524,-0.9980266690254211,4.775221824645996,1.991245117805565e-42
1015,-0.18738044798374176,-0.9822874069213867,4.523894309997559,0.0
1016,-0.4257785677909851,-0.9048274159431458,4.272566795349121,0.0
1017,-0.6374234557151794,-0.770513653755188,4.021239280700684,0.0
1018,-0.8090166449546814,-0.5877857208251953,3.769911766052246,0.0
1019,-0.9297763109207153,-0.36812499165534973,3.5185842514038086,1.991245117805565e-42
1020,-0.9921146631240845,-0.12533360719680786,3.267256736755371,0.0
1021,-0.9921147227287292,0.12533296644687653,3.0159292221069336,0.0
1022,-0.9297765493392944,0.368124395608902,2.764601707458496,0.0
1023,-0.8090170621871948,0.5877851843833923,2.5132741928100586,0.0
1024,-0.6374239921569824,0.7705132365226746,2.261946678161621,0.0
1025,-0.42577916383743286,0.9048271179199219,2.0106191635131836,1.991245117805565e-42
1026,-0.18738119304180145,0.9822872877120972,1.7592917680740356,0.0
1027,0.06279061734676361,0.9980267286300659,1.5079643726348877,0.0
1028,0.3090170621871948,0.9510564804077148,1.2566369771957397,0.0
1029,0.5358268618583679,0.8443278670310974,1.0053095817565918,0.0
1030,0.7289686799049377,0.6845470666885376,0.7539821863174438,0.0
1031,0.8763067126274109,0.4817536473274231,0.5026547908782959,0.0
1032,0.9685831665992737,0.24868984520435333,0.25132736563682556,0.0
1033,1.0,-4.665035646667093e-08,-4.665035646667093e-08,0.0
1034,0.9685831665992737,0.24868984520435333,0.25132736563682556,0.0
1035,0.8763067126274109,0.4817536473274231,0.5026547908782959,0.0
1036,0.7289686799049377,0.6845470666885376,0.7539821863174438,0.0
1037,0.5358268618583679,0.8443278670310974,1.0053095817565918,1.991245117805565e-42
1038,0.3090170621871948,0.9510564804077148,1.2566369771957397,0.0
1039,0.06279061734676361,0.9980267286300659,1.5079643726348877,0.0
1040,-0.18738119304180145,0.9822872877120972,1.7592917680740356,0.0
1041,-0.42577916383743286,0.9048271179199219,2.0106191635131836,0.0
1042,-0.6374239921569824,0.7705132365226746,2.261946678161621,1.991245117805565e-42
1043,-0.8090170621871948,0.5877851843833923,2.5132741928100586,0.0
1044,-0.9297765493392944,0.368124395608902,2.764601707458496,0.0
1045,-0.9921147227287292,0.12533296644687653,3.0159292221069336,0.0
1046,-0.9921146631240845,-0.12533360719680786,3.267256736755371,0.0
1047,-0.9297763109207153,-0.36812499165534973,3.5185842514038086,0.0
1048,-0.8090166449546814,-0.5877857208251953,3.769911766052246,1.991245117805565e-42
1049,-0.6374234557151794,-0.770513653755188,4.021239280700684,0.0
1050,-0.4257785677909851,-0.9048274159431458,4.272566795349121,0.0
1051,-0.18738044798374176,-0.9822874069213867,4.523894309997559,0.0
1052,0.06279151141643524,-0.9980266690254211,4.775221824645996,0.0
1053,0.3090180456638336,-0.951056182384491,5.026549339294434,0.0
1054,0.5358278155326843,-0.8443272709846497,5.277876853942871,0.0
1055,0.7289695143699646,-0.684546172618866,5.529204368591309,0.0
1056,0.8763073682785034,-0.4817524552345276,5.780531883239746,0.0
1057,0.9685835242271423,-0.24868842959403992,6.031859397888184,0.0
1058,1.0,1.6053570561780361e-06,6.283186912536621,0.0
1059,0.9685835242271423,-0.24868842959403992,6.031859397888184,0.0
1060,0.8763073682785034,-0.4817524552345276,5.780531883239746,1.991245117805565e-42
1061,0.7289695143699646,-0.684546172618866,5.529204368591309,0.0
1062,0.5358278155326843,-0.8443272709846497,5.277876853942871,0.0
1063,0.3090180456638336,-0.951056182384491,5.026549339294434,0.0
1064,0.06279151141643524,-0.9980266690254211,4.775221824645996,0.0
1065,-0.18738044798374176,-0.9822874069213867,4.523894309997559,0.0
1066,-0.4257785677909851,-0.9048274159431458,4.272566795349121,0.0
1067,-0.6374234557151794,-0.770513653755188,4.021239280700684,0.0
1068,-0.8090166449546814,-0.5877857208251953,3.769911766052246,0.0
1069,-0.9297763109207153,-0.36812499165534973,3.5185842514038086,0.0
1070,-0.9921146631240845,-0.12533360719680786,3.267256736755371,0.0
1071,-0.9921147227287292,0.12533296644687653,3.0159292221069336,1.991245117805565e-42
1072,-0.9297765493392944,0.368124395608902,2.764601707458496,0.0
1073,-0.8090170621871948,0.5877851843833923,2.5132741928100586,0.0
1074,-0.6374239921569824,0.7705132365226746,2.261946678161621,0.0
1075,-0.42577916383743286,0.9048271179199219,2.0106191635131836,0.0
1076,-0.18738119304180145,0.9822872877120972,1.7592917680740356,0.0
1077,0.06279061734676361,0.9980267286300659,1.5079643726348877,0.0
1078,0.3090170621871948,0.9510564804077148,1.2566369771957397,0.0
1079,0.5358268618583679,0.8443278670310974,1.0053095817565918,0.0
1080,0.7289686799049377,0.6845470666885376,0.7539821863174438,0.0
1081,0.8763067126274109,0.4817536473274231,0.5026547908782959,0.0
1082,0.9685831665992737,0.24868984520435333,0.25132736563682556,0.0
1083,1.0,-4.665035646667093e-08,-4.665035646667093e-08,1.991245117805565e-42
1084,0.9685831665992737,0.24868984520435333,0.25132736563682556,0.0
1085,0.8763067126274109,0.4817536473274231,0.5026547908782959,0.0
1086,0.7289686799049377,0.6845470666885376,0.7539821863174438,0.0
1087,0.5358268618583679,0.8443278670310974,1.0053095817565918,0.0
1088,0.3090170621871948,0.9510564804077148,1.2566369771957397,0.0
1089,0.06279061734676361,0.9980267286300659,1.5079643726348877,0.0
1090,-0.18738119304180145,0.9822872877120972,1.7592917680740356,0.0
1091,-0.42577916383743286,0.9048271179199219,2.0106191635131836,0.0
1092,-0.6374239921569824,0.7705132365226746,2.261946678161621,0.0
1093,-0.8090170621871948,0.5877851843833923,2.5132741928100586,0.0
1094,-0.9297765493392944,0.368124395608902,2.764601707458496,1.991245117805565e-42
1095,-0.9921147227287292,0.12533296644687653,3.0159292221069336,0.0
1096,-0.9921146631240845,-0.12533360719680786,3.267256736755371,0.0
1097,-0.9297763109207153,-0.36812499165534973,3.5185842514038086,0.0
1098,-0.8090166449546814,-0.5877857208251953,3.769911766052246,0.0
1099,-0.6374234557151794,-0.770513653755188,4.021239280700684,0.0
1100,-0.4257785677909851,-0.9048274159431458,4.272566795349121,0.0
1101,-0.18738044798374176,-0.9822874069213867,4.523894309997559,0.0
1102,0.06279151141643524,-0.9980266690254211,4.775221824645996,0.0
1103,0.3090180456638336,-0.951056182384491,5.026549339294434,0.0
1104,0.5358278155326843,-0.8443272709846497,5.277876853942871,0.0
1105,0.7289695143699646,-0.684546172618866,5.529204368591309,0.0
1106,0.8763073682785034,-0.4817524552345276,5.780531883239746,1.991245117805565e-42
1107,0.9685835242271423,-0.24868842959403992,6.031859397888184,0.0
1108,1.0,1.6053570561780361e-06,6.283186912536621,0.0
1109,0.9685835242271423,-0.24868842959403992,6.031859397888184,0.0
1110,0.8763073682785034,-0.4817524552345276,5.780531883239746,0.0
1111,0.7289695143699646,-0.684546172618866,5.529204368591309,0.0
1112,0.5358278155326843,-0.8443272709846497,5.277876853942871,0.0
1113,0.3090180456638336,-0.951056182384491,5.026549339294434,0.0
1114,0.06279151141643524,-0.9980266690254211,4.775221824645996,0.0
1115,-0.18738044798374176,-0.9822874069213867,4.523894309997559,0.0
1116,-0.4257785677909851,-0.9048274159431458,4.272566795349121,0.0
1117,-0.6374234557151794,-0.770513653755188,4.021239280700684,1.991245117805565e-42
1118,-0.8090166449546814,-0.5877857208251953,3.769911766052246,0.0
1119,-0.9297763109207153,-0.36812499165534973,3.5185842514038086,0.0
1120,-0.9921146631240845,-0.12533360719680786,3.267256736755371,0.0
1121,-0.9921147227287292,0.12533296644687653,3.0159292221069336,0.0
1122,-0.9297765493392944,0.368124395608902,2.764601707458496,0.0
1123,-0.8090170621871948,0.5877851843833923,2.5132741928100586,0.0
1124,-0.6374239921569824,0.7705132365226746,2.261946678161621,0.0
1125,-0.42577916383743286,0.9048271179199219,2.0106191635131836,0.0
1126,-0.18738119304180145,0.9822872877120972,1.7592917680740356,0.0
1127,0.06279061734676361,0.9980267286300659,1.5079643726348877,0.0
1128,0.3090170621871948,0.9510564804077148,1.2566369771957397,0.0
1129,0.5358268618583679,0.8443278670310974,1.0053095817565918,1.991245117805565e-42
1130,0.7289686799049377,0.6845470666885376,0.7539821863174438,0.0
1131,0.8763067126274109,0.4817536473274231,0.5026547908782959,0.0
1132,0.9685831665992737,0.24868984520435333,0.25132736563682556,0.0
1133,1.0,-4.665035646667093e-08,-4.665035646667093e-08,0.0
1134,0.9685831665992737,0.24868984520435333,0.25132736563682556,0.0
1135,0.8763067126274109,0.4817536473274231,0.5026547908782959,0.0
1136,0.7289686799049377,0.6845470666885376,0.7539821863174438,0.0
1137,0.5358268618583679,0.8443278670310974,1.0053095817565918,0.0
1138,0.3090170621871948,0.9510564804077148,1.2566369771957397,0.0
1139,0.06279061734676361,0.9980267286300659,1.5079643726348877,0.0
1140,-0.18738119304180145,0.9822872877120972,1.7592917680740356,1.991245117805565e-42
1141,-0.42577916383743286,0.9048271179199219,2.0106191635131836,0.0
1142,-0.6374239921569824,0.7705132365226746,2.261946678161621,0.0
1143,-0.8090170621871948,0.5877851843833923,2.5132741928100586,0.0
1144,-0.9297765493392944,0.368124395608902,2.764601707458496,0.0
1145,-0.9921147227287292,0.12533296644687653,3.0159292221069336,0.0
1146,-0.9921146631240845,-0.12533360719680786,3.267256736755371,0.0
1147,-0.9297763109207153,-0.36812499165534973,3.5185842514038086,0.0
1148,-0.8090166449546814,-0.5877857208251953,3.769911766052246,0.0
1149,-0.6374234557151794,-0.770513653755188,4.021239280700684,0.0
1150,-0.4257785677909851,-0.9048274159431458,4.272566795349121,0.0
1151,-0.18738044798374176,-0.9822874069213867,4.523894309997559,0.0
1152,0.06279151141643524,-0.9980266690254211,4.775221824645996,1.991245117805565e-42
1153,0.3090180456638336,-0.951056182384491,5.026549339294434,0.0
1154,0.5358278155326843,-0.8443272709846497,5.277876853942871,0.0
1155,0.7289695143699646,-0.684546172618866,5.529204368591309,0.0
1156,0.8763073682785034,-0.4817524552345276,5.780531883239746,0.0
1157,0.9685835242271423,-0.24868842959403992,6.031859397888184,0.0
1158,1.0,1.6053570561780361e-06,6.283186912536621,0.0
1159,0.9685835242271423,-0.24868842959403992,6.031859397888184,0.0
1160,0.8763073682785034,-0.4817524552345276,5.780531883239746,0.0
1161,0.7289695143699646,-0.684546172618866,5.529204368591309,0.0
1162,0.5358278155326843,-0.8443272709846497,5.277876853942871,0.0
1163,0.3090180456638336,-0.951056182384491,5.026549339294434,1.991245117805565e-42
1164,0.06279151141643524,-0.9980266690254211,4.775221824645996,0.0
1165,-0.18738044798374176,-0.9822874069213867,4.523894309997559,0.0
1166,-0.4257785677909851,-0.9048274159431458,4.272566795349121,0.0
1167,-0.6374234557151794,-0.770513653755188,4.021239280700684,0.0
1168,-0.8090166449546814,-0.5877857208251953,3.769911766052246,0.0
1169,-0.9297763109207153,-0.36812499165534973,3.5185842514038086,0.0
1170,-0.9921146631240845,-0.12533360719680786,3.267256736755371,0.0
1171,-0.9921147227287292,0.12533296644687653,3.0159292221069336,0.0
1172,-0.9297765493392944,0.368124395608902,2.764601707458496,0.0
1173,-0.8090170621871948,0.5877851843833923,2.5132741928100586,0.0
1174,-0.6374239921569824,0.7705132365226746,2.261946678161621,0.0
1175,-0.42577916383743286,0.9048271179199219,2.0106191635131836,1.991245117805565e-42
1176,-0.18738119304180145,0.9822872877120972,1.7592917680740356,0.0
1177,0.06279061734676361,0.9980267286300659,1.5079643726348877,0.0
1178,0.3090170621871948,0.9510564804077148,1.2566369771957397,0.0
1179,0.5358268618583679,0.8443278670310974,1.0053095817565918,0.0
1180,0.7289686799049377,0.6845470666885376,0.7539821863174438,0.0
1181,0.8763067126274109,0.4817536473274231,0.5026547908782959,0.0
1182,0.9685831665992737,0.24868984520435333,0.25132736563682556,0.0
1183,1.0,-4.665035646667093e-08,-4.665035646667093e-08,0.0
1184,0.9685831665992737,0.24868984520435333,0.25132736563682556,0.0
1185,0.8763067126274109,0.4817536473274231,0.5026547908782959,0.0
1186,0.7289686799049377,0.6845470666885376,0.7539821863174438,1.991245117805565e-42
1187,0.5358268618583679,0.8443278670310974,1.0053095817565918,0.0
1188,0.3090170621871948,0.9510564804077148,1.2566369771957397,0.0
1189,0.06279061734676361,0.9980267286300659,1.5079643726348877,0.0
1190,-0.18738119304180145,0.9822872877120972,1.7592917680740356,0.0
1191,-0.42577916383743286,0.9048271179199219,2.0106191635131836,0.0
1192,-0.6374239921569824,0.7705132365226746,2.261946678161621,0.0
1193,-0.8090170621871948,0.5877851843833923,2.5132741928100586,0.0
1194,-0.9297765493392944,0.368124395608902,2.764601707458496,0.0
1195,-0.9921147227287292,0.12533296644687653,3.0159292221069336,0.0
1196,-0.9921146631240845,-0.12533360719680786,3.267256736755371,0.0
1197,-0.9297763109207153,-0.36812499165534973,3.5185842514038086,0.0
1198,-0.8090166449546814,-0.5877857208251953,3.769911766052246,1.991245117805565e-42
1199,-0.6374234557151794,-0.770513653755188,4.021239280700684,0.0
1200,-0.4257785677909851,-0.9048274159431458,4.272566795349121,0.0
1201,-0.18738044798374176,-0.9822874069213867,4.523894309997559,0.0
1202,0.06279151141643524,-0.9980266690254211,4.775221824645996,0.0
1203,0.3090180456638336,-0.951056182384491,5.026549339294434,1.991245117805565e-42
1204,0.5358278155326843,-0.8443272709846497,5.277876853942871,0.0
1205,0.7289695143699646,-0.684546172618866,5.529204368591309,0.0
1206,0.8763073682785034,-0.4817524552345276,5.780531883239746,1.991245117805565e-42
1207,0.9685835242271423,-0.24868842959403992,6.031859397888184,0.0
1208,1.0,1.6053570561780361e-06,6.283186912536621,0.0
1209,0.9685835242271423,-0.24868842959403992,6.031859397888184,1.991245117805565e-42
1210,0.8763073682785034,-0.4817524552345276,5.780531883239746,0.0
1211,0.7289695143699646,-0.684546172618866,5.529204368591309,0.0
1212,0.5358278155326843,-0.8443272709846497,5.277876853942871,0.0
1213,0.3090180456638336,-0.951056182384491,5.026549339294434,0.0
1214,0.06279151141643524,-0.9980266690254211,4.775221824645996,0.0
1215,-0.18738044798374176,-0.9822874069213867,4.523894309997559,0.0
1216,-0.4257785677909851,-0.9048274159431458,4.272566795349121,0.0
1217,-0.6374234557151794,-0.770513653755188,4.021239280700684,0.0
1218,-0.8090166449546814,-0.5877857208251953,3.769911766052246,0.0
1219,-0.9297763109207153,-0.36812499165534973,3.5185842514038086,0.0
1220,-0.9921146631240845,-0.12533360719680786,3.267256736755371,0.0
1221,-0.9921147227287292,0.12533296644687653,3.0159292221069336,1.991245117805565e-42
1222,-0.9297765493392944,0.368124395608902,2.764601707458496,0.0
1223,-0.8090170621871948,0.5877851843833923,2.5132741928100586,0.0
1224,-0.6374239921569824,0.7705132365226746,2.261946678161621,0.0
1225,-0.42577916383743286,0.9048271179199219,2.0106191635131836,0.0
1226,-0.18738119304180145,0.9822872877120972,1.7592917680740356,1.991245117805565e-42
1227,0.06279061734676361,0.9980267286300659,1.5079643726348877,0.0
1228,0.3090170621871948,0.9510564804077148,1.2566369771957397,0.0
1229,0.5358268618583679,0.8443278670310974,1.0053095817565918,0.0
1230,0.7289686799049377,0.6845470666885376,0.7539821863174438,0.0
1231,0.8763067126274109,0.4817536473274231,0.5026547908782959,0.0
1232,0.9685831665992737,0.24868984520435333,0.25132736563682556,1.991245117805565e-42
1233,1.0,-4.665035646667093e-08,-4.665035646667093e-08,0.0
1234,0.9685831665992737,0.24868984520435333,0.25132736563682556,0.0
1235,0.8763067126274109,0.4817536473274231,0.5026547908782959,0.0
1236,0.7289686799049377,0.6845470666885376,0.7539821863174438,0.0
1237,0.5358268618583679,0.8443278670310974,1.0053095817565918,0.0
1238,0.3090170621871948,0.9510564804077148,1.2566369771957397,0.0
1239,0.06279061734676361,0.9980267286300659,1.5079643726348877,0.0
1240,-0.18738119304180145,0.9822872877120972,1.7592917680740356,0.0
1241,-0.42577916383743286,0.9048271179199219,2.0106191635131836,0.0
1242,-0.6374239921569824,0.7705132365226746,2.261946678161621,0.0
1243,-0.8090170621871948,0.5877851843833923,2.5132741928100586,0.0
1244,-0.9297765493392944,0.368124395608902,2.764601707458496,1.991245117805565e-42
1245,-0.9921147227287292,0.12533296644687653,3.0159292221069336,0.0
1246,-0.9921146631240845,-0.12533360719680786,3.267256736755371,0.0
1247,-0.9297763109207153,-0.36812499165534973,3.5185842514038086,0.0
1248,-0.8090166449546814,-0.5877857208251953,3.769911766052246,0.0
1249,-0.6374234557151794,-0.770513653755188,4.021239280700684,1.991245117805565e-42
1250,-0.4257785677909851,-0.9048274159431458,4.272566795349121,0.0
1251,-0.18738044798374176,-0.9822874069213867,4.523894309997559,0.0
1252,0.06279151141643524,-0.9980266690254211,4.775221824645996,0.0
1253,0.3090180456638336,-0.951056182384491,5.026549339294434,0.0
1254,0.5358278155326843,-0.8443272709846497,5.277876853942871,0.0
1255,0.7289695143699646,-0.684546172618866,5.529204368591309,1.991245117805565e-42
1256,0.8763073682785034,-0.4817524552345276,5.780531883239746,0.0
1257,0.9685835242271423,-0.24868842959403992,6.031859397888184,0.0
1258,1.0,1.6053570561780361e-06,6.283186912536621,0.0
1259,0.9685835242271423,-0.24868842959403992,6.031859397888184,0.0
1260,0.8763073682785034,-0.4817524552345276,5.780531883239746,0.0
1261,0.7289695143699646,-0.684546172618866,5.529204368591309,0.0
1262,0.5358278155326843,-0.8443272709846497,5.277876853942871,0.0
1263,0.3090180456638336,-0.951056182384491,5.026549339294434,0.0
1264,0.06279151141643524,-0.9980266690254211,4.775221824645996,0.0
1265,-0.18738044798374176,-0.9822874069213867,4.523894309997559,0.0
1266,-0.4257785677909851,-0.9048274159431458,4.272566795349121,0.0
1267,-0.6374234557151794,-0.770513653755188,4.021239280700684,1.991245117805565e-42
1268,-0.8090166449546814,-0.5877857208251953,3.769911766052246,0.0
1269,-0.9297763109207153,-0.36812499165534973,3.5185842514038086,0.0
1270,-0.9921146631240845,-0.12533360719680786,3.267256736755371,0.0
1271,-0.9921147227287292,0.12533296644687653,3.0159292221069336,0.0
1272,-0.9297765493392944,0.368124395608902,2.764601707458496,0.0
1273,-0.8090170621871948,0.5877851843833923,2.5132741928100586,0.0
1274,-0.6374239921569824,0.7705132365226746,2.261946678161621,0.0
1275,-0.42577916383743286,0.9048271179199219,2.0106191635131836,0.0
1276,-0.18738119304180145,0.9822872877120972,1.7592917680740356,0.0
1277,0.06279061734676361,0.9980267286300659,1.5079643726348877,0.0
1278,0.3090170621871948,0.9510564804077148,1.2566369771957397,1.991245117805565e-42
1279,0.5358268618583679,0.8443278670310974,1.0053095817565918,0.0
1280,0.7289686799049377,0.6845470666885376,0.7539821863174438,0.0
1281,0.8763067126274109,0.4817536473274231,0.5026547908782959,0.0
1282,0.9685831665992737,0.24868984520435333,0.25132736563682556,0.0
1283,1.0,-4.665035646667093e-08,-4.665035646667093e-08,0.0
1284,0.9685831665992737,0.24868984520435333,0.25132736563682556,0.0
1285,0.8763067126274109,0.4817536473274231,0.5026547908782959,0.0
1286,0.7289686799049377,0.6845470666885376,0.7539821863174438,0.0
1287,0.5358268618583679,0.8443278670310974,1.0053095817565918,0.0
1288,0.3090170621871948,0.9510564804077148,1.2566369771957397,0.0
1289,0.06279061734676361,0.9980267286300659,1.5079643726348877,0.0
1290,-0.18738119304180145,0.9822872877120972,1.7592917680740356,1.991245117805565e-42
1291,-0.42577916383743286,0.9048271179199219,2.0106191635131836,0.0
1292,-0.6374239921569824,0.7705132365226746,2.261946678161621,0.0
1293,-0.8090170621871948,0.5877851843833923,2.5132741928100586,0.0
1294,-0.9297765493392944,0.368124395608902,2.764601707458496,0.0
1295,-0.9921147227287292,0.12533296644687653,3.0159292221069336,0.0
1296,-0.9921146631240845,-0.12533360719680786,3.267256736755371,0.0
1297,-0.9297763109207153,-0.36812499165534973,3.5185842514038086,0.0
1298,-0.8090166449546814,-0.5877857208251953,3.769911766052246,0.0
1299,-0.6374234557151794,-0.770513653755188,4.021239280700684,0.0
1300,-0.4257785677909851,-0.9048274159431458,4.272566795349121,0.0
1301,-0.18738044798374176,-0.9822874069213867,4.523894309997559,1.991245117805565e-42
1302,0.06279151141643524,-0.9980266690254211,4.775221824645996,0.0
1303,0.3090180456638336,-0.951056182384491,5.026549339294434,0.0
1304,0.5358278155326843,-0.8443272709846497,5.277876853942871,0.0
1305,0.7289695143699646,-0.684546172618866,5.529204368591309,0.0
1306,0.8763073682785034,-0.4817524552345276,5.780531883239746,0.0
1307,0.9685835242271423,-0.24868842959403992,6.031859397888184,0.0
1308,1.0,1.6053570561780361e-06,6.283186912536621,0.0
1309,0.9685835242271423,-0.24868842959403992,6.031859397888184,0.0
