idx,roll,pitch,yaw
0,3.7880213260650635,25.54619789123535,44.31695556640625
1,3.7940821647644043,25.5556583404541,44.26917266845703
2,3.786870241165161,25.556682586669922,44.22264099121094
3,3.774301767349243,25.559484481811523,44.1747932434082
4,3.7698683738708496,25.580190658569336,44.12821578979492
5,3.770216941833496,25.598529815673828,44.09392547607422
6,3.7625179290771484,25.61171531677246,44.05388259887695
7,3.7573742866516113,25.62773323059082,44.00889587402344
8,3.747314929962158,25.643390655517578,43.9619026184082
9,3.7246499061584473,25.68131446838379,43.899314880371094
10,3.676502227783203,25.891752243041992,43.78980255126953
11,3.5214316844940186,26.45905113220215,43.60470962524414
12,3.3342032432556152,26.99835205078125,43.44411087036133
13,3.108360767364502,27.39215850830078,43.44893264770508
14,2.558872938156128,27.457073211669922,43.44415283203125
15,2.4937682151794434,27.209972381591797,43.41407012939453
16,2.952047348022461,26.957042694091797,43.496646881103516
17,3.584149122238159,26.714431762695312,43.486026763916016
18,4.297616004943848,26.52913475036621,43.44894027709961
19,4.805492877960205,26.37921714782715,43.367828369140625
20,4.936121940612793,26.557323455810547,43.34015655517578
21,4.726300239562988,27.15046501159668,43.42918395996094
22,4.714384078979492,27.524246215820312,43.631717681884766
23,4.948862075805664,27.6318416595459,43.73440170288086
24,5.190779685974121,27.643142700195312,43.7868537902832
25,5.277769565582275,27.350177764892578,43.792266845703125
26,4.9425225257873535,27.262887954711914,43.63339614868164
27,4.61641263961792,27.20968246459961,43.563987731933594
28,4.427109718322754,27.23565101623535,43.5118522644043
29,4.316680431365967,27.228885650634766,43.48067855834961
30,4.164051532745361,27.07925796508789,43.50226593017578
31,3.9503748416900635,26.92708969116211,43.5264892578125
32,3.7038722038269043,26.863143920898438,43.52001953125
33,3.506007432937622,26.850534439086914,43.50063705444336
34,3.3901703357696533,26.93278694152832,43.45730209350586
35,3.4038195610046387,26.999235153198242,43.451820373535156
36,3.437891721725464,26.998851776123047,43.47594451904297
37,3.4456846714019775,27.029218673706055,43.47901916503906
38,3.28627347946167,27.075448989868164,43.45587158203125
39,3.031686305999756,27.116928100585938,43.42897033691406
40,2.867499589920044,27.050228118896484,43.42765808105469
41,2.8538601398468018,26.972326278686523,43.39572525024414
42,2.851989269256592,26.96064567565918,43.35396194458008
43,2.783186674118042,27.0207576751709,43.29352951049805
44,2.5845792293548584,27.08614158630371,43.19846725463867
45,2.382722854614258,27.078079223632812,43.13111877441406
46,2.2830252647399902,27.064361572265625,43.07780838012695
47,2.1758015155792236,27.109495162963867,43.025787353515625
48,2.0713160037994385,27.096799850463867,43.00788879394531
49,1.9413254261016846,27.018917083740234,42.98767852783203
50,1.8658705949783325,26.842296600341797,43.01262283325195
51,1.8241807222366333,26.8237247467041,42.98334503173828
52,1.8132089376449585,26.823299407958984,42.98043441772461
53,1.707045078277588,26.826175689697266,42.97471618652344
54,1.4988842010498047,26.779701232910156,42.90638732910156
55,1.3225064277648926,26.598941802978516,42.869537353515625
56,1.3350746631622314,26.362716674804688,42.892738342285156
57,1.34767484664917,26.445453643798828,42.87723159790039
58,1.3304983377456665,26.546634674072266,42.866310119628906
59,1.2430371046066284,26.5003662109375,42.79646301269531
60,1.2305940389633179,26.344938278198242,42.78590393066406
61,1.1751623153686523,26.243227005004883,42.77953338623047
62,1.0647052526474,26.317434310913086,42.77391052246094
63,1.0232973098754883,26.400672912597656,42.73133087158203
64,1.0228660106658936,26.320951461791992,42.68537902832031
65,0.8858283162117004,26.179035186767578,42.63176727294922
66,0.8279799222946167,26.090274810791016,42.59868621826172
67,0.8288897275924683,25.965784072875977,42.55824661254883
68,0.9540778398513794,25.728485107421875,42.52717590332031
69,1.0330580472946167,25.597698211669922,42.495967864990234
70,0.9429097175598145,25.58102798461914,42.4405403137207
71,0.9067953824996948,25.523284912109375,42.38219451904297
72,0.9091888070106506,25.378318786621094,42.31317901611328
73,0.9314010739326477,25.181655883789062,42.261634826660156
74,0.9212425351142883,24.940717697143555,42.21242904663086
75,0.9220156669616699,24.837587356567383,42.17760467529297
76,0.8800025582313538,25.007404327392578,42.08424377441406
77,0.8962708711624146,24.998865127563477,42.008949279785156
78,0.9361572265625,24.875947952270508,41.94695281982422
79,0.9531620144844055,24.875690460205078,41.90671920776367
80,0.9473027586936951,24.914194107055664,41.86029052734375
81,1.003487229347229,24.78822898864746,41.82047653198242
82,1.1238056421279907,24.516939163208008,41.797203063964844
83,1.1839896440505981,24.50574493408203,41.73501968383789
84,1.2321362495422363,24.6115779876709,41.67921829223633
85,1.2961503267288208,24.562496185302734,41.615299224853516
86,1.383310317993164,24.469135284423828,41.560813903808594
87,1.4409756660461426,24.323379516601562,41.502899169921875
88,1.504180669784546,24.086084365844727,41.445255279541016
89,1.5349208116531372,23.925912857055664,41.36784744262695
90,1.5590341091156006,23.9379825592041,41.295257568359375
91,1.570825457572937,23.86787986755371,41.23385238647461
92,1.6172775030136108,23.676719665527344,41.18682098388672
93,1.7089564800262451,23.33116340637207,41.13203048706055
94,1.7932847738265991,22.995433807373047,41.04572296142578
95,1.868018627166748,22.733463287353516,40.954498291015625
96,1.947359323501587,22.365266799926758,40.88174819946289
97,2.0331437587738037,22.03936004638672,40.785011291503906
98,2.1074514389038086,21.76798439025879,40.694358825683594
99,2.1593079566955566,21.454227447509766,40.63924789428711
100,2.1912853717803955,20.91740608215332,40.58494567871094
101,2.239590883255005,20.631160736083984,40.508487701416016
102,2.2911489009857178,20.49571418762207,40.41140365600586
103,2.329848289489746,20.327911376953125,40.32916259765625
104,2.3776137828826904,20.145923614501953,40.25335693359375
105,2.473484516143799,19.726037979125977,40.188175201416016
106,2.585317850112915,19.272104263305664,40.11988067626953
107,2.6439614295959473,18.839519500732422,40.04133224487305
108,2.6910183429718018,18.587818145751953,39.906219482421875
109,2.7546091079711914,18.38533592224121,39.773719787597656
110,2.833996295928955,18.156593322753906,39.6487922668457
111,2.8676793575286865,17.766462326049805,39.544715881347656
112,2.9317538738250732,17.239667892456055,39.446529388427734
113,3.022531270980835,16.815828323364258,39.32105255126953
114,3.1185898780822754,16.38616371154785,39.16869354248047
115,3.126438617706299,15.892845153808594,38.96101760864258
116,3.03568696975708,15.28242301940918,38.764556884765625
117,2.8842885494232178,14.716870307922363,38.593536376953125
118,3.137765645980835,14.096492767333984,38.42666244506836
119,3.3620285987854004,13.6626558303833,38.26716613769531
120,3.492757558822632,13.584994316101074,38.148773193359375
121,3.6192238330841064,13.549511909484863,37.95386505126953
122,3.790864944458008,13.171647071838379,37.76814651489258
123,3.985973834991455,12.53887939453125,37.611289978027344
124,4.168817043304443,11.586979866027832,37.47200393676758
125,4.329596519470215,11.22934341430664,37.300209045410156
126,4.440260887145996,11.406983375549316,37.107765197753906
127,4.519299030303955,11.278550148010254,36.86001968383789
128,4.66263484954834,10.820629119873047,36.603485107421875
129,4.80234956741333,10.239792823791504,36.35405349731445
130,4.905336380004883,9.658283233642578,36.176353454589844
131,5.020413398742676,9.255657196044922,36.04169845581055
132,5.124442100524902,9.09945297241211,35.98298263549805
133,5.136688709259033,9.03981876373291,35.93545150756836
134,5.178646564483643,9.066498756408691,35.77591323852539
135,5.259668827056885,9.12680721282959,35.57148742675781
136,5.335813999176025,9.004294395446777,35.35072326660156
137,5.453161239624023,8.583503723144531,35.11333465576172
138,5.672215938568115,8.114789962768555,34.87537384033203
139,5.822790145874023,7.891755104064941,34.71360397338867
140,5.854525566101074,7.704291820526123,34.5876579284668
141,5.9049763679504395,7.50310754776001,34.41980743408203
142,6.008900165557861,7.423194408416748,34.205928802490234
143,6.045184135437012,7.152986526489258,34.043758392333984
144,6.084587097167969,6.585397720336914,33.9120979309082
145,6.1081156730651855,5.832650184631348,33.74701690673828
146,6.1497650146484375,5.345017910003662,33.566925048828125
147,6.180126667022705,5.070275783538818,33.40940475463867
148,6.192818641662598,4.9101481437683105,33.26507568359375
149,6.372796058654785,5.190284729003906,33.15412521362305
150,6.42084264755249,5.494553089141846,33.089088439941406
151,6.434136867523193,5.496784687042236,32.92153549194336
152,6.3275628089904785,5.2398576736450195,32.672218322753906
153,6.036385536193848,4.92796516418457,32.427734375
154,5.9285054206848145,4.612833023071289,32.2142219543457
155,6.091504096984863,4.308011054992676,31.998271942138672
156,6.188241958618164,4.1186323165893555,31.84076690673828
157,6.2394700050354,3.8883819580078125,31.693740844726562
158,6.4019060134887695,3.7171335220336914,31.42716407775879
159,6.545813083648682,3.521946430206299,31.167314529418945
160,6.679534912109375,3.1457040309906006,30.898109436035156
161,6.903084754943848,2.514909029006958,30.569190979003906
162,7.087921619415283,1.5360198020935059,30.179235458374023
163,7.106060028076172,0.6798200011253357,29.889060974121094
164,7.277415752410889,0.24052070081233978,29.62128448486328
165,7.389528751373291,0.10843102633953094,29.422399520874023
166,7.500476837158203,0.04144281521439552,29.20937728881836
167,7.690624237060547,-0.4178062677383423,28.912250518798828
168,7.953789710998535,-1.47130286693573,28.49803924560547
169,8.039347648620605,-2.718085289001465,28.05076026916504
170,7.827616214752197,-3.5615200996398926,27.816564559936523
171,7.340337753295898,-3.736030101776123,27.55931282043457
172,6.940362930297852,-3.836592674255371,27.26165008544922
173,7.088536262512207,-4.148406982421875,26.965660095214844
174,7.278583526611328,-4.514891624450684,26.67671775817871
175,7.334359645843506,-4.582394599914551,26.4780330657959
176,7.437601566314697,-4.346065998077393,26.329078674316406
177,7.671047210693359,-4.298064708709717,26.09307289123535
178,7.907234191894531,-4.277546405792236,25.816864013671875
179,8.031576156616211,-4.377524375915527,25.528837203979492
180,8.075289726257324,-4.389493465423584,25.281702041625977
181,8.09282112121582,-4.093471527099609,25.15396499633789
182,8.294144630432129,-3.8865647315979004,24.953994750976562
183,8.595096588134766,-4.150960445404053,24.589323043823242
184,8.810519218444824,-4.570126056671143,24.194175720214844
185,8.868109703063965,-4.908884525299072,23.931180953979492
186,8.850915908813477,-5.104598522186279,23.73130226135254
187,8.895907402038574,-5.2855000495910645,23.385334014892578
188,9.066505432128906,-5.726149559020996,22.88742446899414
189,9.485939025878906,-7.492064952850342,22.140661239624023
190,9.987824440002441,-9.695172309875488,21.225542068481445
191,10.283199310302734,-11.202920913696289,20.47711753845215
192,10.333894729614258,-11.355652809143066,20.15156364440918
193,10.375984191894531,-11.233394622802734,19.78868865966797
194,10.602895736694336,-11.755698204040527,19.227645874023438
195,11.007909774780273,-13.46419906616211,18.44810676574707
196,11.474252700805664,-15.36909294128418,17.65604019165039
197,11.85305404663086,-16.235849380493164,17.132875442504883
198,12.140806198120117,-16.27779769897461,16.8525447845459
199,12.594405174255371,-16.580638885498047,16.42240333557129
200,13.054286003112793,-17.361858367919922,15.840862274169922
201,13.319596290588379,-17.978191375732422,15.318411827087402
202,13.494636535644531,-18.23409652709961,14.920173645019531
203,13.56043529510498,-17.77260398864746,14.73253345489502
204,13.787944793701172,-17.65045928955078,14.460356712341309
205,14.24481201171875,-18.13810920715332,13.950692176818848
206,14.756150245666504,-18.979705810546875,13.31739330291748
207,15.133037567138672,-19.372835159301758,12.813380241394043
208,15.295690536499023,-18.915325164794922,12.633678436279297
209,15.41702938079834,-18.39809226989746,12.478342056274414
210,15.789413452148438,-18.636245727539062,12.006307601928711
211,16.40083885192871,-19.58611488342285,11.26416015625
212,16.850162506103516,-20.14666175842285,10.696181297302246
213,17.176177978515625,-19.969438552856445,10.366254806518555
214,17.5855770111084,-20.173377990722656,9.909839630126953
215,18.175960540771484,-20.66830062866211,9.259263038635254
216,18.91823387145996,-21.6246395111084,8.359346389770508
217,19.322227478027344,-21.963035583496094,7.7222700119018555
218,19.404891967773438,-21.37565803527832,7.565495491027832
219,19.59477996826172,-20.873498916625977,7.390359878540039
220,19.94798469543457,-21.241971969604492,6.810162544250488
221,20.45922088623047,-21.982236862182617,6.081881523132324
222,21.002777099609375,-22.635526657104492,5.32466459274292
223,21.31002426147461,-22.531787872314453,4.956732749938965
224,21.373249053955078,-21.688247680664062,4.942327499389648
225,21.57774543762207,-21.035274505615234,4.74379301071167
226,21.984968185424805,-21.00192642211914,4.259766101837158
227,22.43174171447754,-21.132238388061523,3.6991472244262695
228,22.832019805908203,-21.16010856628418,3.178395986557007
229,23.10765266418457,-20.816598892211914,2.9060893058776855
230,23.273149490356445,-19.928129196166992,2.9518442153930664
231,23.43978500366211,-19.082807540893555,2.951885223388672
232,23.510841369628906,-18.57154655456543,2.7694618701934814
233,23.570068359375,-18.26862907409668,2.4916765689849854
234,23.65047836303711,-17.870859146118164,2.2880725860595703
235,23.624462127685547,-16.658061981201172,2.541415214538574
236,23.450952529907227,-14.861855506896973,3.151432514190674
237,23.383258819580078,-13.418644905090332,3.5820953845977783
238,23.48911476135254,-12.656676292419434,3.5750133991241455
239,23.7000789642334,-12.125645637512207,3.434948205947876
240,23.998680114746094,-11.732522010803223,3.217925548553467
241,24.01485824584961,-10.998915672302246,3.2115182876586914
242,24.15151023864746,-9.644506454467773,3.6532890796661377
243,24.219383239746094,-8.409202575683594,4.004447937011719
244,24.300893783569336,-7.382291316986084,4.239694118499756
245,24.376232147216797,-6.426997661590576,4.4265947341918945
246,24.410200119018555,-5.189951419830322,4.634868144989014
247,24.41504669189453,-3.6752381324768066,5.045516014099121
248,24.4343204498291,-1.8970816135406494,5.658724308013916
249,24.512802124023438,-0.7710695862770081,5.868948459625244
250,24.642934799194336,-0.060664791613817215,5.920403003692627
251,24.667333602905273,1.2959450483322144,6.414095401763916
252,24.643070220947266,3.214689254760742,7.2173686027526855
253,24.609270095825195,5.706784725189209,8.306892395019531
254,24.778047561645508,8.096978187561035,9.257774353027344
255,24.916975021362305,9.406248092651367,9.648170471191406
256,24.93292999267578,10.272578239440918,9.809197425842285
257,24.80510711669922,11.59837818145752,10.344069480895996
258,24.75588607788086,13.390093803405762,11.155865669250488
259,24.81879997253418,15.520634651184082,12.154141426086426
260,24.937705993652344,16.998977661132812,12.744223594665527
261,24.96689796447754,17.52684783935547,12.789931297302246
262,24.870067596435547,17.98180389404297,12.740239143371582
263,24.761934280395508,19.351459503173828,13.208226203918457
264,24.87215805053711,21.206336975097656,14.02381706237793
265,25.027395248413086,23.163082122802734,15.010729789733887
266,25.09002113342285,24.529987335205078,15.645071983337402
267,24.98055076599121,24.96653175354004,15.73757266998291
268,24.81768035888672,25.218164443969727,15.51235580444336
269,24.668516159057617,26.37952995300293,15.864803314208984
270,24.460756301879883,27.878406524658203,16.491870880126953
271,24.272293090820312,29.588958740234375,17.29544448852539
272,24.1467342376709,30.579530715942383,17.770307540893555
273,23.91541290283203,30.72791862487793,17.641929626464844
274,23.701255798339844,30.808231353759766,17.316509246826172
275,23.400733947753906,31.54069709777832,17.371055603027344
276,23.126811981201172,32.63311004638672,17.629377365112305
277,22.90532684326172,33.9194221496582,18.056108474731445
278,22.73876190185547,34.60443878173828,18.185077667236328
279,22.548852920532227,34.877864837646484,18.0183162689209
280,22.231599807739258,35.18087387084961,17.81558609008789
281,21.91497230529785,35.79740524291992,17.713064193725586
282,21.645206451416016,36.63531494140625,17.717105865478516
283,21.42375946044922,37.706451416015625,17.76663589477539
284,21.199846267700195,38.46094512939453,17.651493072509766
285,20.806652069091797,38.74009704589844,17.43038558959961
286,20.554906845092773,38.88804626464844,17.174251556396484
287,20.329273223876953,39.476295471191406,17.120290756225586
288,20.099246978759766,40.243064880371094,17.1601619720459
289,19.901020050048828,40.969661712646484,17.203664779663086
290,19.68522071838379,41.36420822143555,17.039722442626953
291,19.399559020996094,41.6463623046875,16.718847274780273
292,19.077362060546875,42.117191314697266,16.52122688293457
293,18.870086669921875,42.76974105834961,16.480518341064453
294,18.70928955078125,43.55138397216797,16.52988052368164
295,18.549253463745117,44.21658706665039,16.527128219604492
296,18.338462829589844,44.617889404296875,16.342357635498047
297,18.0275821685791,44.957183837890625,16.0635929107666
298,17.71401023864746,45.49309539794922,15.868237495422363
299,17.469179153442383,46.24408721923828,15.841107368469238
300,17.240726470947266,46.7303466796875,15.754860877990723
301,16.947961807250977,47.02560806274414,15.564403533935547
302,16.653902053833008,47.17768096923828,15.202861785888672
303,16.347270965576172,47.4917106628418,14.881102561950684
304,16.011171340942383,48.12462615966797,14.738301277160645
305,15.667275428771973,48.87419509887695,14.686718940734863
306,15.31024169921875,49.34884262084961,14.475568771362305
307,14.850279808044434,49.68003845214844,14.131345748901367
308,14.307910919189453,49.76921844482422,13.56023120880127
309,13.810078620910645,49.922752380371094,13.001848220825195
310,13.31091594696045,50.366275787353516,12.589365005493164
311,12.909205436706543,50.84869384765625,12.273750305175781
312,12.519498825073242,51.05544662475586,11.919615745544434
313,12.077284812927246,51.18263244628906,11.504541397094727
314,11.686633110046387,51.7328987121582,11.2034912109375
315,11.327756881713867,52.40946960449219,11.013968467712402
316,10.916520118713379,52.81632995605469,10.734776496887207
317,10.404388427734375,52.91693115234375,10.28494644165039
318,9.930991172790527,52.9400749206543,9.733532905578613
319,9.49071216583252,53.17499542236328,9.232073783874512
320,9.16355037689209,54.015132904052734,9.006233215332031
321,8.775038719177246,55.05185317993164,8.91724681854248
322,8.401738166809082,55.75901794433594,8.689059257507324
323,7.834746837615967,55.96891784667969,8.137591361999512
324,7.2687296867370605,56.15879440307617,7.471062660217285
325,6.773854732513428,56.600830078125,6.900094032287598
326,6.326933860778809,57.521278381347656,6.538769245147705
327,5.919050216674805,58.44696044921875,6.3420491218566895
328,5.374456882476807,58.7280387878418,5.957611083984375
329,4.779579162597656,58.386474609375,5.329611778259277
330,4.233678817749023,58.25362777709961,4.599795341491699
331,3.64048171043396,58.369693756103516,3.898059368133545
332,3.1158828735351562,58.943504333496094,3.376600742340088
333,2.6245267391204834,59.55387496948242,3.0357630252838135
334,2.182546854019165,59.63835906982422,2.6029114723205566
335,1.6716811656951904,59.267723083496094,2.019812822341919
336,1.0890475511550903,59.03855514526367,1.3306539058685303
337,0.5435921549797058,59.36515808105469,0.7369914054870605
338,0.0068865809589624405,59.82419204711914,0.23448438942432404
339,-0.596128523349762,60.14004898071289,-0.2632623612880707
340,-1.1776971817016602,60.11420440673828,-0.8647527098655701
341,-1.8152697086334229,60.22569274902344,-1.5646249055862427
342,-2.5371170043945312,60.87278366088867,-2.2631163597106934
343,-3.2918918132781982,61.74890899658203,-2.846951723098755
344,-4.1239752769470215,62.429691314697266,-3.4743266105651855
345,-4.73000955581665,62.33984375,-4.035709857940674
346,-5.251147270202637,61.91712188720703,-4.625101089477539
347,-5.89763069152832,62.049015045166016,-5.393924713134766
348,-6.675989151000977,62.66213607788086,-6.145669460296631
349,-7.488490581512451,63.0106315612793,-6.821436405181885
350,-8.219077110290527,63.080623626708984,-7.457148551940918
351,-8.738542556762695,62.7492790222168,-8.034821510314941
352,-9.30802059173584,62.681739807128906,-8.7496976852417
353,-10.128037452697754,63.107845306396484,-9.615163803100586
354,-11.051322937011719,63.6737174987793,-10.449031829833984
355,-11.802956581115723,63.80241012573242,-11.1455078125
356,-12.443490028381348,63.640499114990234,-11.78935718536377
357,-12.91818618774414,63.29566955566406,-12.391584396362305
358,-13.588772773742676,63.30572509765625,-13.149709701538086
359,-14.675325393676758,63.90203857421875,-14.206934928894043
360,-15.6456298828125,64.27581024169922,-15.108383178710938
361,-16.15927505493164,64.0156021118164,-15.633216857910156
362,-16.438383102416992,63.460304260253906,-15.957932472229004
363,-16.535184860229492,62.69645309448242,-16.225385665893555
364,-16.770282745361328,62.10079574584961,-16.630859375
365,-17.31721305847168,61.93864822387695,-17.238391876220703
366,-17.7763729095459,61.6528205871582,-17.69770622253418
367,-17.862171173095703,60.9061164855957,-17.8021297454834
368,-17.755016326904297,59.862667083740234,-17.72809600830078
369,-17.526851654052734,58.626075744628906,-17.644357681274414
370,-17.63835334777832,57.80461120605469,-17.904041290283203
371,-17.902315139770508,57.31251907348633,-18.283315658569336
372,-18.09048843383789,56.67630386352539,-18.496246337890625
373,-17.763952255249023,55.03889846801758,-18.080120086669922
374,-17.27361297607422,52.89765167236328,-17.467130661010742
375,-16.9254093170166,51.0882568359375,-17.124818801879883
376,-17.120878219604492,50.50382614135742,-17.484119415283203
377,-17.201623916625977,49.585662841796875,-17.558204650878906
378,-17.118350982666016,48.54751968383789,-17.551950454711914
379,-16.831295013427734,47.227359771728516,-17.45682144165039
380,-16.491079330444336,45.77424240112305,-17.323387145996094
381,-16.269123077392578,44.310272216796875,-17.186012268066406
382,-15.930108070373535,42.57160949707031,-16.902664184570312
383,-15.534147262573242,40.526283264160156,-16.53635597229004
384,-15.165471076965332,38.48987579345703,-16.284957885742188
385,-14.921714782714844,37.08353805541992,-16.273529052734375
386,-14.837455749511719,36.45645523071289,-16.308897018432617
387,-14.839072227478027,35.87547302246094,-16.36499786376953
388,-14.740459442138672,34.737274169921875,-16.313880920410156
389,-14.36352825164795,32.685035705566406,-16.00826644897461
390,-13.98122787475586,30.451217651367188,-15.86389446258545
391,-13.836084365844727,29.69681167602539,-16.089248657226562
392,-13.924261093139648,29.54694366455078,-16.265352249145508
393,-13.950834274291992,29.266191482543945,-16.33778190612793
394,-13.634132385253906,27.993305206298828,-16.190946578979492
395,-13.320433616638184,25.833162307739258,-16.06000328063965
396,-12.903063774108887,24.359853744506836,-16.111188888549805
397,-12.754608154296875,23.74158477783203,-16.338090896606445
398,-12.63748836517334,23.60552978515625,-16.58586311340332
399,-12.49770736694336,23.400691986083984,-16.797683715820312
400,-12.181306838989258,22.206056594848633,-16.772199630737305
401,-11.80075740814209,20.311779022216797,-16.727874755859375
402,-11.549039840698242,18.87918472290039,-16.79962158203125
403,-11.421262741088867,18.46599006652832,-16.936607360839844
404,-11.38251781463623,18.339771270751953,-17.083328247070312
405,-11.298418998718262,17.933883666992188,-17.25576400756836
406,-10.973647117614746,16.52634048461914,-17.34415054321289
407,-10.595563888549805,14.872688293457031,-17.37934112548828
408,-10.296843528747559,13.882996559143066,-17.52396011352539
409,-10.14792537689209,13.80055046081543,-17.675079345703125
410,-10.117582321166992,13.8285493850708,-17.931385040283203
411,-9.9885892868042,13.52331829071045,-18.126298904418945
412,-9.787337303161621,12.485257148742676,-18.234413146972656
413,-9.495598793029785,11.47947883605957,-18.405014038085938
414,-9.436478614807129,11.248751640319824,-18.65392303466797
415,-9.321355819702148,11.391937255859375,-18.921894073486328
416,-9.168827056884766,11.013778686523438,-19.131635665893555
417,-8.956683158874512,10.209159851074219,-19.31827163696289
418,-8.608190536499023,8.609086036682129,-19.505151748657227
419,-8.386619567871094,7.521066188812256,-19.762304306030273
420,-8.351755142211914,7.434333801269531,-20.036041259765625
421,-8.294365882873535,7.3455328941345215,-20.24693489074707
422,-8.12374496459961,6.57625675201416,-20.447986602783203
423,-7.9658379554748535,5.374256134033203,-20.78217124938965
424,-7.885623931884766,3.2409751415252686,-21.174118041992188
425,-7.716324329376221,1.1121407747268677,-21.76659393310547
426,-7.593777656555176,0.9961710572242737,-22.13204574584961
427,-7.706907272338867,1.8394250869750977,-22.342592239379883
428,-7.666001319885254,2.2033350467681885,-22.696435928344727
429,-7.482264041900635,1.9092029333114624,-23.03211784362793
430,-7.33698844909668,1.4255869388580322,-23.37080192565918
431,-7.227878093719482,0.7816374897956848,-23.688133239746094
432,-7.104133605957031,0.500588595867157,-23.957958221435547
433,-6.909618854522705,0.5779297351837158,-24.252033233642578
434,-6.69096565246582,0.527421772480011,-24.577054977416992
435,-6.541668891906738,0.24868306517601013,-24.95087432861328
436,-6.458897113800049,0.01240746583789587,-25.277828216552734
437,-6.439167499542236,0.06588273495435715,-25.543302536010742
438,-6.3718485832214355,0.04768657311797142,-25.817893981933594
439,-6.156458854675293,-0.5301812887191772,-26.14501190185547
440,-5.873342514038086,-1.290078043937683,-26.54776382446289
441,-5.642878532409668,-1.5234497785568237,-26.939348220825195
442,-5.473757266998291,-1.4774019718170166,-27.277050018310547
443,-5.381927967071533,-1.1521646976470947,-27.578357696533203
444,-5.264083385467529,-1.0840709209442139,-27.93783950805664
445,-5.127108097076416,-1.2807928323745728,-28.30255126953125
446,-4.892187118530273,-1.1729151010513306,-28.64211082458496
447,-4.789908409118652,-0.7098726630210876,-28.956205368041992
448,-4.734604835510254,-0.1126895472407341,-29.23737144470215
449,-4.694066047668457,0.3180719017982483,-29.551116943359375
450,-4.447927951812744,0.19844406843185425,-29.936843872070312
451,-4.2328057289123535,-0.16968370974063873,-30.385040283203125
452,-4.118906497955322,0.027973681688308716,-30.738386154174805
453,-4.103307723999023,0.9206303358078003,-31.040485382080078
454,-4.112286567687988,1.862099051475525,-31.324127197265625
455,-4.019212245941162,2.4660820960998535,-31.608198165893555
456,-3.847666025161743,2.6186602115631104,-31.979219436645508
457,-3.6629748344421387,2.8572566509246826,-32.33420944213867
458,-3.5313456058502197,3.5212440490722656,-32.67534255981445
459,-3.505061388015747,4.370508193969727,-32.9736213684082
460,-3.49853515625,5.199746608734131,-33.25370407104492
461,-3.4059128761291504,5.743900775909424,-33.603694915771484
462,-3.2181038856506348,6.3624796867370605,-34.007476806640625
463,-3.1118106842041016,7.013336181640625,-34.4463996887207
464,-3.0206692218780518,7.853797435760498,-35.03823471069336
465,-2.9268717765808105,8.947300910949707,-35.71207809448242
466,-2.7600901126861572,10.0538969039917,-36.05980682373047
467,-2.7842819690704346,11.33344554901123,-36.23412322998047
468,-2.8376662731170654,12.303071022033691,-36.4278450012207
469,-2.7714390754699707,12.872903823852539,-36.75473403930664
470,-2.6558470726013184,13.339759826660156,-37.09375762939453
471,-2.6289453506469727,13.916666030883789,-37.3887825012207
472,-2.6852755546569824,14.774206161499023,-37.640159606933594
473,-2.831514358520508,15.692931175231934,-37.9162483215332
474,-3.0275685787200928,16.754993438720703,-38.18220901489258
475,-3.181117534637451,17.60230827331543,-38.42046356201172
476,-3.1690967082977295,18.06563377380371,-38.740901947021484
477,-3.1173174381256104,18.500547409057617,-39.07986068725586
478,-3.2394192218780518,19.177867889404297,-39.46543502807617
479,-3.3980607986450195,19.948822021484375,-39.84892654418945
480,-3.5176162719726562,20.90565299987793,-40.15619659423828
481,-3.5679867267608643,21.59314727783203,-40.433563232421875
482,-3.5738844871520996,22.024383544921875,-40.78217697143555
483,-3.6940648555755615,22.392784118652344,-41.150062561035156
484,-3.8094983100891113,22.921920776367188,-41.590084075927734
485,-3.9599382877349854,23.793846130371094,-42.059139251708984
486,-4.1756415367126465,25.21354866027832,-42.3485107421875
487,-4.632328510284424,26.921411514282227,-42.70975112915039
488,-5.026064395904541,28.16065216064453,-43.05958557128906
489,-5.236130714416504,28.480857849121094,-43.38429260253906
490,-5.3571648597717285,28.500314712524414,-43.832000732421875
491,-5.575075626373291,28.60271453857422,-44.33669662475586
492,-5.98406457901001,29.509355545043945,-44.804683685302734
493,-6.518592834472656,30.87122344970703,-45.21854782104492
494,-6.973813533782959,31.981151580810547,-45.602088928222656
495,-7.268800258636475,32.2658805847168,-45.941444396972656
496,-7.536899089813232,32.087425231933594,-46.39564895629883
497,-7.815033435821533,31.99848175048828,-46.891456604003906
498,-8.209999084472656,32.43143081665039,-47.40596008300781
499,-8.622343063354492,33.143009185791016,-47.84086608886719
500,-8.972553253173828,33.710716247558594,-48.22397994995117
501,-9.28740119934082,33.83329772949219,-48.63575744628906
502,-9.561312675476074,33.847232818603516,-49.1336669921875
503,-9.885763168334961,33.896244049072266,-49.658145904541016
504,-10.316251754760742,34.46986770629883,-50.21344757080078
505,-10.776835441589355,35.248291015625,-50.684722900390625
506,-11.18167781829834,35.9462776184082,-51.114933013916016
507,-11.566248893737793,36.2776985168457,-51.56629180908203
508,-11.860383033752441,36.22374725341797,-52.051116943359375
509,-12.161757469177246,36.26955795288086,-52.59153747558594
510,-12.629199981689453,36.68680953979492,-53.20793914794922
511,-13.128085136413574,37.34189987182617,-53.76015090942383
512,-13.625473976135254,37.909568786621094,-54.26948928833008
513,-14.08381462097168,38.107505798339844,-54.782989501953125
514,-14.435750961303711,38.05266189575195,-55.31032943725586
515,-14.79321575164795,37.97921371459961,-55.83467483520508
516,-15.17654800415039,37.94847869873047,-56.37047576904297
517,-15.536108016967773,37.976741790771484,-56.867042541503906
518,-15.885467529296875,37.969505310058594,-57.407806396484375
519,-16.212255477905273,37.914756774902344,-57.99005126953125
520,-16.61979103088379,38.12792205810547,-58.5569953918457
521,-17.151241302490234,38.48308181762695,-59.11592102050781
522,-17.63776397705078,38.79640197753906,-59.63484191894531
523,-18.05735969543457,38.94009780883789,-60.11400604248047
524,-18.36144256591797,38.7868766784668,-60.543907165527344
525,-18.686880111694336,38.72719955444336,-61.022403717041016
526,-19.14278793334961,39.00093078613281,-61.577301025390625
527,-19.704809188842773,39.40998840332031,-62.19989776611328
528,-20.28798484802246,39.79656219482422,-62.833553314208984
529,-20.780662536621094,39.959747314453125,-63.38077163696289
530,-21.22614860534668,40.08306121826172,-63.90005874633789
531,-21.81441307067871,40.40130615234375,-64.49817657470703
532,-22.50806999206543,40.95317459106445,-65.15592956542969
533,-23.052099227905273,41.21168518066406,-65.67947387695312
534,-23.481067657470703,41.216453552246094,-66.16722869873047
535,-23.818584442138672,41.00007247924805,-66.623779296875
536,-24.33057403564453,41.32225799560547,-67.23358917236328
537,-24.957109451293945,41.7845344543457,-67.745849609375
538,-25.3633975982666,41.65496063232422,-68.09198760986328
539,-25.412338256835938,40.833797454833984,-68.19429016113281
540,-25.383583068847656,39.79475784301758,-68.25035095214844
541,-25.356517791748047,38.929988861083984,-68.4598159790039
542,-25.344362258911133,38.1113166809082,-68.54790496826172
543,-25.3118953704834,37.14846420288086,-68.3919906616211
544,-25.004863739013672,35.7745361328125,-68.1334228515625
545,-24.632116317749023,34.335487365722656,-67.86376190185547
546,-24.320505142211914,33.12615966796875,-67.69325256347656
547,-24.135845184326172,31.91933822631836,-67.70025634765625
548,-23.86886215209961,30.42270278930664,-67.64112854003906
549,-23.459674835205078,28.11990737915039,-67.27130889892578
550,-22.974750518798828,25.574569702148438,-66.92393493652344
551,-22.742692947387695,24.34817123413086,-67.03240203857422
552,-22.73590660095215,23.49468994140625,-67.18479919433594
553,-22.722375869750977,22.793346405029297,-67.21862030029297
554,-22.54166603088379,21.9169921875,-67.19718933105469
555,-22.1408634185791,20.248781204223633,-67.11507415771484
556,-21.584012985229492,18.3334903717041,-67.10745239257812
557,-21.25819969177246,17.385587692260742,-67.29016876220703
558,-21.31033706665039,17.246984481811523,-67.56015014648438
559,-21.33523941040039,17.168296813964844,-67.83147430419922
560,-21.240102767944336,16.677825927734375,-68.07290649414062
561,-21.037691116333008,15.852428436279297,-68.3012466430664
562,-20.777971267700195,14.899374961853027,-68.59544372558594
563,-20.647783279418945,14.585103988647461,-68.95414733886719
564,-20.614059448242188,14.759098052978516,-69.3955078125
565,-20.573301315307617,14.833168029785156,-69.83648681640625
566,-20.412841796875,14.531546592712402,-70.2231674194336
567,-20.110790252685547,13.987780570983887,-70.53126525878906
568,-19.932544708251953,13.476495742797852,-70.88743591308594
569,-19.816259384155273,13.27987003326416,-71.2779312133789
570,-19.72821807861328,13.304577827453613,-71.6832275390625
571,-19.667695999145508,13.312162399291992,-72.13742065429688
572,-19.64716911315918,13.004342079162598,-72.58747100830078
573,-19.450956344604492,12.485577583312988,-72.98114776611328
574,-19.204259872436523,12.125940322875977,-73.34410095214844
575,-19.13484764099121,12.087666511535645,-73.66425323486328
576,-19.16994857788086,12.027741432189941,-73.9963607788086
577,-19.11890411376953,11.786598205566406,-74.3418197631836
578,-18.949857711791992,11.291202545166016,-74.7290267944336
579,-18.842390060424805,10.74428939819336,-75.07514953613281
580,-18.795455932617188,10.485079765319824,-75.42922973632812
581,-18.839797973632812,10.465987205505371,-75.83589935302734
582,-18.92582893371582,10.310209274291992,-76.2383804321289
583,-18.89528465270996,10.094281196594238,-76.60038757324219
584,-18.721393585205078,9.729461669921875,-76.914306640625
585,-18.594417572021484,9.33447551727295,-77.30801391601562
586,-18.559925079345703,9.126513481140137,-77.81307983398438
587,-18.60897445678711,9.068592071533203,-78.21337890625
588,-18.60221290588379,8.851571083068848,-78.57396697998047
589,-18.50013542175293,8.57123851776123,-78.970458984375
590,-18.405441284179688,8.392777442932129,-79.41397857666016
591,-18.498525619506836,8.359109878540039,-79.87617492675781
592,-18.528194427490234,8.313655853271484,-80.33091735839844
593,-18.446285247802734,8.084270477294922,-80.78189849853516
594,-18.360532760620117,7.785983085632324,-81.18083953857422
595,-18.334320068359375,7.486752033233643,-81.57363891601562
596,-18.373493194580078,7.323640823364258,-82.02213287353516
597,-18.45456886291504,7.2985992431640625,-82.49442291259766
598,-18.48082733154297,7.246554374694824,-82.95648193359375
599,-18.488256454467773,7.021546363830566,-83.46472930908203
600,-18.505985260009766,6.784230709075928,-83.97807312011719
601,-18.592920303344727,6.564610481262207,-84.50312042236328
602,-18.732093811035156,6.302082061767578,-84.98951721191406
603,-18.801528930664062,6.067122459411621,-85.45655822753906
604,-18.6699275970459,5.863071441650391,-85.9427719116211
605,-17.539533615112305,5.722486972808838,-86.3248062133789
606,-16.47331428527832,5.4767069816589355,-86.74573516845703
607,-16.350793838500977,5.343886852264404,-87.21894836425781
608,-16.61859703063965,5.248175621032715,-87.69141387939453
609,-16.759918212890625,5.1469268798828125,-88.16957092285156
610,-16.452905654907227,4.959672927856445,-88.709716796875
611,-16.300678253173828,4.777736663818359,-89.28482818603516
612,-16.527877807617188,4.6720147132873535,-89.816162109375
613,-16.795665740966797,4.444023132324219,-90.37260437011719
614,-16.929035186767578,4.2111029624938965,-90.94900512695312
615,-16.439321517944336,3.923949718475342,-91.22000885009766
616,-15.355317115783691,3.8669707775115967,-91.54618835449219
617,-14.223259925842285,3.776090621948242,-91.95735931396484
618,-13.009767532348633,3.5548315048217773,-92.39496612548828
619,-11.995071411132812,3.3408024311065674,-92.93123626708984
620,-11.169553756713867,3.105867385864258,-93.4577407836914
621,-10.490577697753906,2.9789271354675293,-93.94776916503906
622,-9.85851001739502,3.006409168243408,-94.4308090209961
623,-9.25582218170166,3.0734381675720215,-94.89630126953125
624,-8.565993309020996,3.271927833557129,-95.35677337646484
625,-8.080709457397461,3.50478458404541,-95.8177490234375
626,-7.732808589935303,3.6780455112457275,-96.26847839355469
627,-7.39710807800293,3.6082608699798584,-96.74877166748047
628,-6.858733654022217,3.458726644515991,-97.21287536621094
629,-6.346855640411377,3.4134185314178467,-97.67584991455078
630,-5.848971366882324,3.425649881362915,-98.13485717773438
631,-5.300693511962891,3.552623987197876,-98.5540771484375
632,-4.662097454071045,3.731032133102417,-98.95472717285156
633,-3.8851630687713623,3.837442398071289,-99.30243682861328
634,-2.966538190841675,3.65557861328125,-99.5625
635,-1.8119930028915405,3.561596632003784,-99.83745574951172
636,-0.5232223272323608,3.5793707370758057,-100.14993286132812
637,0.6618964672088623,3.678896427154541,-100.50082397460938
638,1.7689106464385986,3.827880620956421,-100.81568908691406
639,2.6883466243743896,3.9396932125091553,-101.10475158691406
640,3.496591567993164,4.051672458648682,-101.3816909790039
641,4.284452438354492,4.090575218200684,-101.68112182617188
642,4.975564002990723,4.246899604797363,-101.93983459472656
643,5.5263261795043945,4.4596266746521,-102.26359558105469
644,6.127857685089111,4.759075164794922,-102.618896484375
645,6.687543869018555,4.947390556335449,-102.97413635253906
646,7.320622444152832,5.077360153198242,-103.34343719482422
647,8.006403923034668,5.281440734863281,-103.69021606445312
648,8.630702018737793,5.651496887207031,-104.0489273071289
649,9.229179382324219,6.035032749176025,-104.45918273925781
650,9.778959274291992,6.270159721374512,-104.88289642333984
651,10.26987361907959,6.422180652618408,-105.24781799316406
652,10.715967178344727,6.59309720993042,-105.65005493164062
653,11.17115592956543,6.754837512969971,-106.04630279541016
654,11.520115852355957,6.933862209320068,-106.48943328857422
655,11.803881645202637,7.109978675842285,-106.96218872070312
656,11.930925369262695,7.304611682891846,-107.39942932128906
657,12.030728340148926,7.517807483673096,-107.83024597167969
658,12.322601318359375,7.769159317016602,-108.23246002197266
659,12.798110961914062,7.995362758636475,-108.60362243652344
660,13.215860366821289,8.260009765625,-108.96247100830078
661,13.467489242553711,8.547935485839844,-109.37831115722656
662,13.419320106506348,8.760825157165527,-109.75865936279297
663,13.253071784973145,8.987061500549316,-110.12858581542969
664,12.78123664855957,9.163111686706543,-110.4956283569336
665,12.04573917388916,9.159482955932617,-110.9120864868164
666,10.954655647277832,9.07355785369873,-111.285888671875
667,9.68229866027832,9.239710807800293,-111.64849853515625
668,8.251684188842773,9.890602111816406,-112.06336212158203
669,6.847355365753174,10.767210960388184,-112.49036407470703
670,5.421357154846191,11.567371368408203,-112.94588470458984
671,3.7749505043029785,11.988937377929688,-113.44296264648438
672,2.05901837348938,12.091449737548828,-114.02883911132812
673,0.5421593189239502,12.527292251586914,-114.74009704589844
674,-0.8422262072563171,12.967184066772461,-115.4551773071289
675,-2.2424471378326416,13.161978721618652,-116.15404510498047
676,-3.7906627655029297,12.939501762390137,-116.78629302978516
677,-5.606849193572998,12.332725524902344,-117.32183837890625
678,-7.276750087738037,12.309962272644043,-117.94474792480469
679,-8.591120719909668,12.510987281799316,-118.58152770996094
680,-9.680274963378906,12.630426406860352,-119.19583129882812
681,-10.704948425292969,12.608078956604004,-119.81005096435547
682,-11.94520378112793,12.382633209228516,-120.43217468261719
683,-13.483854293823242,12.14554500579834,-121.03671264648438
684,-15.151232719421387,11.953167915344238,-121.66146087646484
685,-16.56978416442871,11.915159225463867,-122.22691345214844
686,-17.839550018310547,11.822163581848145,-122.69563293457031
687,-19.08783531188965,11.654425621032715,-123.18046569824219
688,-20.40449333190918,11.44756031036377,-123.68424224853516
689,-21.716081619262695,11.086614608764648,-124.1917724609375
690,-22.553104400634766,10.828999519348145,-124.77045440673828
691,-23.254016876220703,10.475508689880371,-125.32183837890625
692,-24.189315795898438,10.087903022766113,-125.8227767944336
693,-25.304555892944336,9.665129661560059,-126.28857421875
694,-26.46506118774414,9.152853012084961,-126.71649932861328
695,-27.46932029724121,8.5946626663208,-127.06367492675781
696,-28.24073600769043,8.36736011505127,-127.48648071289062
697,-28.993263244628906,8.299516677856445,-127.8688735961914
698,-30.034374237060547,8.360889434814453,-128.3944854736328
699,-31.321687698364258,8.142526626586914,-128.8359832763672
700,-32.58993911743164,7.704812049865723,-129.10548400878906
701,-33.71962356567383,7.225071430206299,-129.3245086669922
702,-34.49821853637695,6.997580051422119,-129.6339111328125
703,-35.22183609008789,6.952162265777588,-130.00831604003906
704,-36.05463409423828,6.76669454574585,-130.2807159423828
705,-37.02051544189453,6.363461494445801,-130.46383666992188
706,-37.91009521484375,5.9712629318237305,-130.64320373535156
707,-38.46904373168945,5.704671382904053,-130.8699951171875
708,-39.098480224609375,5.431158542633057,-131.16500854492188
709,-39.7642936706543,5.018648624420166,-131.37808227539062
710,-40.275142669677734,4.651208400726318,-131.59388732910156
711,-40.607078552246094,4.378927707672119,-131.8429412841797
712,-40.86536407470703,4.0952534675598145,-132.09613037109375
713,-41.02626037597656,3.7824437618255615,-132.33790588378906
714,-41.151824951171875,3.483490467071533,-132.5919952392578
715,-41.11302185058594,3.253232717514038,-132.87998962402344
716,-40.79904556274414,3.0985910892486572,-133.18594360351562
717,-40.148685455322266,2.9310545921325684,-133.46493530273438
718,-39.3758659362793,2.7943484783172607,-133.76612854003906
719,-38.27464294433594,2.708958148956299,-134.08497619628906
720,-36.75973129272461,2.655311346054077,-134.40382385253906
721,-34.88003158569336,2.78169584274292,-134.73707580566406
722,-32.89097595214844,2.7227277755737305,-134.92355346679688
723,-31.044902801513672,2.1416921615600586,-134.6553192138672
724,-29.431617736816406,1.3181259632110596,-134.2490692138672
725,-27.974925994873047,0.5311034917831421,-133.85855102539062
726,-26.24624252319336,0.08795750141143799,-133.70407104492188
727,-24.304288864135742,-0.2878834307193756,-133.5040740966797
728,-22.284658432006836,-0.7380855083465576,-133.26806640625
729,-20.188514709472656,-1.369163990020752,-133.04156494140625
730,-18.105806350708008,-2.0701146125793457,-132.90847778320312
731,-16.039976119995117,-2.5232863426208496,-132.9903106689453
732,-13.68431282043457,-2.6288819313049316,-133.2669677734375
733,-10.980995178222656,-2.3715150356292725,-133.523681640625
734,-8.41646957397461,-2.2960169315338135,-133.6172332763672
735,-6.395629405975342,-2.6212027072906494,-133.61195373535156
736,-4.5867133140563965,-2.7925047874450684,-133.7248992919922
737,-2.75614333152771,-2.7885353565216064,-133.926513671875
738,-0.8196309804916382,-2.7767105102539062,-134.17039489746094
739,1.2439491748809814,-2.8553853034973145,-134.35968017578125
740,2.896622896194458,-3.4372012615203857,-134.49635314941406
741,4.443737983703613,-3.4467968940734863,-134.70175170898438
742,5.658466815948486,-3.3276278972625732,-134.8600616455078
743,6.679379940032959,-3.235973358154297,-135.0068359375
744,7.505188941955566,-3.2605509757995605,-135.26724243164062
745,8.044685363769531,-3.294250726699829,-135.5875701904297
746,8.490984916687012,-3.2857649326324463,-135.88568115234375
747,8.94225025177002,-3.2151803970336914,-136.18115234375
748,9.475298881530762,-3.229987144470215,-136.4807586669922
749,10.042588233947754,-3.2442216873168945,-136.791259765625
750,10.638619422912598,-3.071195602416992,-137.2403106689453
751,11.342366218566895,-2.8623523712158203,-137.7459259033203
752,12.107008934020996,-2.7225499153137207,-138.14492797851562
753,12.723031044006348,-2.57248592376709,-138.38430786132812
754,13.254801750183105,-2.2086756229400635,-138.6416015625
755,13.773442268371582,-1.844678521156311,-138.9012908935547
756,14.237281799316406,-1.7509403228759766,-139.18115234375
757,14.718613624572754,-1.6163586378097534,-139.46218872070312
758,15.1534423828125,-1.2315642833709717,-139.7294464111328
759,15.508338928222656,-0.8605281710624695,-139.98379516601562
760,15.83212661743164,-0.5943241715431213,-140.24813842773438
761,16.139625549316406,-0.3859786093235016,-140.5374755859375
762,16.375829696655273,-0.2591830790042877,-140.9016876220703
763,16.546377182006836,-0.012879602611064911,-141.2804412841797
764,16.584121704101562,0.25340041518211365,-141.63059997558594
765,16.324193954467773,0.579481840133667,-141.97994995117188
766,15.696748733520508,0.9903717041015625,-142.42373657226562
767,14.860876083374023,1.325734257698059,-142.885009765625
768,13.742131233215332,1.5574791431427002,-143.2707061767578
769,12.256196975708008,1.5705652236938477,-143.61727905273438
770,10.68834114074707,1.5669664144515991,-143.8631134033203
771,9.354252815246582,2.1060791015625,-144.02552795410156
772,8.092719078063965,2.963000535964966,-144.2740478515625
773,6.84660530090332,3.780756711959839,-144.50294494628906
774,5.425738334655762,4.295358180999756,-144.6108856201172
775,4.095200538635254,4.700279712677002,-144.65945434570312
776,2.9461987018585205,5.14763069152832,-144.64280700683594
777,1.7643928527832031,5.650789737701416,-144.60736083984375
778,0.5205214023590088,6.203773021697998,-144.7440948486328
779,-0.5708582997322083,6.589172840118408,-144.96107482910156
780,-1.5850311517715454,6.831094741821289,-145.19845581054688
781,-2.5150489807128906,6.833751678466797,-145.43374633789062
782,-3.560912847518921,6.971330642700195,-145.779296875
783,-4.674907207489014,7.319162845611572,-146.25048828125
784,-5.598730087280273,7.6707234382629395,-146.62738037109375
785,-6.569194793701172,7.9807233810424805,-147.03414916992188
786,-7.609515190124512,8.193229675292969,-147.4865264892578
787,-8.711039543151855,8.338150024414062,-148.0415496826172
788,-9.548541069030762,7.970920562744141,-148.41632080078125
789,-10.021309852600098,7.385931491851807,-148.6326141357422
790,-10.338165283203125,7.327517032623291,-149.06533813476562
791,-10.62804126739502,7.583248138427734,-149.6019287109375
792,-10.980648040771484,7.803603172302246,-150.16775512695312
793,-11.544112205505371,7.793645858764648,-150.74591064453125
794,-11.966697692871094,7.404530048370361,-151.2135772705078
795,-12.273551940917969,7.094921112060547,-151.8946075439453
796,-13.10548210144043,7.1933770179748535,-152.7279052734375
797,-14.130707740783691,6.694092750549316,-153.49114990234375
798,-15.04234504699707,5.978018760681152,-154.05377197265625
799,-15.454827308654785,5.440978050231934,-154.15765380859375
800,-15.548883438110352,5.892913818359375,-154.54116821289062
801,-15.710149765014648,6.343123435974121,-155.48171997070312
802,-15.67997932434082,6.150976181030273,-156.34613037109375
803,-15.63023853302002,5.5306549072265625,-156.84286499023438
804,-15.6196870803833,4.808319568634033,-157.23094177246094
805,-15.68295955657959,4.45590877532959,-157.64105224609375
806,-15.82444953918457,5.031835556030273,-158.39622497558594
807,-16.160009384155273,5.5219831466674805,-158.92771911621094
808,-16.291282653808594,5.537320137023926,-159.34686279296875
809,-16.12343406677246,5.677303791046143,-159.87423706054688
810,-16.036163330078125,5.8378143310546875,-160.4433135986328
811,-16.31503677368164,5.821612358093262,-161.06936645507812
812,-16.70478057861328,5.860561847686768,-161.63973999023438
813,-16.394868850708008,5.772712230682373,-162.01339721679688
814,-16.353559494018555,5.040149211883545,-162.06773376464844
815,-16.091312408447266,4.035501956939697,-161.90631103515625
816,-15.765869140625,3.4003679752349854,-162.07781982421875
817,-15.409988403320312,3.320249080657959,-162.7113037109375
818,-14.800762176513672,2.4534943103790283,-163.20562744140625
819,-13.522770881652832,1.7501378059387207,-163.59170532226562
820,-12.881608963012695,1.9827460050582886,-164.02706909179688
821,-12.801002502441406,2.120509147644043,-164.037109375
822,-12.732011795043945,2.3989500999450684,-164.11212158203125
823,-12.624751091003418,2.659106492996216,-164.2395782470703
824,-12.513323783874512,2.623363733291626,-164.32138061523438
825,-12.416853904724121,2.4384922981262207,-164.49542236328125
826,-12.33903980255127,2.2713425159454346,-164.69639587402344
827,-12.273947715759277,2.1155498027801514,-164.9210662841797
828,-12.149004936218262,1.4242185354232788,-165.20330810546875
829,-12.081803321838379,0.8352705836296082,-165.52908325195312
830,-11.987175941467285,0.7480162978172302,-165.96664428710938
831,-11.895269393920898,0.6500639915466309,-166.3983154296875
832,-11.806530952453613,0.5798078179359436,-166.78054809570312
833,-11.714282989501953,0.509006142616272,-167.14520263671875
834,-11.617053031921387,0.444116473197937,-167.4773406982422
835,-11.517568588256836,0.3824056088924408,-167.80169677734375
836,-11.423221588134766,0.31922340393066406,-168.1043701171875
837,-11.330591201782227,0.26305630803108215,-168.3944854736328
838,-11.238601684570312,0.20612627267837524,-168.67674255371094
839,-11.14644718170166,0.1480005383491516,-168.96351623535156
840,-11.05724811553955,0.09561650454998016,-169.24276733398438
841,-10.971875190734863,0.04353605583310127,-169.5255126953125
842,-10.877095222473145,-0.004296615719795227,-169.80584716796875
843,-10.782252311706543,-0.05579764023423195,-170.08599853515625
844,-10.689498901367188,-0.11035127192735672,-170.36825561523438
845,-10.600454330444336,-0.1614069789648056,-170.6477508544922
846,-10.51084041595459,-0.21406283974647522,-170.92568969726562
847,-10.423845291137695,-0.2641851305961609,-171.204345703125
848,-10.333311080932617,-0.3144095540046692,-171.4801788330078
849,-10.242856979370117,-0.3602699935436249,-171.7560577392578
850,-10.156257629394531,-0.4046004116535187,-172.03457641601562
851,-10.063530921936035,-0.4509226977825165,-172.31240844726562
852,-9.976075172424316,-0.4944159984588623,-172.59141540527344
853,-9.888433456420898,-0.5369968414306641,-172.867431640625
854,-9.797553062438965,-0.581149697303772,-173.1358184814453
855,-9.707873344421387,-0.6207701563835144,-173.4051513671875
856,-9.620771408081055,-0.6629689335823059,-173.67417907714844
857,-9.535916328430176,-0.7017658948898315,-173.9422607421875
858,-9.450592041015625,-0.7409842610359192,-174.21646118164062
859,-9.367668151855469,-0.7804479598999023,-174.48338317871094
860,-9.286097526550293,-0.8156589865684509,-174.75257873535156
861,-9.199747085571289,-0.8539226651191711,-175.01881408691406
862,-9.112337112426758,-0.8953006863594055,-175.28297424316406
863,-9.032791137695312,-0.9318652153015137,-175.5486297607422
864,-8.941554069519043,-0.9719108939170837,-175.81690979003906
865,-8.855046272277832,-1.0123600959777832,-176.0805206298828
866,-8.760764122009277,-1.0465624332427979,-176.3421630859375
867,-8.67928695678711,-1.0815808773040771,-176.60641479492188
868,-8.592411994934082,-1.1170369386672974,-176.8682403564453
869,-8.503440856933594,-1.1466095447540283,-177.1291961669922
870,-8.418280601501465,-1.1785969734191895,-177.39404296875
871,-8.337443351745605,-1.2070566415786743,-177.6567840576172
872,-8.258934020996094,-1.2346136569976807,-177.92149353027344
873,-8.17214584350586,-1.2642900943756104,-178.18173217773438
874,-8.087120056152344,-1.296290636062622,-178.43882751464844
875,-8.0051851272583,-1.3254482746124268,-178.6998748779297
876,-7.920971393585205,-1.3550220727920532,-178.95343017578125
877,-7.841793060302734,-1.379169225692749,-179.2096405029297
878,-7.758047580718994,-1.405838966369629,-179.4644775390625
879,-7.680070400238037,-1.4313629865646362,-179.71875
880,-7.601442337036133,-1.4555705785751343,-179.9777374267578
881,-7.519405841827393,-1.4810882806777954,179.7720489501953
882,-7.439016819000244,-1.506432056427002,179.51849365234375
883,-7.353862285614014,-1.5271354913711548,179.2664031982422
884,-7.273059368133545,-1.5469521284103394,179.01768493652344
885,-7.192780494689941,-1.5704803466796875,178.77120971679688
886,-7.112005233764648,-1.598486065864563,178.5255126953125
887,-7.033608913421631,-1.616137981414795,178.2768096923828
888,-6.9532647132873535,-1.6379225254058838,178.0286865234375
889,-6.871416091918945,-1.6626410484313965,177.78338623046875
890,-6.793105125427246,-1.681452751159668,177.5367431640625
891,-6.718894004821777,-1.7003438472747803,177.29185485839844
892,-6.640286922454834,-1.7195066213607788,177.04432678222656
893,-6.56096076965332,-1.735243320465088,176.80282592773438
894,-6.488354206085205,-1.7526403665542603,176.55482482910156
895,-6.412744998931885,-1.7725211381912231,176.31126403808594
896,-6.336642265319824,-1.7940784692764282,176.06594848632812
897,-6.259716510772705,-1.8061821460723877,175.82684326171875
898,-6.182149410247803,-1.817130208015442,175.58413696289062
899,-6.114461421966553,-1.8342938423156738,175.34194946289062
900,-6.036415100097656,-1.849342942237854,175.10633850097656
901,-5.966154098510742,-1.8581273555755615,174.86427307128906
902,-5.899052143096924,-1.874018669128418,174.62303161621094
903,-5.8216729164123535,-1.8878670930862427,174.38442993164062
904,-5.747310638427734,-1.9029872417449951,174.1517791748047
905,-5.67218542098999,-1.9203228950500488,173.91448974609375
906,-5.600025177001953,-1.9351677894592285,173.68455505371094
907,-5.526727199554443,-1.9537091255187988,173.4475555419922
908,-5.455699920654297,-1.964937686920166,173.21649169921875
909,-5.383569717407227,-1.9729359149932861,172.98828125
910,-5.307101249694824,-1.982448935508728,172.75576782226562
911,-5.23790168762207,-1.992814302444458,172.52276611328125
912,-5.168615818023682,-2.001542091369629,172.29212951660156
913,-5.094648838043213,-2.0138673782348633,172.06280517578125
914,-5.0225067138671875,-2.0270259380340576,171.83029174804688
915,-4.952475070953369,-2.0396361351013184,171.60076904296875
916,-4.879054069519043,-2.043473482131958,171.3770294189453
917,-4.8101959228515625,-2.049628257751465,171.14845275878906
918,-4.740811347961426,-2.0553646087646484,170.92059326171875
919,-4.672563552856445,-2.0615170001983643,170.69790649414062
920,-4.599055767059326,-2.0671157836914062,170.4746551513672
921,-4.532521724700928,-2.0710387229919434,170.24765014648438
922,-4.459647178649902,-2.076298952102661,170.0219268798828
923,-4.390239238739014,-2.0836453437805176,169.8026123046875
924,-4.319632053375244,-2.088728189468384,169.57745361328125
925,-4.251739501953125,-2.095588445663452,169.3579559326172
926,-4.189611911773682,-2.09619140625,169.13087463378906
927,-4.1216840744018555,-2.099139451980591,168.91387939453125
928,-4.056400299072266,-2.102451801300049,168.69357299804688
929,-3.990873098373413,-2.1054770946502686,168.47381591796875
930,-3.927248001098633,-2.110118865966797,168.25668334960938
931,-3.853654146194458,-2.1114602088928223,168.03831481933594
932,-3.7884573936462402,-2.113891124725342,167.82284545898438
933,-3.7191131114959717,-2.1179752349853516,167.6067352294922
934,-3.653226375579834,-2.117056369781494,167.3876190185547
935,-3.58740234375,-2.118300199508667,167.17234802246094
936,-3.521652936935425,-2.117310047149658,166.95513916015625
937,-3.4581167697906494,-2.1157052516937256,166.7402801513672
938,-3.3971006870269775,-2.1127448081970215,166.5260009765625
939,-3.334390163421631,-2.1105854511260986,166.30880737304688
940,-3.2712416648864746,-2.1060502529144287,166.09751892089844
941,-3.206782341003418,-2.1048476696014404,165.8887481689453
942,-3.146683931350708,-2.0996792316436768,165.6744384765625
943,-3.0876381397247314,-2.092170000076294,165.46499633789062
944,-3.020650625228882,-2.0930933952331543,165.2572021484375
945,-2.9584879875183105,-2.088120222091675,165.0440673828125
946,-2.903130054473877,-2.0831310749053955,164.83702087402344
947,-2.842460870742798,-2.0798134803771973,164.62533569335938
948,-2.7837908267974854,-2.075587034225464,164.42262268066406
949,-2.725879430770874,-2.070037364959717,164.21359252929688
950,-2.6637556552886963,-2.0663373470306396,164.00770568847656
951,-2.6067564487457275,-2.063549041748047,163.80108642578125
952,-2.547869920730591,-2.0564706325531006,163.59957885742188
953,-2.4884233474731445,-2.051574945449829,163.39402770996094
954,-2.4324305057525635,-2.0412557125091553,163.1864471435547
955,-2.374128580093384,-2.03417706489563,162.9808807373047
956,-2.3113067150115967,-2.028209924697876,162.78396606445312
957,-2.2539281845092773,-2.0134098529815674,162.58370971679688
958,-2.197070837020874,-2.007861614227295,162.38351440429688
959,-2.1465559005737305,-1.9977874755859375,162.17811584472656
960,-2.0993492603302,-1.9887675046920776,161.97312927246094
961,-2.039036750793457,-1.9826539754867554,161.7748565673828
962,-1.9829301834106445,-1.9735888242721558,161.57980346679688
963,-1.9288450479507446,-1.964117169380188,161.38363647460938
964,-1.8757858276367188,-1.9609001874923706,161.18836975097656
965,-1.8210607767105103,-1.951826572418213,160.99061584472656
966,-1.763543963432312,-1.9429547786712646,160.79437255859375
967,-1.7096484899520874,-1.9353715181350708,160.59938049316406
968,-1.6586318016052246,-1.9227739572525024,160.4026641845703
969,-1.6079237461090088,-1.9122717380523682,160.20513916015625
970,-1.5516823530197144,-1.8987165689468384,160.00897216796875
971,-1.4996716976165771,-1.8841018676757812,159.81536865234375
972,-1.4495190382003784,-1.8743168115615845,159.62274169921875
973,-1.396985411643982,-1.8609479665756226,159.4293670654297
974,-1.344538688659668,-1.850094199180603,159.24075317382812
975,-1.2903789281845093,-1.837859034538269,159.04959106445312
976,-1.2360014915466309,-1.8248684406280518,158.8616485595703
977,-1.1842540502548218,-1.8092117309570312,158.66673278808594
978,-1.1321067810058594,-1.8047635555267334,158.4774932861328
979,-1.0783889293670654,-1.7921667098999023,158.28428649902344
980,-1.0274276733398438,-1.7797528505325317,158.09231567382812
981,-0.9790626764297485,-1.7620437145233154,157.9029998779297
982,-0.9258666038513184,-1.7507306337356567,157.71533203125
983,-0.8827781677246094,-1.734326958656311,157.52395629882812
984,-0.8336907625198364,-1.722401738166809,157.33425903320312
985,-0.7830492854118347,-1.702945351600647,157.14540100097656
986,-0.7320383191108704,-1.6911091804504395,156.9595184326172
987,-0.6780028939247131,-1.6776518821716309,156.77171325683594
988,-0.6294513940811157,-1.6610296964645386,156.58766174316406
989,-0.5851913094520569,-1.6474279165267944,156.40185546875
990,-0.5357570648193359,-1.6359071731567383,156.21498107910156
991,-0.4843387007713318,-1.6199499368667603,156.0353240966797
992,-0.4386579990386963,-1.604508876800537,155.85198974609375
993,-0.38663557171821594,-1.5873405933380127,155.67037963867188
994,-0.3373776972293854,-1.5665532350540161,155.48666381835938
995,-0.287568598985672,-1.5481899976730347,155.3038330078125
996,-0.2401912361383438,-1.5328905582427979,155.120361328125
997,-0.19702324271202087,-1.5163236856460571,154.94102478027344
998,-0.1536615937948227,-1.4999953508377075,154.76463317871094
999,-0.10394174605607986,-1.4840492010116577,154.5850067138672
1000,-0.05375102534890175,-1.4626446962356567,154.4065704345703
1001,-0.00743859400972724,-1.4487351179122925,154.2313690185547
1002,0.03912137448787689,-1.4325820207595825,154.05221557617188
1003,0.08087027072906494,-1.41709566116333,153.8686981201172
1004,0.12687115371227264,-1.397174596786499,153.6927032470703
1005,0.17829792201519012,-1.381220817565918,153.51759338378906
1006,0.22163936495780945,-1.3626177310943604,153.34060668945312
1007,0.267515629529953,-1.343029260635376,153.16854858398438
1008,0.31559333205223083,-1.3221606016159058,152.9947967529297
1009,0.3641817569732666,-1.3022631406784058,152.8201446533203
1010,0.4121211767196655,-1.2862050533294678,152.6477813720703
1011,0.45180028676986694,-1.2633293867111206,152.4679412841797
1012,0.49193528294563293,-1.241415023803711,152.29539489746094
1013,0.5338888764381409,-1.220457911491394,152.1242218017578
1014,0.576331615447998,-1.199087142944336,151.94931030273438
1015,0.6174461245536804,-1.1798851490020752,151.7806396484375
1016,0.6648507118225098,-1.1576156616210938,151.61007690429688
1017,0.7041184306144714,-1.139125108718872,151.43911743164062
1018,0.7479840517044067,-1.1201995611190796,151.27001953125
1019,0.7903328537940979,-1.100762128829956,151.09783935546875
1020,0.8331429362297058,-1.0812145471572876,150.93450927734375
1021,0.8717606067657471,-1.061357855796814,150.7643585205078
1022,0.910700261592865,-1.0451982021331787,150.599365234375
1023,0.9489135146141052,-1.0268707275390625,150.42222595214844
1024,0.9849907755851746,-1.0093371868133545,150.25411987304688
1025,1.024900197982788,-0.9913017749786377,150.0864715576172
1026,1.0624593496322632,-0.9665345549583435,149.918701171875
1027,1.1055418252944946,-0.9433929324150085,149.75234985351562
1028,1.14387845993042,-0.9198998212814331,149.58419799804688
1029,1.181639313697815,-0.9004372358322144,149.41542053222656
1030,1.2203075885772705,-0.8802281618118286,149.25070190429688
1031,1.2598541975021362,-0.8566965460777283,149.0861053466797
1032,1.2970051765441895,-0.8349034190177917,148.9212646484375
1033,1.3332276344299316,-0.8080248236656189,148.75779724121094
1034,1.3733510971069336,-0.779870331287384,148.58998107910156
1035,1.41114342212677,-0.7568895816802979,148.42701721191406
1036,1.4511069059371948,-0.7338411808013916,148.26248168945312
1037,1.4851078987121582,-0.7103153467178345,148.10116577148438
1038,1.5207759141921997,-0.6880691051483154,147.9363555908203
1039,1.554481863975525,-0.6650119423866272,147.77626037597656
1040,1.5906180143356323,-0.6413521766662598,147.61566162109375
1041,1.6252498626708984,-0.6204681396484375,147.45620727539062
1042,1.660935878753662,-0.5981534123420715,147.2986297607422
1043,1.698603868484497,-0.5753436088562012,147.1350860595703
1044,1.736451268196106,-0.5511501431465149,146.97300720214844
1045,1.7717812061309814,-0.5293897986412048,146.81381225585938
1046,1.8069989681243896,-0.5044967532157898,146.6483612060547
1047,1.8434765338897705,-0.4818539023399353,146.48886108398438
1048,1.882789969444275,-0.4613819718360901,146.3299102783203
1049,1.9213672876358032,-0.43177738785743713,146.17259216308594
1050,1.9549510478973389,-0.40644571185112,146.01324462890625
1051,1.986869215965271,-0.38442403078079224,145.8545684814453
1052,2.019989013671875,-0.35698866844177246,145.70013427734375
1053,2.0550150871276855,-0.33064696192741394,145.5422821044922
1054,2.093672037124634,-0.30964425206184387,145.3876953125
1055,2.1286728382110596,-0.2831580638885498,145.2372589111328
1056,2.1603193283081055,-0.2616328001022339,145.0842742919922
1057,2.196892261505127,-0.24008654057979584,144.9298553466797
1058,2.2329800128936768,-0.21799317002296448,144.77783203125
1059,2.2647721767425537,-0.19387193024158478,144.62193298339844
1060,2.3056998252868652,-0.1677311211824417,144.4711456298828
1061,2.341585397720337,-0.138248011469841,144.31651306152344
1062,2.3745439052581787,-0.10725009441375732,144.1630859375
1063,2.415064811706543,-0.08064626157283783,144.00836181640625
1064,2.4497509002685547,-0.054116930812597275,143.8549041748047
1065,2.4826691150665283,-0.026080545037984848,143.69927978515625
1066,2.512385845184326,0.0026548090390861034,143.54409790039062
1067,2.5423989295959473,0.027678756043314934,143.3963165283203
1068,2.5732510089874268,0.05457828938961029,143.24598693847656
1069,2.6068689823150635,0.07855211198329926,143.09500122070312
1070,2.6343865394592285,0.10372496396303177,142.9416046142578
1071,2.6666998863220215,0.12832921743392944,142.79039001464844
1072,2.6924569606781006,0.1579035520553589,142.64027404785156
1073,2.7243893146514893,0.18539924919605255,142.49072265625
1074,2.7580811977386475,0.21552099287509918,142.3419189453125
1075,2.7854506969451904,0.24461878836154938,142.18997192382812
1076,2.812570810317993,0.27016234397888184,142.04025268554688
1077,2.842881679534912,0.2980145514011383,141.89710998535156
1078,2.878519058227539,0.3230797052383423,141.75267028808594
1079,2.9080629348754883,0.3481366038322449,141.6023406982422
1080,2.935743808746338,0.37236741185188293,141.45925903320312
1081,2.963916540145874,0.39509645104408264,141.31289672851562
1082,2.9927847385406494,0.41548505425453186,141.1659698486328
1083,3.0249340534210205,0.44485601782798767,141.0199432373047
1084,3.056027889251709,0.4723934531211853,140.87393188476562
1085,3.084040641784668,0.5011504888534546,140.73190307617188
1086,3.1091501712799072,0.5340797901153564,140.58346557617188
1087,3.1366183757781982,0.5608220100402832,140.43716430664062
1088,3.1637678146362305,0.5856668949127197,140.28857421875
1089,3.196254253387451,0.611389696598053,140.14401245117188
1090,3.228173017501831,0.6423746347427368,139.99954223632812
1091,3.2564289569854736,0.6702763438224792,139.85479736328125
1092,3.2881712913513184,0.6959276795387268,139.71041870117188
1093,3.3125834465026855,0.7165775895118713,139.5676727294922
1094,3.337317943572998,0.7436334490776062,139.42713928222656
1095,3.3669960498809814,0.7722298502922058,139.2861785888672
1096,3.394676446914673,0.801534116268158,139.1429443359375
1097,3.423067092895508,0.8255407810211182,139.00074768066406
1098,3.447988271713257,0.8509058952331543,138.8576202392578
1099,3.4716038703918457,0.8748546838760376,138.71588134765625
1100,3.497089385986328,0.904271125793457,138.57273864746094
1101,3.5218751430511475,0.9279966950416565,138.43087768554688
1102,3.5461370944976807,0.9553929567337036,138.2846221923828
1103,3.569995880126953,0.9855121374130249,138.1450958251953
1104,3.5900588035583496,1.019199013710022,138.00164794921875
1105,3.608937978744507,1.0500035285949707,137.86085510253906
1106,3.636296272277832,1.0781283378601074,137.72515869140625
1107,3.6615915298461914,1.1056323051452637,137.58863830566406
1108,3.689880609512329,1.1323167085647583,137.44908142089844
1109,3.7105672359466553,1.1545276641845703,137.3083038330078
1110,3.7339954376220703,1.1864067316055298,137.16868591308594
1111,3.7555975914001465,1.2123589515686035,137.03289794921875
1112,3.778406858444214,1.2452605962753296,136.89573669433594
1113,3.8002679347991943,1.2758766412734985,136.76101684570312
1114,3.823439598083496,1.3044697046279907,136.62220764160156
1115,3.845076084136963,1.3327597379684448,136.48477172851562
1116,3.8665757179260254,1.3567147254943848,136.349853515625
1117,3.8854823112487793,1.386266827583313,136.20960998535156
1118,3.9097471237182617,1.411027431488037,136.07470703125
1119,3.9362735748291016,1.4436066150665283,135.93609619140625
1120,3.960545063018799,1.4745784997940063,135.79954528808594
1121,3.9815282821655273,1.505620002746582,135.66567993164062
1122,4.001511573791504,1.5351115465164185,135.52976989746094
1123,4.022311687469482,1.5680593252182007,135.39576721191406
1124,4.04616117477417,1.5954376459121704,135.25930786132812
1125,4.069690704345703,1.6263384819030762,135.12237548828125
1126,4.093445301055908,1.653603196144104,134.98854064941406
1127,4.113838195800781,1.6858376264572144,134.8549041748047
1128,4.1383161544799805,1.7190195322036743,134.7246856689453
1129,4.163453102111816,1.7482995986938477,134.5929718017578
1130,4.1820549964904785,1.7735882997512817,134.46246337890625
1131,4.203831195831299,1.802949070930481,134.32872009277344
1132,4.222634792327881,1.8343288898468018,134.19712829589844
1133,4.245993614196777,1.8630783557891846,134.06336975097656
1134,4.267106056213379,1.8970122337341309,133.92759704589844
1135,4.285977840423584,1.9286049604415894,133.79696655273438
1136,4.308434963226318,1.9610196352005005,133.665283203125
1137,4.332160472869873,1.9912060499191284,133.53717041015625
1138,4.34971284866333,2.0186707973480225,133.40420532226562
1139,4.369636535644531,2.0505566596984863,133.2729949951172
1140,4.390944480895996,2.0832712650299072,133.14315795898438
1141,4.41000509262085,2.114595651626587,133.0139617919922
1142,4.4328742027282715,2.1371545791625977,132.88427734375
1143,4.4539594650268555,2.1637628078460693,132.75204467773438
1144,4.473855018615723,2.1968343257904053,132.619384765625
1145,4.49296760559082,2.224036455154419,132.4921112060547
1146,4.50989294052124,2.255112648010254,132.363037109375
1147,4.5237250328063965,2.2830164432525635,132.23643493652344
1148,4.54092264175415,2.3144490718841553,132.1077880859375
1149,4.556427001953125,2.3439860343933105,131.9773406982422
1150,4.573726654052734,2.379631519317627,131.85321044921875
1151,4.590550422668457,2.408559560775757,131.72657775878906
1152,4.604992866516113,2.4371047019958496,131.59796142578125
1153,4.622195720672607,2.4690513610839844,131.470458984375
1154,4.63855504989624,2.4964230060577393,131.34201049804688
1155,4.657148838043213,2.525096893310547,131.21804809570312
1156,4.677041530609131,2.5559310913085938,131.0909881591797
1157,4.695160388946533,2.5876827239990234,130.964599609375
1158,4.710996627807617,2.625546932220459,130.8345947265625
1159,4.730570316314697,2.6582350730895996,130.70448303222656
1160,4.7486772537231445,2.685105562210083,130.57562255859375
1161,4.764286994934082,2.7177650928497314,130.45005798339844
1162,4.784191608428955,2.751809597015381,130.3264617919922
1163,4.803677558898926,2.775503396987915,130.20286560058594
1164,4.821171283721924,2.799778461456299,130.0789337158203
1165,4.842226505279541,2.8343377113342285,129.95387268066406
1166,4.859244346618652,2.8663692474365234,129.8308563232422
1167,4.874679088592529,2.8964004516601562,129.7040557861328
1168,4.892220973968506,2.923093557357788,129.58050537109375
1169,4.908313751220703,2.9521801471710205,129.4563446044922
1170,4.92019510269165,2.981372833251953,129.33201599121094
1171,4.939784526824951,3.0111262798309326,129.21231079101562
1172,4.963743209838867,3.0444695949554443,129.09706115722656
1173,4.977325439453125,3.076647996902466,128.97837829589844
1174,4.99431848526001,3.104782819747925,128.85531616210938
1175,5.00835657119751,3.1371450424194336,128.73226928710938
1176,5.019716262817383,3.164628267288208,128.60984802246094
1177,5.034876823425293,3.1986241340637207,128.4901123046875
1178,5.052249908447266,3.2332825660705566,128.37322998046875
1179,5.0701470375061035,3.264735698699951,128.25587463378906
1180,5.082194805145264,3.2927029132843018,128.13389587402344
1181,5.101314067840576,3.324462890625,128.01296997070312
1182,5.111545562744141,3.3592848777770996,127.88572692871094
1183,5.129248142242432,3.3859591484069824,127.7656021118164
1184,5.147871971130371,3.412954330444336,127.64212799072266
1185,5.162443161010742,3.438495635986328,127.52061462402344
1186,5.1783318519592285,3.461319923400879,127.3995132446289
1187,5.195970058441162,3.4888644218444824,127.27965545654297
1188,5.207892417907715,3.517346143722534,127.15792846679688
1189,5.22645378112793,3.5454280376434326,127.03599548339844
1190,5.238114833831787,3.5756380558013916,126.91798400878906
1191,5.249842643737793,3.6032543182373047,126.79576110839844
1192,5.260501861572266,3.6385138034820557,126.67333221435547
1193,5.274278163909912,3.6711478233337402,126.55440521240234
1194,5.281744003295898,3.7039599418640137,126.4366226196289
1195,5.293776512145996,3.732560634613037,126.31632232666016
1196,5.309527397155762,3.7646782398223877,126.19523620605469
1197,5.321536540985107,3.7982017993927,126.07490539550781
1198,5.336738109588623,3.833059072494507,125.9560546875
1199,5.355977535247803,3.8634722232818604,125.84115600585938
1200,5.367641448974609,3.8955390453338623,125.7275390625
1201,5.379187107086182,3.928497314453125,125.60736846923828
1202,5.392241954803467,3.959259510040283,125.49212646484375
1203,5.4070539474487305,3.987605333328247,125.37589263916016
1204,5.418331623077393,4.0190019607543945,125.25687408447266
1205,5.427789688110352,4.050699710845947,125.14063262939453
1206,5.4400434494018555,4.084217548370361,125.02307891845703
1207,5.454593181610107,4.115359306335449,124.9033432006836
1208,5.4731340408325195,4.144148826599121,124.78480529785156
1209,5.487457752227783,4.175607204437256,124.66863250732422
1210,5.499756813049316,4.206477642059326,124.5541000366211
1211,5.515632629394531,4.235472202301025,124.44078063964844
1212,5.527837753295898,4.261832237243652,124.32756042480469
1213,5.540310382843018,4.297226905822754,124.20721435546875
1214,5.549610137939453,4.331274032592773,124.09288024902344
1215,5.556460380554199,4.369045734405518,123.97261047363281
1216,5.571871280670166,4.3994646072387695,123.8606185913086
1217,5.5885539054870605,4.431817054748535,123.74446105957031
1218,5.602497577667236,4.459634304046631,123.63105773925781
1219,5.6158952713012695,4.486189365386963,123.51820373535156
1220,5.626166820526123,4.516721725463867,123.39984130859375
1221,5.637137413024902,4.549070358276367,123.28630065917969
1222,5.6500630378723145,4.583021640777588,123.17161560058594
1223,5.663052082061768,4.613367557525635,123.06196594238281
1224,5.672532081604004,4.647216796875,122.9506607055664
1225,5.683491230010986,4.681434631347656,122.83697509765625
1226,5.69861364364624,4.708555221557617,122.7238998413086
1227,5.713547229766846,4.738762378692627,122.6126708984375
1228,5.726090908050537,4.770155906677246,122.50127410888672
1229,5.739123344421387,4.8021979331970215,122.39153289794922
1230,5.748919486999512,4.836650371551514,122.28124237060547
1231,5.752899646759033,4.872462272644043,122.16413116455078
1232,5.765571117401123,4.89890193939209,122.05476379394531
1233,5.7759222984313965,4.926978588104248,121.94168090820312
1234,5.783271789550781,4.954556465148926,121.82807159423828
1235,5.791153430938721,4.980450630187988,121.71614074707031
1236,5.799043655395508,5.013128280639648,121.6039047241211
1237,5.814614772796631,5.043336868286133,121.49163055419922
1238,5.824863910675049,5.074172019958496,121.38028717041016
1239,5.835552215576172,5.101544380187988,121.26699829101562
1240,5.843635082244873,5.134668350219727,121.15400695800781
1241,5.851887226104736,5.169447898864746,121.04234313964844
1242,5.860915660858154,5.201277732849121,120.93251037597656
1243,5.871283531188965,5.227477550506592,120.82396697998047
1244,5.880539894104004,5.252921104431152,120.7130355834961
1245,5.88603401184082,5.285039901733398,120.60492706298828
1246,5.89379358291626,5.312338352203369,120.49873352050781
1247,5.904339790344238,5.339106559753418,120.38956451416016
1248,5.915342330932617,5.371413230895996,120.28143310546875
1249,5.924078941345215,5.399345874786377,120.17137145996094
1250,5.93383264541626,5.426907539367676,120.06060028076172
1251,5.942788600921631,5.456274509429932,119.94788360595703
1252,5.947187900543213,5.490786552429199,119.8385238647461
1253,5.961267471313477,5.521327018737793,119.73326110839844
1254,5.972165107727051,5.55134916305542,119.62958526611328
1255,5.979981422424316,5.580202102661133,119.52128601074219
1256,5.988867282867432,5.613621234893799,119.40984344482422
1257,6.0010528564453125,5.6410441398620605,119.29621887207031
1258,6.006311416625977,5.67436408996582,119.18456268310547
1259,6.013818740844727,5.701340675354004,119.07508087158203
1260,6.019002914428711,5.735804080963135,118.96210479736328
1261,6.031604766845703,5.767400741577148,118.85645294189453
1262,6.040940761566162,5.795257568359375,118.75018310546875
1263,6.049643516540527,5.828609943389893,118.6415023803711
1264,6.06032657623291,5.8563103675842285,118.53409576416016
1265,6.069465637207031,5.883823394775391,118.42646789550781
1266,6.075913906097412,5.916574954986572,118.31814575195312
1267,6.085087299346924,5.953496932983398,118.21539306640625
1268,6.094903945922852,5.985100269317627,118.10425567626953
1269,6.10713005065918,6.012685298919678,118.00125122070312
1270,6.116425037384033,6.037841796875,117.89694213867188
1271,6.132140159606934,6.063264846801758,117.79564666748047
1272,6.139864444732666,6.096328258514404,117.68900299072266
1273,6.148874759674072,6.132395267486572,117.58263397216797
1274,6.15861177444458,6.159720420837402,117.47747039794922
1275,6.166167736053467,6.189647674560547,117.36985778808594
1276,6.174891471862793,6.217853546142578,117.26493072509766
1277,6.181568622589111,6.242305755615234,117.15753936767578
1278,6.188309192657471,6.271319389343262,117.05065155029297
1279,6.197766304016113,6.300906658172607,116.94647979736328
1280,6.206699848175049,6.333617210388184,116.8392105102539
1281,6.215306758880615,6.359557151794434,116.74040985107422
1282,6.2240705490112305,6.391018390655518,116.6357421875
1283,6.234709739685059,6.4201836585998535,116.52799224853516
1284,6.240658283233643,6.448859691619873,116.4216537475586
1285,6.248924255371094,6.481479644775391,116.31405639648438
1286,6.255194187164307,6.519716262817383,116.20712280273438
1287,6.255999565124512,6.5554680824279785,116.10204315185547
1288,6.266307830810547,6.589539051055908,115.99916076660156
1289,6.280270576477051,6.620691776275635,115.89558410644531
1290,6.2832489013671875,6.650057792663574,115.7881851196289
1291,6.295887470245361,6.682832717895508,115.68632507324219
1292,6.3003315925598145,6.714496612548828,115.58116149902344
1293,6.305224418640137,6.748712062835693,115.47643280029297
1294,6.3130950927734375,6.77965784072876,115.370361328125
1295,6.314640522003174,6.805488586425781,115.26385498046875
1296,6.317109107971191,6.8378586769104,115.15736389160156
1297,6.3285698890686035,6.865228652954102,115.05772399902344
1298,6.334980010986328,6.8924784660339355,114.95574951171875
1299,6.342227458953857,6.921096324920654,114.85091400146484
1300,6.341870307922363,6.952602863311768,114.7486801147461
1301,6.34705114364624,6.989620208740234,114.64478302001953
1302,6.3578996658325195,7.023679733276367,114.54132843017578
1303,6.360333442687988,7.055323123931885,114.43778991699219
1304,6.365379810333252,7.08132266998291,114.33771514892578
1305,6.372921943664551,7.110474586486816,114.2383804321289
1306,6.378684997558594,7.137494087219238,114.13811492919922
1307,6.385190486907959,7.164892673492432,114.03376770019531
1308,6.388813495635986,7.195639610290527,113.93112182617188
1309,6.396237850189209,7.225409030914307,113.83125305175781
1310,6.4029364585876465,7.254093647003174,113.73033142089844
1311,6.404601097106934,7.2814412117004395,113.62457275390625
1312,6.410781383514404,7.314175605773926,113.52113342285156
1313,6.4166412353515625,7.345254898071289,113.41883850097656
1314,6.421871662139893,7.374195575714111,113.32071685791016
1315,6.4249749183654785,7.403010368347168,113.21688842773438
1316,6.42620325088501,7.429626941680908,113.11878204345703
1317,6.42925500869751,7.457178115844727,113.02134704589844
1318,6.4339823722839355,7.483008861541748,112.92098236083984
1319,6.442333221435547,7.51299524307251,112.81687927246094
1320,6.449431896209717,7.540449142456055,112.71489715576172
1321,6.462188720703125,7.57096529006958,112.61801147460938
1322,6.465847015380859,7.5994415283203125,112.51734924316406
1323,6.4702372550964355,7.6279520988464355,112.41719818115234
1324,6.476963043212891,7.655644416809082,112.3204574584961
1325,6.483493328094482,7.687066078186035,112.2205581665039
1326,6.487514972686768,7.714511394500732,112.11870574951172
1327,6.490939617156982,7.747084617614746,112.01828002929688
1328,6.49709415435791,7.777496337890625,111.91732025146484
1329,6.50331449508667,7.806005477905273,111.8201904296875
1330,6.509037017822266,7.834036827087402,111.72367095947266
1331,6.511282920837402,7.864479064941406,111.62295532226562
1332,6.518293857574463,7.895005702972412,111.52577209472656
1333,6.523685455322266,7.927946090698242,111.42527770996094
1334,6.528846740722656,7.9578022956848145,111.32673645019531
1335,6.536107063293457,7.993747711181641,111.2282943725586
1336,6.5429582595825195,8.025718688964844,111.1323471069336
1337,6.54379415512085,8.062568664550781,111.03187561035156
1338,6.541876316070557,8.097579002380371,110.93074035644531
1339,6.545577526092529,8.128049850463867,110.83570098876953
1340,6.551992416381836,8.155441284179688,110.73566436767578
1341,6.553230285644531,8.188150405883789,110.63896942138672
1342,6.560952186584473,8.212461471557617,110.54136657714844
1343,6.562549114227295,8.244683265686035,110.44181060791016
1344,6.564335823059082,8.273421287536621,110.3443374633789
1345,6.5673956871032715,8.302319526672363,110.24630737304688
1346,6.572959899902344,8.334330558776855,110.14904022216797
1347,6.579249382019043,8.360279083251953,110.05180358886719
1348,6.5840163230896,8.388864517211914,109.953857421875
1349,6.585772514343262,8.4176664352417,109.85651397705078
1350,6.594130039215088,8.452262878417969,109.76000213623047
1351,6.597275257110596,8.482250213623047,109.6644058227539
1352,6.596127033233643,8.513093948364258,109.56916809082031
1353,6.5990986824035645,8.54511833190918,109.47418975830078
1354,6.60024356842041,8.571147918701172,109.38101196289062
1355,6.606816291809082,8.601483345031738,109.28802490234375
1356,6.614017009735107,8.632209777832031,109.18992614746094
1357,6.617072105407715,8.659650802612305,109.0915298461914
1358,6.621135711669922,8.688678741455078,108.99425506591797
1359,6.626056671142578,8.716110229492188,108.8991928100586
1360,6.626903533935547,8.745532989501953,108.80029296875
1361,6.631139755249023,8.777006149291992,108.70504760742188
1362,6.634440898895264,8.805688858032227,108.60709381103516
1363,6.6343092918396,8.835789680480957,108.5097427368164
1364,6.632322788238525,8.864533424377441,108.41187286376953
1365,6.636291027069092,8.892460823059082,108.31622314453125
1366,6.639923572540283,8.925609588623047,108.22118377685547
1367,6.6397223472595215,8.954887390136719,108.12501525878906
1368,6.645408630371094,8.981324195861816,108.03095245361328
1369,6.651483535766602,9.007735252380371,107.94232177734375
1370,6.657555103302002,9.031848907470703,107.84892272949219
1371,6.659396171569824,9.061185836791992,107.75686645507812
1372,6.660285949707031,9.093862533569336,107.65884399414062
1373,6.661402225494385,9.115897178649902,107.5631103515625
1374,6.662572860717773,9.147022247314453,107.46621704101562
1375,6.663017749786377,9.170696258544922,107.37142181396484
1376,6.663547039031982,9.200812339782715,107.28053283691406
1377,6.669219493865967,9.23865032196045,107.18559265136719
1378,6.674055099487305,9.266383171081543,107.09675598144531
1379,6.685684680938721,9.298263549804688,107.0009994506836
1380,6.690372943878174,9.328287124633789,106.90989685058594
1381,6.68997859954834,9.359350204467773,106.8177261352539
1382,6.70103645324707,9.389511108398438,106.7253646850586
1383,6.700379848480225,9.41968059539795,106.62887573242188
1384,6.704611301422119,9.447893142700195,106.53658294677734
1385,6.701676368713379,9.481242179870605,106.43711853027344
1386,6.703836917877197,9.508199691772461,106.3421630859375
1387,6.707836151123047,9.53711986541748,106.24909973144531
1388,6.707923889160156,9.565574645996094,106.15089416503906
1389,6.708323001861572,9.593743324279785,106.05824279785156
1390,6.708198070526123,9.623629570007324,105.96414184570312
1391,6.709258079528809,9.655137062072754,105.869384765625
1392,6.709016799926758,9.684890747070312,105.77672576904297
1393,6.713840007781982,9.710042953491211,105.68421936035156
1394,6.716674327850342,9.727965354919434,105.59664154052734
1395,6.712347984313965,9.755434036254883,105.49594116210938
1396,6.716151714324951,9.790114402770996,105.4026870727539
1397,6.723845958709717,9.816676139831543,105.31147766113281
1398,6.7279372215271,9.843368530273438,105.22229766845703
1399,6.727376461029053,9.869482040405273,105.12540435791016
1400,6.727899551391602,9.89567756652832,105.0350341796875
1401,6.72461462020874,9.924888610839844,104.9423599243164
1402,6.72548770904541,9.953950881958008,104.85216522216797
1403,6.728846073150635,9.982756614685059,104.76161193847656
1404,6.739064693450928,10.010757446289062,104.67137145996094
1405,6.739989757537842,10.03896427154541,104.58171844482422
1406,6.746183395385742,10.065160751342773,104.49324035644531
1407,6.748213291168213,10.091734886169434,104.40217590332031
1408,6.749813556671143,10.121140480041504,104.3107681274414
1409,6.755245208740234,10.145596504211426,104.21891784667969
1410,6.759746551513672,10.173402786254883,104.1260757446289
1411,6.7647504806518555,10.200373649597168,104.03681945800781
1412,6.767431735992432,10.230063438415527,103.943603515625
1413,6.773391246795654,10.254510879516602,103.85366821289062
1414,6.774295330047607,10.285476684570312,103.76499938964844
1415,6.771462440490723,10.317720413208008,103.67478942871094
1416,6.77160120010376,10.344099044799805,103.5858154296875
1417,6.774962425231934,10.367612838745117,103.4990005493164
1418,6.777387619018555,10.397477149963379,103.4047622680664
1419,6.780111312866211,10.42624282836914,103.31967163085938
1420,6.781785011291504,10.457300186157227,103.23062133789062
1421,6.78141975402832,10.486745834350586,103.14213562011719
1422,6.785646915435791,10.515385627746582,103.0518569946289
1423,6.793349742889404,10.538232803344727,102.96124267578125
1424,6.793432235717773,10.559972763061523,102.87123107910156
1425,6.791679382324219,10.585110664367676,102.77922058105469
1426,6.791492462158203,10.622178077697754,102.68800354003906
1427,6.795597076416016,10.645004272460938,102.59886169433594
1428,6.795519828796387,10.667530059814453,102.5105209350586
1429,6.797767639160156,10.701338768005371,102.41992950439453
1430,6.79866886138916,10.723780632019043,102.33023071289062
1431,6.798140048980713,10.746618270874023,102.24205017089844
1432,6.801902770996094,10.774286270141602,102.15772247314453
1433,6.806900978088379,10.80219841003418,102.0665283203125
1434,6.808872699737549,10.835183143615723,101.97944641113281
1435,6.810652732849121,10.863777160644531,101.89094543457031
1436,6.808739185333252,10.894220352172852,101.79389953613281
1437,6.807886123657227,10.922374725341797,101.70243835449219
1438,6.805336952209473,10.950695037841797,101.61425018310547
1439,6.808044910430908,10.976061820983887,101.52635955810547
1440,6.810227870941162,11.004271507263184,101.43841552734375
1441,6.810284614562988,11.030681610107422,101.3517837524414
1442,6.812353610992432,11.055641174316406,101.2632064819336
1443,6.811309814453125,11.08167839050293,101.17477416992188
1444,6.807313442230225,11.111039161682129,101.08346557617188
1445,6.8032097816467285,11.143213272094727,100.99481964111328
1446,6.806687355041504,11.173795700073242,100.90825653076172
1447,6.806167125701904,11.204194068908691,100.8263168334961
1448,6.808318138122559,11.229388236999512,100.74143981933594
1449,6.8111090660095215,11.258051872253418,100.6563491821289
1450,6.815633296966553,11.285873413085938,100.56890869140625
1451,6.819428443908691,11.3106050491333,100.48417663574219
1452,6.8211517333984375,11.336933135986328,100.40264892578125
1453,6.8206281661987305,11.365424156188965,100.31267547607422
1454,6.8163628578186035,11.401022911071777,100.2220687866211
1455,6.8170599937438965,11.429876327514648,100.13114166259766
1456,6.821811676025391,11.457499504089355,100.0436019897461
1457,6.822451591491699,11.483816146850586,99.95759582519531
1458,6.824897766113281,11.513838768005371,99.87493896484375
1459,6.822294235229492,11.54395580291748,99.7852554321289
1460,6.822868824005127,11.568877220153809,99.69927978515625
1461,6.821398735046387,11.59482479095459,99.61419677734375
1462,6.816064357757568,11.623363494873047,99.52730560302734
1463,6.819133281707764,11.652097702026367,99.43408966064453
1464,6.815271854400635,11.6813325881958,99.35069274902344
1465,6.8174848556518555,11.706819534301758,99.26565551757812
1466,6.8157830238342285,11.737969398498535,99.18305969238281
1467,6.818782329559326,11.761983871459961,99.09967041015625
1468,6.815783977508545,11.786650657653809,99.01258087158203
1469,6.817193508148193,11.816333770751953,98.9288101196289
1470,6.820271968841553,11.841412544250488,98.84575653076172
1471,6.823720932006836,11.867088317871094,98.75760650634766
1472,6.822317123413086,11.894904136657715,98.67111206054688
1473,6.822750568389893,11.919750213623047,98.58650207519531
1474,6.8231635093688965,11.945764541625977,98.50318145751953
1475,6.819953918457031,11.97681999206543,98.42212677001953
1476,6.817904472351074,12.000792503356934,98.33744049072266
1477,6.818090438842773,12.024672508239746,98.24849700927734
1478,6.8196120262146,12.049046516418457,98.16620635986328
1479,6.818580627441406,12.079126358032227,98.08301544189453
1480,6.815197467803955,12.105790138244629,97.9979476928711
1481,6.816237926483154,12.133845329284668,97.91411590576172
1482,6.815788745880127,12.158320426940918,97.82962799072266
1483,6.816389083862305,12.188543319702148,97.74396514892578
1484,6.814432621002197,12.217802047729492,97.65692901611328
1485,6.814327716827393,12.244915962219238,97.56767272949219
1486,6.816281318664551,12.270490646362305,97.48368835449219
1487,6.820563316345215,12.295860290527344,97.3974838256836
1488,6.81545352935791,12.315875053405762,97.30838012695312
1489,6.815927982330322,12.34280776977539,97.22564697265625
1490,6.810641288757324,12.370461463928223,97.13937377929688
1491,6.8123908042907715,12.401067733764648,97.05583953857422
1492,6.813564300537109,12.430468559265137,96.97159576416016
1493,6.811307430267334,12.45411491394043,96.88895416259766
1494,6.806602954864502,12.483538627624512,96.80123138427734
1495,6.806628227233887,12.509756088256836,96.72061920166016
1496,6.805292129516602,12.539485931396484,96.6380386352539
1497,6.802031517028809,12.566122055053711,96.55400085449219
1498,6.804198265075684,12.58657169342041,96.46878051757812
1499,6.803628921508789,12.617609977722168,96.38643646240234
