idx,ch0,ch1,ch2_throttle,ch3,ch4,ch5_autolander,ch6,ch7
0,1421,1421,1438,1421,1421,775,1421,1421
1,1421,1421,1437,1421,1421,775,1421,1421
2,1421,1421,1437,1421,1421,775,1421,1421
3,1421,1421,1437,1421,1421,775,1421,1421
4,1421,1421,1438,1421,1421,775,1421,1421
5,1421,1421,1438,1421,1421,775,1421,1421
6,1421,1421,1437,1421,1421,775,1421,1421
7,1421,1421,1437,1421,1421,775,1421,1421
8,1421,1421,1437,1421,1421,775,1421,1421
9,1421,1421,1438,1421,1421,775,1421,1421
10,1421,1421,1437,1421,1421,775,1421,1421
11,1421,1421,1437,1421,1421,775,1421,1421
12,1421,1421,1438,1421,1421,775,1421,1421
13,1421,1421,1438,1421,1421,775,1421,1421
14,1421,1421,1437,1421,1421,775,1421,1421
15,1421,1421,1437,1421,1421,775,1421,1421
16,1421,1421,1437,1421,1421,775,1421,1421
17,1421,1421,1438,1421,1421,775,1421,1421
18,1421,1421,1437,1421,1421,775,1421,1421
19,1421,1421,1437,1421,1421,775,1421,1421
20,1421,1421,1437,1421,1421,775,1421,1421
21,1421,1421,1437,1421,1421,775,1421,1421
22,1421,1421,1438,1421,1421,775,1421,1421
23,1421,1421,1437,1421,1421,775,1421,1421
24,1421,1421,1438,1421,1421,775,1421,1421
25,1421,1421,1437,1421,1421,775,1421,1421
26,1421,1421,1437,1421,1421,775,1421,1421
27,1421,1421,1438,1421,1421,775,1421,1421
28,1421,1421,1438,1421,1421,775,1421,1421
29,1421,1421,1438,1421,1421,775,1421,1421
30,1421,1421,1437,1421,1421,775,1421,1421
31,1421,1421,1438,1421,1421,775,1421,1421
32,1421,1421,1437,1421,1421,775,1421,1421
33,1421,1421,1437,1421,1421,775,1421,1421
34,1421,1421,1438,1421,1421,775,1421,1421
35,1421,1421,1438,1421,1421,775,1421,1421
36,1421,1421,1437,1421,1421,775,1421,1421
37,1421,1421,1438,1421,1421,775,1421,1421
38,1421,1421,1437,1421,1421,775,1421,1421
39,1421,1421,1438,1421,1421,775,1421,1421
40,1421,1421,1437,1421,1421,775,1421,1421
41,1421,1421,1438,1421,1421,775,1421,1421
42,1421,1421,1438,1421,1421,775,1421,1421
43,1421,1421,1438,1421,1421,775,1421,1421
44,1421,1421,1437,1421,1421,775,1421,1421
45,1421,1421,1438,1421,1421,775,1421,1421
46,1421,1421,1437,1421,1421,775,1421,1421
47,1421,1421,1437,1421,1421,775,1421,1421
48,1421,1421,1438,1421,1421,775,1421,1421
49,1421,1421,1437,1421,1421,775,1421,1421
50,1421,1421,1438,1421,1421,775,1421,1421
51,1421,1421,1437,1421,1421,775,1421,1421
52,1421,1421,1437,1421,1421,775,1421,1421
53,1421,1421,1437,1421,1421,775,1421,1421
54,1421,1421,1437,1421,1421,775,1421,1421
55,1421,1421,1438,1421,1421,775,1421,1421
56,1421,1421,1438,1421,1421,775,1421,1421
57,1421,1421,1438,1421,1421,775,1421,1421
58,1421,1421,1438,1421,1421,775,1421,1421
59,1421,1421,1438,1421,1421,775,1421,1421
60,1421,1421,1438,1421,1421,775,1421,1421
61,1421,1421,1437,1421,1421,775,1421,1421
62,1421,1421,1437,1421,1421,775,1421,1421
63,1421,1421,1438,1421,1421,775,1421,1421
64,1421,1421,1438,1421,1421,775,1421,1421
65,1421,1421,1437,1421,1421,775,1421,1421
66,1421,1421,1437,1421,1421,775,1421,1421
67,1421,1421,1438,1421,1421,775,1421,1421
68,1421,1421,1438,1421,1421,775,1421,1421
69,1421,1421,1437,1421,1421,775,1421,1421
70,1421,1421,1437,1421,1421,775,1421,1421
71,1421,1421,1438,1421,1421,775,1421,1421
72,1421,1421,1438,1421,1421,775,1421,1421
73,1421,1421,1437,1421,1421,775,1421,1421
74,1421,1421,1438,1421,1421,775,1421,1421
75,1421,1421,1438,1421,1421,775,1421,1421
76,1421,1421,1437,1421,1421,775,1421,1421
77,1421,1421,1438,1421,1421,775,1421,1421
78,1421,1421,1438,1421,1421,775,1421,1421
79,1421,1421,1438,1421,1421,775,1421,1421
80,1421,1421,1437,1421,1421,775,1421,1421
81,1421,1421,1437,1421,1421,775,1421,1421
82,1421,1421,1437,1421,1421,775,1421,1421
83,1421,1421,1437,1421,1421,775,1421,1421
84,1421,1421,1437,1421,1421,775,1421,1421
85,1421,1421,1437,1421,1421,775,1421,1421
86,1421,1421,1438,1421,1421,775,1421,1421
87,1421,1421,1438,1421,1421,775,1421,1421
88,1421,1421,1437,1421,1421,775,1421,1421
89,1421,1421,1437,1421,1421,775,1421,1421
90,1421,1421,1438,1421,1421,775,1421,1421
91,1421,1421,1438,1421,1421,775,1421,1421
92,1421,1421,1438,1421,1421,775,1421,1421
93,1421,1421,1437,1421,1421,775,1421,1421
94,1421,1421,1438,1421,1421,775,1421,1421
95,1421,1421,1438,1421,1421,775,1421,1421
96,1421,1421,1438,1421,1421,775,1421,1421
97,1421,1421,1437,1421,1421,775,1421,1421
98,1421,1421,1438,1421,1421,775,1421,1421
99,1421,1421,1437,1421,1421,775,1421,1421
100,1421,1421,1438,1421,1421,775,1421,1421
101,1421,1421,1438,1421,1421,775,1421,1421
102,1421,1421,1438,1421,1421,775,1421,1421
103,1421,1421,1437,1421,1421,775,1421,1421
104,1421,1421,1438,1421,1421,775,1421,1421
105,1421,1421,1438,1421,1421,775,1421,1421
106,1421,1421,1437,1421,1421,775,1421,1421
107,1421,1421,1437,1421,1421,775,1421,1421
108,1421,1421,1438,1421,1421,775,1421,1421
109,1421,1421,1437,1421,1421,775,1421,1421
110,1421,1421,1438,1421,1421,775,1421,1421
111,1421,1421,1438,1421,1421,775,1421,1421
112,1421,1421,1438,1421,1421,775,1421,1421
113,1421,1421,1437,1421,1421,775,1421,1421
114,1421,1421,1437,1421,1421,775,1421,1421
115,1421,1421,1437,1421,1421,775,1421,1421
116,1421,1421,1437,1421,1421,775,1421,1421
117,1421,1421,1437,1421,1421,775,1421,1421
118,1421,1421,1438,1421,1421,775,1421,1421
119,1421,1421,1438,1421,1421,775,1421,1421
120,1421,1421,1437,1421,1421,775,1421,1421
121,1421,1421,1437,1421,1421,775,1421,1421
122,1421,1421,1438,1421,1421,775,1421,1421
123,1421,1421,1437,1421,1421,775,1421,1421
124,1421,1421,1438,1421,1421,775,1421,1421
125,1421,1421,1437,1421,1421,775,1421,1421
126,1421,1421,1438,1421,1421,775,1421,1421
127,1421,1421,1438,1421,1421,775,1421,1421
128,1421,1421,1437,1421,1421,775,1421,1421
129,1421,1421,1438,1421,1421,775,1421,1421
130,1421,1421,1438,1421,1421,775,1421,1421
131,1421,1421,1438,1421,1421,775,1421,1421
132,1421,1421,1438,1421,1421,775,1421,1421
133,1421,1421,1437,1421,1421,775,1421,1421
134,1421,1421,1438,1421,1421,775,1421,1421
135,1421,1421,1437,1421,1421,775,1421,1421
136,1421,1421,1437,1421,1421,775,1421,1421
137,1421,1421,1437,1421,1421,775,1421,1421
138,1421,1421,1437,1421,1421,775,1421,1421
139,1421,1421,1438,1421,1421,775,1421,1421
140,1421,1421,1438,1421,1421,775,1421,1421
141,1421,1421,1438,1421,1421,775,1421,1421
142,1421,1421,1438,1421,1421,775,1421,1421
143,1421,1421,1438,1421,1421,775,1421,1421
144,1421,1421,1437,1421,1421,775,1421,1421
145,1421,1421,1437,1421,1421,775,1421,1421
146,1421,1421,1438,1421,1421,775,1421,1421
147,1421,1421,1437,1421,1421,775,1421,1421
148,1421,1421,1438,1421,1421,775,1421,1421
149,1421,1421,1438,1421,1421,775,1421,1421
150,1421,1421,1437,1421,1421,775,1421,1421
151,1421,1421,1437,1421,1421,775,1421,1421
152,1421,1421,1437,1421,1421,775,1421,1421
153,1421,1421,1438,1421,1421,775,1421,1421
154,1421,1421,1438,1421,1421,775,1421,1421
155,1421,1421,1437,1421,1421,775,1421,1421
156,1421,1421,1437,1421,1421,775,1421,1421
157,1421,1421,1437,1421,1421,775,1421,1421
158,1421,1421,1438,1421,1421,775,1421,1421
159,1421,1421,1437,1421,1421,775,1421,1421
160,1421,1421,1437,1421,1421,775,1421,1421
161,1421,1421,1438,1421,1421,775,1421,1421
162,1421,1421,1437,1421,1421,775,1421,1421
163,1421,1421,1437,1421,1421,775,1421,1421
164,1421,1421,1438,1421,1421,775,1421,1421
165,1421,1421,1438,1421,1421,775,1421,1421
166,1421,1421,1437,1421,1421,775,1421,1421
167,1421,1421,1438,1421,1421,775,1421,1421
168,1421,1421,1438,1421,1421,775,1421,1421
169,1421,1421,1438,1421,1421,775,1421,1421
170,1421,1421,1437,1421,1421,775,1421,1421
171,1421,1421,1437,1421,1421,775,1421,1421
172,1421,1421,1437,1421,1421,775,1421,1421
173,1421,1421,1437,1421,1421,775,1421,1421
174,1421,1421,1438,1421,1421,775,1421,1421
175,1421,1421,1438,1421,1421,775,1421,1421
176,1421,1421,1438,1421,1421,775,1421,1421
177,1421,1421,1438,1421,1421,775,1421,1421
178,1421,1421,1438,1421,1421,775,1421,1421
179,1421,1421,1438,1421,1421,775,1421,1421
180,1421,1421,1437,1421,1421,775,1421,1421
181,1421,1421,1437,1421,1421,775,1421,1421
182,1421,1421,1437,1421,1421,775,1421,1421
183,1421,1421,1438,1421,1421,775,1421,1421
184,1421,1421,1437,1421,1421,775,1421,1421
185,1421,1421,1438,1421,1421,775,1421,1421
186,1421,1421,1438,1421,1421,775,1421,1421
187,1421,1421,1438,1421,1421,775,1421,1421
188,1421,1421,1437,1421,1421,775,1421,1421
189,1421,1421,1438,1421,1421,775,1421,1421
190,1421,1421,1438,1421,1421,775,1421,1421
191,1421,1421,1438,1421,1421,775,1421,1421
192,1421,1421,1437,1421,1421,775,1421,1421
193,1421,1421,1437,1421,1421,775,1421,1421
194,1421,1421,1438,1421,1421,775,1421,1421
195,1421,1421,1438,1421,1421,775,1421,1421
196,1421,1421,1437,1421,1421,775,1421,1421
197,1421,1421,1437,1421,1421,775,1421,1421
198,1421,1421,1438,1421,1421,775,1421,1421
199,1421,1421,1437,1421,1421,775,1421,1421
200,1421,1421,1438,1421,1421,775,1421,1421
201,1421,1421,1437,1421,1421,775,1421,1421
202,1421,1421,1438,1421,1421,775,1421,1421
203,1421,1421,1437,1421,1421,775,1421,1421
204,1421,1421,1437,1421,1421,775,1421,1421
205,1421,1421,1437,1421,1421,775,1421,1421
206,1421,1421,1438,1421,1421,775,1421,1421
207,1421,1421,1437,1421,1421,775,1421,1421
208,1421,1421,1437,1421,1421,775,1421,1421
209,1421,1421,1437,1421,1421,775,1421,1421
210,1421,1421,1437,1421,1421,775,1421,1421
211,1421,1421,1437,1421,1421,775,1421,1421
212,1421,1421,1438,1421,1421,775,1421,1421
213,1421,1421,1438,1421,1421,775,1421,1421
214,1421,1421,1437,1421,1421,775,1421,1421
215,1421,1421,1438,1421,1421,775,1421,1421
216,1421,1421,1438,1421,1421,775,1421,1421
217,1421,1421,1438,1421,1421,775,1421,1421
218,1421,1421,1438,1421,1421,775,1421,1421
219,1421,1421,1437,1421,1421,775,1421,1421
220,1421,1421,1437,1421,1421,775,1421,1421
221,1421,1421,1437,1421,1421,775,1421,1421
222,1421,1421,1437,1421,1421,775,1421,1421
223,1421,1421,1438,1421,1421,775,1421,1421
224,1421,1421,1437,1421,1421,775,1421,1421
225,1421,1421,1437,1421,1421,775,1421,1421
226,1421,1421,1438,1421,1421,775,1421,1421
227,1421,1421,1437,1421,1421,775,1421,1421
228,1421,1421,1437,1421,1421,775,1421,1421
229,1421,1421,1437,1421,1421,775,1421,1421
230,1421,1421,1438,1421,1421,775,1421,1421
231,1421,1421,1438,1421,1421,775,1421,1421
232,1421,1421,1437,1421,1421,775,1421,1421
233,1421,1421,1437,1421,1421,775,1421,1421
234,1421,1421,1437,1421,1421,775,1421,1421
235,1421,1421,1438,1421,1421,775,1421,1421
236,1421,1421,1438,1421,1421,775,1421,1421
237,1421,1421,1438,1421,1421,775,1421,1421
238,1421,1421,1437,1421,1421,775,1421,1421
239,1421,1421,1438,1421,1421,775,1421,1421
240,1421,1421,1437,1421,1421,775,1421,1421
241,1421,1421,1438,1421,1421,775,1421,1421
242,1421,1421,1437,1421,1421,775,1421,1421
243,1421,1421,1437,1421,1421,775,1421,1421
244,1421,1421,1437,1421,1421,775,1421,1421
245,1421,1421,1438,1421,1421,775,1421,1421
246,1421,1421,1437,1421,1421,775,1421,1421
247,1421,1421,1438,1421,1421,775,1421,1421
248,1421,1421,1437,1421,1421,775,1421,1421
249,1421,1421,1437,1421,1421,775,1421,1421
250,1421,1421,1437,1421,1421,775,1421,1421
251,1421,1421,1437,1421,1421,775,1421,1421
252,1421,1421,1438,1421,1421,775,1421,1421
253,1421,1421,1438,1421,1421,775,1421,1421
254,1421,1421,1437,1421,1421,775,1421,1421
255,1421,1421,1438,1421,1421,775,1421,1421
256,1421,1421,1438,1421,1421,775,1421,1421
257,1421,1421,1437,1421,1421,775,1421,1421
258,1421,1421,1438,1421,1421,775,1421,1421
259,1421,1421,1437,1421,1421,775,1421,1421
260,1421,1421,1437,1421,1421,775,1421,1421
261,1421,1421,1438,1421,1421,775,1421,1421
262,1421,1421,1438,1421,1421,775,1421,1421
263,1421,1421,1438,1421,1421,775,1421,1421
264,1421,1421,1437,1421,1421,775,1421,1421
265,1421,1421,1437,1421,1421,775,1421,1421
266,1421,1421,1437,1421,1421,775,1421,1421
267,1421,1421,1437,1421,1421,775,1421,1421
268,1421,1421,1437,1421,1421,775,1421,1421
269,1421,1421,1438,1421,1421,775,1421,1421
270,1421,1421,1437,1421,1421,775,1421,1421
271,1421,1421,1438,1421,1421,775,1421,1421
272,1421,1421,1438,1421,1421,775,1421,1421
273,1421,1421,1437,1421,1421,775,1421,1421
274,1421,1421,1438,1421,1421,775,1421,1421
275,1421,1421,1438,1421,1421,775,1421,1421
276,1421,1421,1437,1421,1421,775,1421,1421
277,1421,1421,1438,1421,1421,775,1421,1421
278,1421,1421,1437,1421,1421,775,1421,1421
279,1421,1421,1438,1421,1421,775,1421,1421
280,1421,1421,1438,1421,1421,775,1421,1421
281,1421,1421,1437,1421,1421,775,1421,1421
282,1421,1421,1438,1421,1421,775,1421,1421
283,1421,1421,1438,1421,1421,775,1421,1421
284,1421,1421,1438,1421,1421,775,1421,1421
285,1421,1421,1437,1421,1421,775,1421,1421
286,1421,1421,1438,1421,1421,775,1421,1421
287,1421,1421,1438,1421,1421,775,1421,1421
288,1421,1421,1437,1421,1421,775,1421,1421
289,1421,1421,1437,1421,1421,775,1421,1421
290,1421,1421,1438,1421,1421,775,1421,1421
291,1421,1421,1437,1421,1421,775,1421,1421
292,1421,1421,1438,1421,1421,775,1421,1421
293,1421,1421,1438,1421,1421,775,1421,1421
294,1421,1421,1437,1421,1421,775,1421,1421
295,1421,1421,1437,1421,1421,775,1421,1421
296,1421,1421,1438,1421,1421,775,1421,1421
297,1421,1421,1437,1421,1421,775,1421,1421
298,1421,1421,1438,1421,1421,775,1421,1421
299,1421,1421,1438,1421,1421,775,1421,1421
300,1421,1421,1437,1421,1421,775,1421,1421
301,1421,1421,1437,1421,1421,775,1421,1421
302,1421,1421,1438,1421,1421,775,1421,1421
303,1421,1421,1438,1421,1421,775,1421,1421
304,1421,1421,1438,1421,1421,775,1421,1421
305,1421,1421,1437,1421,1421,775,1421,1421
306,1421,1421,1437,1421,1421,775,1421,1421
307,1421,1421,1438,1421,1421,775,1421,1421
308,1421,1421,1438,1421,1421,775,1421,1421
309,1421,1421,1438,1421,1421,775,1421,1421
310,1421,1421,1437,1421,1421,775,1421,1421
311,1421,1421,1437,1421,1421,775,1421,1421
312,1421,1421,1437,1421,1421,775,1421,1421
313,1421,1421,1437,1421,1421,775,1421,1421
314,1421,1421,1437,1421,1421,775,1421,1421
315,1421,1421,1438,1421,1421,775,1421,1421
316,1421,1421,1438,1421,1421,775,1421,1421
317,1421,1421,1438,1421,1421,775,1421,1421
318,1421,1421,1437,1421,1421,775,1421,1421
319,1421,1421,1438,1421,1421,775,1421,1421
320,1421,1421,1437,1421,1421,775,1421,1421
321,1421,1421,1438,1421,1421,775,1421,1421
322,1421,1421,1438,1421,1421,775,1421,1421
323,1421,1421,1437,1421,1421,775,1421,1421
324,1421,1421,1437,1421,1421,775,1421,1421
325,1421,1421,1438,1421,1421,775,1421,1421
326,1421,1421,1438,1421,1421,775,1421,1421
327,1421,1421,1438,1421,1421,775,1421,1421
328,1421,1421,1437,1421,1421,775,1421,1421
329,1421,1421,1438,1421,1421,775,1421,1421
330,1421,1421,1437,1421,1421,775,1421,1421
331,1421,1421,1438,1421,1421,775,1421,1421
332,1421,1421,1438,1421,1421,775,1421,1421
333,1421,1421,1437,1421,1421,775,1421,1421
334,1421,1421,1438,1421,1421,775,1421,1421
335,1421,1421,1438,1421,1421,775,1421,1421
336,1421,1421,1438,1421,1421,775,1421,1421
337,1421,1421,1438,1421,1421,775,1421,1421
338,1421,1421,1437,1421,1421,775,1421,1421
339,1421,1421,1437,1421,1421,775,1421,1421
340,1421,1421,1437,1421,1421,775,1421,1421
341,1421,1421,1437,1421,1421,775,1421,1421
342,1421,1421,1437,1421,1421,775,1421,1421
343,1421,1421,1437,1421,1421,775,1421,1421
344,1421,1421,1438,1421,1421,775,1421,1421
345,1421,1421,1437,1421,1421,775,1421,1421
346,1421,1421,1438,1421,1421,775,1421,1421
347,1421,1421,1438,1421,1421,775,1421,1421
348,1421,1421,1438,1421,1421,775,1421,1421
349,1421,1421,1438,1421,1421,775,1421,1421
350,1421,1421,1437,1421,1421,775,1421,1421
351,1421,1421,1438,1421,1421,775,1421,1421
352,1421,1421,1438,1421,1421,775,1421,1421
353,1421,1421,1438,1421,1421,775,1421,1421
354,1421,1421,1437,1421,1421,775,1421,1421
355,1421,1421,1438,1421,1421,775,1421,1421
356,1421,1421,1438,1421,1421,775,1421,1421
357,1421,1421,1438,1421,1421,775,1421,1421
358,1421,1421,1438,1421,1421,775,1421,1421
359,1421,1421,1437,1421,1421,775,1421,1421
360,1421,1421,1437,1421,1421,775,1421,1421
361,1421,1421,1437,1421,1421,775,1421,1421
362,1421,1421,1437,1421,1421,775,1421,1421
363,1421,1421,1438,1421,1421,775,1421,1421
364,1421,1421,1438,1421,1421,775,1421,1421
365,1421,1421,1437,1421,1421,775,1421,1421
366,1421,1421,1438,1421,1421,775,1421,1421
367,1421,1421,1438,1421,1421,775,1421,1421
368,1421,1421,1437,1421,1421,775,1421,1421
369,1421,1421,1437,1421,1421,775,1421,1421
370,1421,1421,1437,1421,1421,775,1421,1421
371,1421,1421,1437,1421,1421,775,1421,1421
372,1421,1421,1438,1421,1421,775,1421,1421
373,1421,1421,1438,1421,1421,775,1421,1421
374,1421,1421,1437,1421,1421,775,1421,1421
375,1421,1421,1438,1421,1421,775,1421,1421
376,1421,1421,1438,1421,1421,775,1421,1421
377,1421,1421,1437,1421,1421,775,1421,1421
378,1421,1421,1438,1421,1421,775,1421,1421
379,1421,1421,1437,1421,1421,775,1421,1421
380,1421,1421,1438,1421,1421,775,1421,1421
381,1421,1421,1438,1421,1421,775,1421,1421
382,1421,1421,1437,1421,1421,775,1421,1421
383,1421,1421,1437,1421,1421,775,1421,1421
384,1421,1421,1437,1421,1421,775,1421,1421
385,1421,1421,1437,1421,1421,775,1421,1421
386,1421,1421,1437,1421,1421,775,1421,1421
387,1421,1421,1438,1421,1421,775,1421,1421
388,1421,1421,1438,1421,1421,775,1421,1421
389,1421,1421,1437,1421,1421,775,1421,1421
390,1421,1421,1437,1421,1421,775,1421,1421
391,1421,1421,1437,1421,1421,775,1421,1421
392,1421,1421,1437,1421,1421,775,1421,1421
393,1421,1421,1438,1421,1421,775,1421,1421
394,1421,1421,1437,1421,1421,775,1421,1421
395,1421,1421,1438,1421,1421,775,1421,1421
396,1421,1421,1437,1421,1421,775,1421,1421
397,1421,1421,1437,1421,1421,775,1421,1421
398,1421,1421,1437,1421,1421,775,1421,1421
399,1421,1421,1437,1421,1421,775,1421,1421
400,1421,1421,1437,1421,1421,775,1421,1421
401,1421,1421,1438,1421,1421,775,1421,1421
402,1421,1421,1438,1421,1421,775,1421,1421
403,1421,1421,1437,1421,1421,775,1421,1421
404,1421,1421,1437,1421,1421,775,1421,1421
405,1421,1421,1438,1421,1421,775,1421,1421
406,1421,1421,1437,1421,1421,775,1421,1421
407,1421,1421,1437,1421,1421,775,1421,1421
408,1421,1421,1438,1421,1421,775,1421,1421
409,1421,1421,1438,1421,1421,775,1421,1421
410,1421,1421,1438,1421,1421,775,1421,1421
411,1421,1421,1437,1421,1421,775,1421,1421
412,1421,1421,1438,1421,1421,775,1421,1421
413,1421,1421,1438,1421,1421,775,1421,1421
414,1421,1421,1437,1421,1421,775,1421,1421
415,1421,1421,1438,1421,1421,775,1421,1421
416,1421,1421,1437,1421,1421,775,1421,1421
417,1421,1421,1438,1421,1421,775,1421,1421
418,1421,1421,1438,1421,1421,775,1421,1421
419,1421,1421,1438,1421,1421,775,1421,1421
420,1421,1421,1438,1421,1421,775,1421,1421
421,1421,1421,1437,1421,1421,775,1421,1421
422,1421,1421,1438,1421,1421,775,1421,1421
423,1421,1421,1438,1421,1421,775,1421,1421
424,1421,1421,1438,1421,1421,775,1421,1421
425,1421,1421,1437,1421,1421,775,1421,1421
426,1421,1421,1437,1421,1421,775,1421,1421
427,1421,1421,1438,1421,1421,775,1421,1421
428,1421,1421,1437,1421,1421,775,1421,1421
429,1421,1421,1437,1421,1421,775,1421,1421
430,1421,1421,1437,1421,1421,775,1421,1421
431,1421,1421,1437,1421,1421,775,1421,1421
432,1421,1421,1437,1421,1421,775,1421,1421
433,1421,1421,1438,1421,1421,775,1421,1421
434,1421,1421,1437,1421,1421,775,1421,1421
435,1421,1421,1438,1421,1421,775,1421,1421
436,1421,1421,1437,1421,1421,775,1421,1421
437,1421,1421,1437,1421,1421,775,1421,1421
438,1421,1421,1438,1421,1421,775,1421,1421
439,1421,1421,1438,1421,1421,775,1421,1421
440,1421,1421,1437,1421,1421,775,1421,1421
441,1421,1421,1438,1421,1421,775,1421,1421
442,1421,1421,1437,1421,1421,775,1421,1421
443,1421,1421,1438,1421,1421,775,1421,1421
444,1421,1421,1437,1421,1421,775,1421,1421
445,1421,1421,1437,1421,1421,775,1421,1421
446,1421,1421,1437,1421,1421,775,1421,1421
447,1421,1421,1437,1421,1421,775,1421,1421
448,1421,1421,1438,1421,1421,775,1421,1421
449,1421,1421,1437,1421,1421,775,1421,1421
450,1421,1421,1438,1421,1421,775,1421,1421
451,1421,1421,1438,1421,1421,775,1421,1421
452,1421,1421,1438,1421,1421,775,1421,1421
453,1421,1421,1438,1421,1421,775,1421,1421
454,1421,1421,1437,1421,1421,775,1421,1421
455,1421,1421,1437,1421,1421,775,1421,1421
456,1421,1421,1438,1421,1421,775,1421,1421
457,1421,1421,1437,1421,1421,775,1421,1421
458,1421,1421,1437,1421,1421,775,1421,1421
459,1421,1421,1438,1421,1421,775,1421,1421
460,1421,1421,1437,1421,1421,775,1421,1421
461,1421,1421,1438,1421,1421,775,1421,1421
462,1421,1421,1438,1421,1421,775,1421,1421
463,1421,1421,1438,1421,1421,775,1421,1421
464,1421,1421,1437,1421,1421,775,1421,1421
465,1421,1421,1437,1421,1421,775,1421,1421
466,1421,1421,1437,1421,1421,775,1421,1421
467,1421,1421,1438,1421,1421,775,1421,1421
468,1421,1421,1437,1421,1421,775,1421,1421
469,1421,1421,1437,1421,1421,775,1421,1421
470,1421,1421,1438,1421,1421,775,1421,1421
471,1421,1421,1437,1421,1421,775,1421,1421
472,1421,1421,1438,1421,1421,775,1421,1421
473,1421,1421,1438,1421,1421,775,1421,1421
474,1421,1421,1438,1421,1421,775,1421,1421
475,1421,1421,1438,1421,1421,775,1421,1421
476,1421,1421,1438,1421,1421,775,1421,1421
477,1421,1421,1438,1421,1421,775,1421,1421
478,1421,1421,1438,1421,1421,775,1421,1421
479,1421,1421,1437,1421,1421,775,1421,1421
480,1421,1421,1437,1421,1421,775,1421,1421
481,1421,1421,1437,1421,1421,775,1421,1421
482,1421,1421,1438,1421,1421,775,1421,1421
483,1421,1421,1437,1421,1421,775,1421,1421
484,1421,1421,1438,1421,1421,775,1421,1421
485,1421,1421,1438,1421,1421,775,1421,1421
486,1421,1421,1437,1421,1421,775,1421,1421
487,1421,1421,1438,1421,1421,775,1421,1421
488,1421,1421,1438,1421,1421,775,1421,1421
489,1421,1421,1437,1421,1421,775,1421,1421
490,1421,1421,1438,1421,1421,775,1421,1421
491,1421,1421,1437,1421,1421,775,1421,1421
492,1421,1421,1437,1421,1421,775,1421,1421
493,1421,1421,1438,1421,1421,775,1421,1421
494,1421,1421,1438,1421,1421,775,1421,1421
495,1421,1421,1438,1421,1421,775,1421,1421
496,1421,1421,1438,1421,1421,775,1421,1421
497,1421,1421,1438,1421,1421,775,1421,1421
498,1421,1421,1437,1421,1421,775,1421,1421
499,1421,1421,1438,1421,1421,775,1421,1421
500,1421,1421,1437,1421,1421,775,1421,1421
501,1421,1421,1438,1421,1421,775,1421,1421
502,1421,1421,1437,1421,1421,775,1421,1421
503,1421,1421,1437,1421,1421,775,1421,1421
504,1421,1421,1437,1421,1421,775,1421,1421
505,1421,1421,1437,1421,1421,775,1421,1421
506,1421,1421,1438,1421,1421,775,1421,1421
507,1421,1421,1438,1421,1421,775,1421,1421
508,1421,1421,1438,1421,1421,775,1421,1421
509,1421,1421,1438,1421,1421,775,1421,1421
510,1421,1421,1437,1421,1421,775,1421,1421
511,1421,1421,1437,1421,1421,775,1421,1421
512,1421,1421,1438,1421,1421,775,1421,1421
513,1421,1421,1438,1421,1421,775,1421,1421
514,1421,1421,1437,1421,1421,775,1421,1421
515,1421,1421,1438,1421,1421,775,1421,1421
516,1421,1421,1438,1421,1421,775,1421,1421
517,1421,1421,1438,1421,1421,775,1421,1421
518,1421,1421,1438,1421,1421,775,1421,1421
519,1421,1421,1438,1421,1421,775,1421,1421
520,1421,1421,1438,1421,1421,775,1421,1421
521,1421,1421,1438,1421,1421,775,1421,1421
522,1421,1421,1437,1421,1421,775,1421,1421
523,1421,1421,1437,1421,1421,775,1421,1421
524,1421,1421,1438,1421,1421,775,1421,1421
525,1421,1421,1437,1421,1421,775,1421,1421
526,1421,1421,1438,1421,1421,775,1421,1421
527,1421,1421,1438,1421,1421,775,1421,1421
528,1421,1421,1438,1421,1421,775,1421,1421
529,1421,1421,1438,1421,1421,775,1421,1421
530,1421,1421,1438,1421,1421,775,1421,1421
531,1421,1421,1438,1421,1421,775,1421,1421
532,1421,1421,1438,1421,1421,775,1421,1421
533,1421,1421,1438,1421,1421,775,1421,1421
534,1421,1421,1437,1421,1421,775,1421,1421
535,1421,1421,1438,1421,1421,775,1421,1421
536,1421,1421,1437,1421,1421,775,1421,1421
537,1421,1421,1438,1421,1421,775,1421,1421
538,1421,1421,1437,1421,1421,775,1421,1421
539,1421,1421,1437,1421,1421,775,1421,1421
540,1421,1421,1438,1421,1421,775,1421,1421
541,1421,1421,1438,1421,1421,775,1421,1421
542,1421,1421,1437,1421,1421,775,1421,1421
543,1421,1421,1438,1421,1421,775,1421,1421
544,1421,1421,1438,1421,1421,775,1421,1421
545,1421,1421,1438,1421,1421,775,1421,1421
546,1421,1421,1437,1421,1421,775,1421,1421
547,1421,1421,1438,1421,1421,775,1421,1421
548,1421,1421,1437,1421,1421,775,1421,1421
549,1421,1421,1438,1421,1421,775,1421,1421
550,1421,1421,1438,1421,1421,775,1421,1421
551,1421,1421,1437,1421,1421,775,1421,1421
552,1421,1421,1437,1421,1421,775,1421,1421
553,1421,1421,1437,1421,1421,775,1421,1421
554,1421,1421,1437,1421,1421,775,1421,1421
555,1421,1421,1437,1421,1421,775,1421,1421
556,1421,1421,1438,1421,1421,775,1421,1421
557,1421,1421,1438,1421,1421,775,1421,1421
558,1421,1421,1437,1421,1421,775,1421,1421
559,1421,1421,1438,1421,1421,775,1421,1421
560,1421,1421,1437,1421,1421,775,1421,1421
561,1421,1421,1438,1421,1421,775,1421,1421
562,1421,1421,1438,1421,1421,775,1421,1421
563,1421,1421,1437,1421,1421,775,1421,1421
564,1421,1421,1438,1421,1421,775,1421,1421
565,1421,1421,1437,1421,1421,775,1421,1421
566,1421,1421,1437,1421,1421,775,1421,1421
567,1421,1421,1438,1421,1421,775,1421,1421
568,1421,1421,1437,1421,1421,775,1421,1421
569,1421,1421,1438,1421,1421,775,1421,1421
570,1421,1421,1437,1421,1421,775,1421,1421
571,1421,1421,1438,1421,1421,775,1421,1421
572,1421,1421,1438,1421,1421,775,1421,1421
573,1421,1421,1437,1421,1421,775,1421,1421
574,1421,1421,1437,1421,1421,775,1421,1421
575,1421,1421,1438,1421,1421,775,1421,1421
576,1421,1421,1438,1421,1421,775,1421,1421
577,1421,1421,1437,1421,1421,775,1421,1421
578,1421,1421,1437,1421,1421,775,1421,1421
579,1421,1421,1437,1421,1421,775,1421,1421
580,1421,1421,1438,1421,1421,775,1421,1421
581,1421,1421,1438,1421,1421,775,1421,1421
582,1421,1421,1438,1421,1421,775,1421,1421
583,1421,1421,1438,1421,1421,775,1421,1421
584,1421,1421,1437,1421,1421,775,1421,1421
585,1421,1421,1438,1421,1421,775,1421,1421
586,1421,1421,1438,1421,1421,775,1421,1421
587,1421,1421,1437,1421,1421,775,1421,1421
588,1421,1421,1437,1421,1421,775,1421,1421
589,1421,1421,1438,1421,1421,775,1421,1421
590,1421,1421,1437,1421,1421,775,1421,1421
591,1421,1421,1437,1421,1421,775,1421,1421
592,1421,1421,1438,1421,1421,775,1421,1421
593,1421,1421,1438,1421,1421,775,1421,1421
594,1421,1421,1438,1421,1421,775,1421,1421
595,1421,1421,1438,1421,1421,775,1421,1421
596,1421,1421,1438,1421,1421,775,1421,1421
597,1421,1421,1438,1421,1421,775,1421,1421
598,1421,1421,1437,1421,1421,775,1421,1421
599,1421,1421,1438,1421,1421,775,1421,1421
600,1421,1421,1438,1421,1421,775,1421,1421
601,1421,1421,1438,1421,1421,775,1421,1421
602,1421,1421,1438,1421,1421,775,1421,1421
603,1421,1421,1437,1421,1421,775,1421,1421
604,1421,1421,1438,1421,1421,775,1421,1421
605,1421,1421,1438,1421,1421,775,1421,1421
606,1421,1421,1438,1421,1421,775,1421,1421
607,1421,1421,1438,1421,1421,775,1421,1421
608,1421,1421,1437,1421,1421,775,1421,1421
609,1421,1421,1438,1421,1421,775,1421,1421
610,1421,1421,1438,1421,1421,775,1421,1421
611,1421,1421,1437,1421,1421,775,1421,1421
612,1421,1421,1438,1421,1421,775,1421,1421
613,1421,1421,1437,1421,1421,775,1421,1421
614,1421,1421,1437,1421,1421,775,1421,1421
615,1421,1421,1437,1421,1421,775,1421,1421
616,1421,1421,1438,1421,1421,775,1421,1421
617,1421,1421,1437,1421,1421,775,1421,1421
618,1421,1421,1438,1421,1421,775,1421,1421
619,1421,1421,1437,1421,1421,775,1421,1421
620,1421,1421,1437,1421,1421,775,1421,1421
621,1421,1421,1438,1421,1421,775,1421,1421
622,1421,1421,1437,1421,1421,775,1421,1421
623,1421,1421,1437,1421,1421,775,1421,1421
624,1421,1421,1438,1421,1421,775,1421,1421
625,1421,1421,1438,1421,1421,775,1421,1421
626,1421,1421,1437,1421,1421,775,1421,1421
627,1421,1421,1438,1421,1421,775,1421,1421
628,1421,1421,1437,1421,1421,775,1421,1421
629,1421,1421,1438,1421,1421,775,1421,1421
630,1421,1421,1437,1421,1421,775,1421,1421
631,1421,1421,1438,1421,1421,775,1421,1421
632,1421,1421,1438,1421,1421,775,1421,1421
633,1421,1421,1438,1421,1421,775,1421,1421
634,1421,1421,1438,1421,1421,775,1421,1421
635,1421,1421,1437,1421,1421,775,1421,1421
636,1421,1421,1438,1421,1421,775,1421,1421
637,1421,1421,1438,1421,1421,775,1421,1421
638,1421,1421,1437,1421,1421,775,1421,1421
639,1421,1421,1438,1421,1421,775,1421,1421
640,1421,1421,1438,1421,1421,775,1421,1421
641,1421,1421,1437,1421,1421,775,1421,1421
642,1421,1421,1437,1421,1421,775,1421,1421
643,1421,1421,1438,1421,1421,775,1421,1421
644,1421,1421,1438,1421,1421,775,1421,1421
645,1421,1421,1438,1421,1421,775,1421,1421
646,1421,1421,1438,1421,1421,775,1421,1421
647,1421,1421,1437,1421,1421,775,1421,1421
648,1421,1421,1437,1421,1421,775,1421,1421
649,1421,1421,1437,1421,1421,775,1421,1421
650,1421,1421,1438,1421,1421,775,1421,1421
651,1421,1421,1437,1421,1421,775,1421,1421
652,1421,1421,1437,1421,1421,775,1421,1421
653,1421,1421,1438,1421,1421,775,1421,1421
654,1421,1421,1437,1421,1421,775,1421,1421
655,1421,1421,1438,1421,1421,775,1421,1421
656,1421,1421,1438,1421,1421,775,1421,1421
657,1421,1421,1438,1421,1421,775,1421,1421
658,1421,1421,1437,1421,1421,775,1421,1421
659,1421,1421,1438,1421,1421,775,1421,1421
660,1421,1421,1438,1421,1421,775,1421,1421
661,1421,1421,1438,1421,1421,775,1421,1421
662,1421,1421,1438,1421,1421,775,1421,1421
663,1421,1421,1438,1421,1421,775,1421,1421
664,1421,1421,1437,1421,1421,775,1421,1421
665,1421,1421,1438,1421,1421,775,1421,1421
666,1421,1421,1437,1421,1421,775,1421,1421
667,1421,1421,1437,1421,1421,775,1421,1421
668,1421,1421,1438,1421,1421,775,1421,1421
669,1421,1421,1438,1421,1421,775,1421,1421
670,1421,1421,1438,1421,1421,775,1421,1421
671,1421,1421,1437,1421,1421,775,1421,1421
672,1421,1421,1438,1421,1421,775,1421,1421
673,1421,1421,1438,1421,1421,775,1421,1421
674,1421,1421,1438,1421,1421,775,1421,1421
675,1421,1421,1438,1421,1421,775,1421,1421
676,1421,1421,1437,1421,1421,775,1421,1421
677,1421,1421,1437,1421,1421,775,1421,1421
678,1421,1421,1438,1421,1421,775,1421,1421
679,1421,1421,1438,1421,1421,775,1421,1421
680,1421,1421,1437,1421,1421,775,1421,1421
681,1421,1421,1438,1421,1421,775,1421,1421
682,1421,1421,1438,1421,1421,775,1421,1421
683,1421,1421,1437,1421,1421,775,1421,1421
684,1421,1421,1437,1421,1421,775,1421,1421
685,1421,1421,1437,1421,1421,775,1421,1421
686,1421,1421,1437,1421,1421,775,1421,1421
687,1421,1421,1438,1421,1421,775,1421,1421
688,1421,1421,1438,1421,1421,775,1421,1421
689,1421,1421,1438,1421,1421,775,1421,1421
690,1421,1421,1437,1421,1421,775,1421,1421
691,1421,1421,1437,1421,1421,775,1421,1421
692,1421,1421,1438,1421,1421,775,1421,1421
693,1421,1421,1438,1421,1421,775,1421,1421
694,1421,1421,1438,1421,1421,775,1421,1421
695,1421,1421,1438,1421,1421,775,1421,1421
696,1421,1421,1438,1421,1421,775,1421,1421
697,1421,1421,1438,1421,1421,775,1421,1421
698,1421,1421,1438,1421,1421,775,1421,1421
699,1421,1421,1437,1421,1421,775,1421,1421
700,1421,1421,1438,1421,1421,775,1421,1421
701,1421,1421,1438,1421,1421,775,1421,1421
702,1421,1421,1438,1421,1421,775,1421,1421
703,1421,1421,1437,1421,1421,775,1421,1421
704,1421,1421,1438,1421,1421,775,1421,1421
705,1421,1421,1438,1421,1421,775,1421,1421
706,1421,1421,1438,1421,1421,775,1421,1421
707,1421,1421,1438,1421,1421,775,1421,1421
708,1421,1421,1438,1421,1421,775,1421,1421
709,1421,1421,1438,1421,1421,775,1421,1421
710,1421,1421,1437,1421,1421,775,1421,1421
711,1421,1421,1438,1421,1421,775,1421,1421
712,1421,1421,1438,1421,1421,775,1421,1421
713,1421,1421,1438,1421,1421,775,1421,1421
714,1421,1421,1438,1421,1421,775,1421,1421
715,1421,1421,1438,1421,1421,775,1421,1421
716,1421,1421,1438,1421,1421,775,1421,1421
717,1421,1421,1437,1421,1421,775,1421,1421
718,1421,1421,1438,1421,1421,775,1421,1421
719,1421,1421,1437,1421,1421,775,1421,1421
720,1421,1421,1437,1421,1421,775,1421,1421
721,1421,1421,1438,1421,1421,775,1421,1421
722,1421,1421,1438,1421,1421,775,1421,1421
723,1421,1421,1437,1421,1421,775,1421,1421
724,1421,1421,1437,1421,1421,775,1421,1421
725,1421,1421,1438,1421,1421,775,1421,1421
726,1421,1421,1438,1421,1421,775,1421,1421
727,1427,1421,1438,1421,1483,775,1419,1421
728,1421,1421,1467,1439,1421,803,1421,1421
729,1421,1421,1438,1421,1421,775,1421,1421
730,1421,1421,1438,1421,1421,775,1421,1421
731,1421,1421,1438,1421,1421,775,1421,1421
732,1421,1421,1438,1421,1421,775,1421,1421
733,1421,1421,1437,1421,1421,775,1421,1421
734,1421,1421,1438,1421,1421,775,1421,1421
735,1421,1421,1437,1421,1421,775,1421,1421
736,1421,1421,1437,1421,1421,775,1421,1421
737,1421,1421,1438,1421,1421,775,1421,1421
738,1421,1421,1438,1421,1421,775,1421,1421
739,1421,1421,1437,1421,1421,775,1421,1421
740,1421,1421,1438,1421,1421,775,1421,1421
741,1421,1421,1437,1421,1421,775,1421,1421
742,1421,1421,1438,1421,1421,775,1421,1421
743,1421,1421,1438,1421,1421,775,1421,1421
744,1421,1421,1438,1421,1421,775,1421,1421
745,1421,1421,1438,1421,1421,775,1421,1421
746,1421,1421,1437,1421,1421,775,1421,1421
747,1421,1421,1438,1421,1421,775,1421,1421
748,1421,1421,1437,1421,1421,775,1421,1421
749,1421,1421,1438,1421,1421,775,1421,1421
750,1421,1421,1437,1421,1421,775,1421,1421
751,1421,1421,1438,1421,1421,775,1421,1421
752,1421,1421,1437,1421,1421,775,1421,1421
753,1421,1421,1437,1421,1421,775,1421,1421
754,1421,1421,1438,1421,1421,775,1421,1421
755,1421,1421,1437,1421,1421,775,1421,1421
756,1421,1421,1438,1421,1421,775,1421,1421
757,1421,1421,1438,1421,1421,775,1421,1421
758,1421,1421,1438,1421,1421,775,1421,1421
759,1421,1421,1437,1421,1421,775,1421,1421
760,1421,1421,1438,1421,1421,775,1421,1421
761,1421,1421,1437,1421,1421,775,1421,1421
762,1421,1421,1438,1421,1421,775,1421,1421
763,1421,1421,1437,1421,1421,775,1421,1421
764,1421,1421,1437,1421,1421,775,1421,1421
765,1421,1421,1438,1421,1421,775,1421,1421
766,1421,1421,1438,1421,1421,775,1421,1421
767,1421,1421,1437,1421,1421,775,1421,1421
768,1421,1421,1437,1421,1421,775,1421,1421
769,1421,1421,1437,1421,1421,775,1421,1421
770,1421,1421,1437,1421,1421,775,1421,1421
771,1421,1421,1438,1421,1421,775,1421,1421
772,1421,1421,1438,1421,1421,775,1421,1421
773,1421,1421,1437,1421,1421,775,1421,1421
774,1421,1421,1438,1421,1421,775,1421,1421
775,1421,1421,1437,1421,1421,775,1421,1421
776,1421,1421,1438,1421,1421,775,1421,1421
777,1421,1421,1438,1421,1421,775,1421,1421
778,1421,1421,1438,1421,1421,775,1421,1421
779,1421,1421,1438,1421,1421,775,1421,1421
780,1421,1421,1437,1421,1421,775,1421,1421
781,1421,1421,1437,1421,1421,775,1421,1421
782,1421,1421,1437,1421,1421,775,1421,1421
783,1421,1421,1437,1421,1421,775,1421,1421
784,1421,1421,1437,1421,1421,775,1421,1421
785,1421,1421,1438,1421,1421,775,1421,1421
786,1421,1421,1437,1421,1421,775,1421,1421
787,1421,1421,1437,1421,1421,775,1421,1421
788,1421,1421,1438,1421,1421,775,1421,1421
789,1421,1421,1438,1421,1421,775,1421,1421
790,1421,1421,1437,1421,1421,775,1421,1421
791,1421,1421,1437,1421,1421,775,1421,1421
792,1421,1421,1438,1421,1421,775,1421,1421
793,1421,1421,1437,1421,1421,775,1421,1421
794,1421,1421,1437,1421,1421,775,1421,1421
795,1421,1421,1437,1421,1421,775,1421,1421
796,1421,1421,1438,1421,1421,775,1421,1421
797,1421,1421,1438,1421,1421,775,1421,1421
798,1421,1421,1437,1421,1421,775,1421,1421
799,1421,1421,1437,1421,1421,775,1421,1421
800,1421,1421,1438,1421,1421,775,1421,1421
801,1421,1421,1438,1421,1421,775,1421,1421
802,1421,1421,1438,1421,1421,775,1421,1421
803,1421,1421,1438,1421,1421,775,1421,1421
804,1421,1421,1438,1421,1421,775,1421,1421
805,1421,1421,1438,1421,1421,775,1421,1421
806,1421,1421,1438,1421,1421,775,1421,1421
807,1421,1421,1437,1421,1421,775,1421,1421
808,1421,1421,1438,1421,1421,775,1421,1421
809,1421,1421,1437,1421,1421,775,1421,1421
810,1421,1421,1437,1421,1421,775,1421,1421
811,1421,1421,1437,1421,1421,775,1421,1421
812,1421,1421,1438,1421,1421,775,1421,1421
813,1421,1421,1438,1421,1421,775,1421,1421
814,1421,1421,1437,1421,1421,775,1421,1421
815,1421,1421,1437,1421,1421,775,1421,1421
816,1421,1421,1437,1421,1421,775,1421,1421
817,1421,1421,1438,1421,1421,775,1421,1421
818,1421,1421,1438,1421,1421,775,1421,1421
819,1421,1421,1438,1421,1421,775,1421,1421
820,1421,1421,1437,1421,1421,775,1421,1421
821,1421,1421,1437,1421,1421,775,1421,1421
822,1421,1421,1437,1421,1421,775,1421,1421
823,1421,1421,1437,1421,1421,775,1421,1421
824,1421,1421,1438,1421,1421,775,1421,1421
825,1421,1421,1438,1421,1421,775,1421,1421
826,1421,1421,1438,1421,1421,775,1421,1421
827,1421,1421,1438,1421,1421,775,1421,1421
828,1421,1421,1437,1421,1421,775,1421,1421
829,1421,1421,1437,1421,1421,775,1421,1421
830,1421,1421,1437,1421,1421,775,1421,1421
831,1421,1421,1438,1421,1421,775,1421,1421
832,1421,1421,1438,1421,1421,775,1421,1421
833,1421,1421,1438,1421,1421,775,1421,1421
834,1421,1421,1437,1421,1421,775,1421,1421
835,1421,1421,1438,1421,1421,775,1421,1421
836,1421,1421,1437,1421,1421,775,1421,1421
837,1421,1421,1438,1421,1421,775,1421,1421
838,1421,1421,1438,1421,1421,775,1421,1421
839,1421,1421,1437,1421,1421,775,1421,1421
840,1421,1421,1438,1421,1421,775,1421,1421
841,1421,1421,1437,1421,1421,775,1421,1421
842,1421,1421,1437,1421,1421,775,1421,1421
843,1421,1421,1437,1421,1421,775,1421,1421
844,1421,1421,1438,1421,1421,775,1421,1421
845,1421,1421,1438,1421,1421,775,1421,1421
846,1421,1421,1438,1421,1421,775,1421,1421
847,1421,1421,1438,1421,1421,775,1421,1421
848,1421,1421,1438,1421,1421,775,1421,1421
849,1421,1421,1437,1421,1421,775,1421,1421
850,1421,1421,1438,1421,1421,775,1421,1421
851,1421,1421,1438,1421,1421,775,1421,1421
852,1421,1421,1437,1421,1421,775,1421,1421
853,1421,1421,1438,1421,1421,775,1421,1421
854,1421,1421,1438,1421,1421,775,1421,1421
855,1421,1421,1438,1421,1421,775,1421,1421
856,1421,1421,1437,1421,1421,775,1421,1421
857,1421,1421,1438,1421,1421,775,1421,1421
858,1421,1421,1437,1421,1421,775,1421,1421
859,1421,1421,1437,1421,1421,775,1421,1421
860,1421,1421,1437,1421,1421,775,1421,1421
861,1421,1421,1437,1421,1421,775,1421,1421
862,1421,1421,1437,1421,1421,775,1421,1421
863,1421,1421,1438,1421,1421,775,1421,1421
864,1421,1421,1438,1421,1421,775,1421,1421
865,1421,1421,1437,1421,1421,775,1421,1421
866,1421,1421,1437,1421,1421,775,1421,1421
867,1421,1421,1438,1421,1421,775,1421,1421
868,1421,1421,1437,1421,1421,775,1421,1421
869,1421,1421,1438,1421,1421,775,1421,1421
870,1421,1421,1437,1421,1421,775,1421,1421
871,1421,1421,1437,1421,1421,775,1421,1421
872,1421,1421,1437,1421,1421,775,1421,1421
873,1421,1421,1437,1421,1421,775,1421,1421
874,1421,1421,1438,1421,1421,775,1421,1421
875,1421,1421,1438,1421,1421,775,1421,1421
876,1421,1421,1460,1421,1421,775,1421,1421
877,1421,1421,1490,1421,1421,775,1421,1421
878,1421,1421,1540,1421,1421,775,1421,1421
879,1421,1421,1575,1421,1421,775,1421,1421
880,1421,1421,1614,1421,1421,775,1421,1421
881,1421,1421,1643,1421,1421,775,1421,1421
882,1421,1421,1696,1421,1421,775,1421,1421
883,1421,1421,1727,1417,1421,775,1421,1421
884,1421,1421,1778,1413,1421,775,1421,1421
885,1421,1421,1810,1421,1421,775,1421,1421
886,1421,1421,1824,1421,1421,775,1421,1421
887,1421,1421,1876,1421,1421,775,1421,1421
888,1421,1421,1908,1421,1421,775,1421,1421
889,1421,1421,1938,1421,1421,775,1421,1421
890,1421,1421,1985,1421,1421,775,1421,1421
891,1421,1421,1998,1421,1421,775,1421,1421
892,1421,1421,2009,1421,1421,775,1421,1421
893,1421,1421,2067,1421,1421,775,1421,1421
894,1421,1421,2067,1421,1421,775,1421,1421
895,1421,1421,2067,1421,1421,775,1421,1421
896,1421,1421,2067,1421,1421,775,1421,1421
897,1421,1421,2067,1421,1421,775,1421,1421
898,1421,1421,2067,1422,1421,775,1421,1421
899,1421,1421,2067,1430,1421,775,1421,1421
900,1421,1421,2067,1433,1421,775,1421,1421
901,1421,1421,2067,1433,1421,775,1421,1421
902,1421,1421,2067,1425,1421,775,1421,1421
903,1421,1421,2067,1421,1421,775,1421,1421
904,1421,1421,2066,1421,1421,775,1421,1421
905,1421,1421,2014,1421,1421,775,1421,1421
906,1421,1421,1987,1421,1421,775,1421,1421
907,1421,1421,1959,1421,1421,775,1421,1421
908,1421,1421,1895,1421,1421,775,1421,1421
909,1421,1421,1831,1421,1421,775,1421,1421
910,1421,1421,1798,1421,1421,775,1421,1421
911,1421,1421,1721,1421,1421,775,1421,1421
912,1421,1421,1646,1421,1421,775,1421,1421
913,1421,1421,1559,1421,1421,775,1421,1421
914,1421,1421,1483,1421,1421,775,1421,1421
915,1421,1421,1421,1421,1421,775,1421,1421
916,1421,1421,1359,1421,1421,775,1421,1421
917,1421,1421,1287,1420,1421,775,1421,1421
918,1421,1421,1227,1407,1421,775,1421,1421
919,1421,1421,1128,1403,1421,775,1421,1421
920,1421,1421,1044,1400,1421,775,1421,1421
921,1421,1421,971,1399,1421,775,1421,1421
922,1421,1421,902,1397,1421,775,1421,1421
923,1421,1421,852,1395,1421,775,1421,1421
924,1421,1421,775,1393,1421,775,1421,1421
925,1421,1421,775,1390,1421,775,1421,1421
926,1421,1421,775,1376,1421,775,1421,1421
927,1421,1421,775,1364,1421,775,1421,1421
928,1421,1421,775,1358,1421,775,1421,1421
929,1421,1421,775,1353,1421,775,1421,1421
930,1421,1421,775,1351,1421,775,1421,1421
931,1421,1421,775,1350,1421,775,1421,1421
932,1421,1421,775,1346,1421,775,1421,1421
933,1421,1421,775,1354,1421,775,1421,1421
934,1421,1421,775,1364,1421,775,1421,1421
935,1421,1421,775,1380,1421,775,1421,1421
936,1421,1421,797,1403,1421,775,1421,1421
937,1421,1421,837,1421,1421,775,1421,1421
938,1421,1421,872,1421,1421,775,1421,1421
939,1421,1421,905,1421,1421,775,1421,1421
940,1421,1421,964,1421,1421,775,1421,1421
941,1421,1421,986,1421,1421,775,1421,1421
942,1421,1421,1035,1421,1421,775,1421,1421
943,1421,1421,1084,1421,1421,775,1421,1421
944,1421,1421,1147,1421,1421,775,1421,1421
945,1421,1421,1194,1421,1421,775,1421,1421
946,1421,1421,1241,1421,1421,775,1421,1421
947,1421,1421,1276,1421,1421,775,1421,1421
948,1421,1421,1331,1421,1421,775,1421,1421
949,1421,1421,1393,1421,1421,775,1421,1421
950,1421,1421,1424,1421,1421,775,1421,1421
951,1421,1421,1465,1421,1421,775,1421,1421
952,1421,1421,1514,1421,1421,775,1421,1421
953,1421,1421,1556,1421,1421,775,1421,1421
954,1421,1421,1625,1421,1421,775,1421,1421
955,1421,1421,1680,1421,1421,775,1421,1421
956,1421,1421,1717,1421,1421,775,1421,1421
957,1421,1421,1788,1421,1421,775,1421,1421
958,1421,1421,1810,1421,1421,775,1421,1421
959,1421,1421,1859,1421,1421,775,1421,1421
960,1421,1421,1912,1421,1421,775,1421,1421
961,1421,1421,1935,1421,1421,775,1421,1421
962,1421,1421,1979,1421,1421,775,1421,1421
963,1421,1421,1996,1421,1421,775,1421,1421
964,1421,1421,2009,1421,1421,775,1421,1421
965,1421,1421,2016,1421,1421,775,1421,1421
966,1421,1421,2067,1421,1421,775,1421,1421
967,1421,1421,2067,1421,1421,775,1421,1421
968,1421,1421,2067,1421,1421,775,1421,1421
969,1421,1421,2067,1421,1421,775,1421,1421
970,1421,1421,2067,1421,1421,775,1421,1421
971,1421,1421,2067,1428,1421,775,1421,1421
972,1421,1421,2067,1435,1421,775,1421,1421
973,1421,1421,2067,1434,1421,775,1421,1421
974,1421,1421,2067,1433,1421,775,1421,1421
975,1421,1421,2067,1426,1421,775,1421,1421
976,1421,1421,2067,1421,1421,775,1421,1421
977,1421,1421,2021,1421,1421,775,1421,1421
978,1421,1421,1999,1421,1421,775,1421,1421
979,1421,1421,1982,1426,1421,775,1421,1421
980,1421,1421,1925,1429,1421,775,1421,1421
981,1421,1421,1876,1426,1421,775,1421,1421
982,1421,1421,1817,1424,1421,775,1421,1421
983,1421,1421,1795,1421,1421,775,1421,1421
984,1421,1421,1726,1421,1421,775,1421,1421
985,1421,1421,1669,1421,1421,775,1421,1421
986,1421,1421,1616,1420,1421,775,1421,1421
987,1421,1421,1575,1397,1421,775,1421,1421
988,1421,1421,1545,1358,1421,775,1421,1421
989,1421,1421,1525,1322,1421,775,1421,1421
990,1421,1421,1517,1269,1421,775,1421,1421
991,1421,1421,1510,1209,1421,775,1421,1421
992,1421,1421,1512,1151,1421,775,1421,1421
993,1421,1421,1509,1081,1421,775,1421,1421
994,1421,1421,1501,1033,1421,775,1421,1421
995,1421,1421,1493,969,1421,775,1421,1421
996,1421,1421,1488,894,1421,775,1421,1421
997,1421,1421,1490,827,1421,775,1421,1421
998,1421,1421,1490,775,1421,775,1421,1421
999,1421,1421,1490,775,1421,775,1421,1421
1000,1421,1421,1490,775,1421,775,1421,1421
1001,1421,1421,1488,775,1421,775,1421,1421
1002,1421,1421,1486,775,1421,775,1421,1421
1003,1421,1421,1487,775,1421,775,1421,1421
1004,1421,1421,1488,775,1421,775,1421,1421
1005,1421,1421,1490,775,1421,775,1421,1421
1006,1421,1421,1493,775,1421,775,1421,1421
1007,1421,1421,1501,775,1421,775,1421,1421
1008,1421,1421,1503,792,1421,775,1421,1421
1009,1421,1421,1504,812,1421,775,1421,1421
1010,1421,1421,1504,855,1421,775,1421,1421
1011,1421,1421,1506,894,1421,775,1421,1421
1012,1421,1421,1505,920,1421,775,1421,1421
1013,1421,1421,1505,993,1421,775,1421,1421
1014,1421,1421,1503,1070,1421,775,1421,1421
1015,1421,1421,1501,1129,1421,775,1421,1421
1016,1421,1421,1500,1212,1421,775,1421,1421
1017,1421,1421,1501,1282,1421,775,1421,1421
1018,1421,1421,1505,1331,1421,775,1421,1421
1019,1421,1421,1515,1391,1421,775,1421,1421
1020,1421,1421,1523,1421,1421,775,1421,1421
1021,1421,1421,1536,1443,1421,775,1421,1421
1022,1421,1421,1540,1479,1421,775,1421,1421
1023,1421,1421,1540,1528,1421,775,1421,1421
1024,1421,1421,1541,1580,1421,775,1421,1421
1025,1421,1421,1541,1628,1421,775,1421,1421
1026,1421,1421,1540,1682,1421,775,1421,1421
1027,1421,1421,1540,1720,1421,775,1421,1421
1028,1421,1421,1540,1739,1421,775,1421,1421
1029,1421,1421,1540,1795,1421,775,1421,1421
1030,1421,1421,1540,1839,1421,775,1421,1421
1031,1421,1421,1540,1867,1421,775,1421,1421
1032,1421,1421,1540,1921,1421,775,1421,1421
1033,1421,1421,1540,1952,1421,775,1421,1421
1034,1421,1421,1540,1986,1421,775,1421,1421
1035,1421,1421,1541,2045,1421,775,1421,1421
1036,1421,1421,1541,2067,1421,775,1421,1421
1037,1421,1421,1540,2067,1421,775,1421,1421
1038,1421,1421,1541,2067,1421,775,1421,1421
1039,1421,1421,1541,2067,1421,775,1421,1421
1040,1421,1421,1543,2067,1421,775,1421,1421
1041,1421,1421,1543,2067,1421,775,1421,1421
1042,1421,1421,1541,2065,1421,775,1421,1421
1043,1421,1421,1541,2012,1421,775,1421,1421
1044,1421,1421,1543,1961,1421,775,1421,1421
1045,1421,1421,1543,1915,1421,775,1421,1421
1046,1421,1421,1543,1845,1421,775,1421,1421
1047,1421,1421,1543,1778,1421,775,1421,1421
1048,1421,1421,1543,1717,1421,775,1421,1421
1049,1421,1421,1543,1638,1421,775,1421,1421
1050,1421,1421,1543,1532,1421,775,1421,1421
1051,1421,1421,1544,1446,1421,775,1421,1421
1052,1421,1421,1543,1415,1421,775,1421,1421
1053,1421,1421,1543,1335,1421,775,1421,1421
1054,1421,1421,1543,1266,1421,775,1421,1421
1055,1421,1421,1543,1204,1421,775,1421,1421
1056,1421,1421,1543,1170,1421,775,1421,1421
1057,1421,1421,1541,1142,1421,775,1421,1421
1058,1421,1421,1541,1132,1421,775,1421,1421
1059,1421,1421,1540,1143,1421,775,1421,1421
1060,1421,1421,1540,1174,1421,775,1421,1421
1061,1421,1421,1539,1198,1421,775,1421,1421
1062,1421,1421,1537,1248,1421,775,1421,1421
1063,1421,1421,1537,1301,1421,775,1421,1421
1064,1421,1421,1539,1347,1421,775,1421,1421
1065,1421,1421,1537,1421,1421,775,1421,1421
1066,1421,1421,1539,1424,1421,775,1421,1421
1067,1421,1421,1539,1451,1421,775,1421,1421
1068,1421,1421,1539,1481,1421,775,1421,1421
1069,1421,1421,1539,1501,1421,775,1421,1421
1070,1421,1421,1539,1517,1421,775,1421,1421
1071,1421,1421,1539,1506,1421,775,1421,1421
1072,1421,1421,1537,1474,1421,775,1421,1421
1073,1421,1421,1537,1399,1421,775,1421,1421
1074,1421,1421,1537,1421,1421,775,1421,1421
1075,1421,1421,1537,1421,1421,775,1421,1421
1076,1421,1421,1537,1421,1421,775,1421,1421
1077,1421,1421,1537,1421,1421,775,1421,1421
1078,1421,1421,1537,1421,1421,775,1421,1421
1079,1421,1421,1537,1421,1421,775,1421,1421
1080,1421,1421,1537,1421,1421,775,1421,1421
1081,1421,1421,1537,1421,1421,775,1421,1421
1082,1421,1421,1537,1421,1421,775,1421,1421
1083,1421,1421,1537,1421,1421,775,1421,1421
1084,1421,1421,1537,1421,1421,775,1421,1421
1085,1421,1421,1537,1421,1421,775,1421,1421
1086,1421,1421,1539,1421,1421,775,1421,1421
1087,1421,1421,1537,1421,1421,775,1421,1421
1088,1421,1421,1537,1421,1421,775,1421,1421
1089,1421,1421,1537,1421,1421,775,1421,1421
1090,1421,1421,1537,1421,1421,775,1421,1421
1091,1421,1421,1537,1421,1421,775,1421,1421
1092,1421,1421,1537,1421,1421,775,1421,1421
1093,1421,1421,1537,1421,1421,775,1421,1421
1094,1421,1421,1537,1421,1421,775,1421,1421
1095,1421,1438,1537,1421,1421,775,1421,1421
1096,1421,1492,1537,1421,1421,775,1421,1421
1097,1421,1550,1537,1421,1421,775,1421,1421
1098,1421,1615,1537,1421,1421,775,1421,1421
1099,1421,1658,1537,1421,1421,775,1421,1421
1100,1421,1724,1537,1421,1421,775,1421,1421
1101,1421,1743,1537,1421,1421,775,1421,1421
1102,1421,1798,1537,1421,1421,775,1421,1421
1103,1421,1864,1537,1421,1421,775,1421,1421
1104,1421,1912,1537,1421,1421,775,1421,1421
1105,1421,1974,1537,1421,1421,775,1421,1421
1106,1421,2014,1537,1421,1421,775,1421,1421
1107,1421,2067,1537,1421,1421,775,1421,1421
1108,1421,2067,1537,1421,1421,775,1421,1421
1109,1421,2067,1537,1421,1421,775,1421,1421
1110,1421,2067,1537,1421,1421,775,1421,1421
1111,1421,2067,1537,1421,1421,775,1421,1421
1112,1421,2067,1537,1421,1421,775,1421,1421
1113,1421,2067,1537,1421,1421,775,1421,1421
1114,1421,2067,1537,1421,1421,775,1421,1421
1115,1421,2067,1537,1421,1421,775,1421,1421
1116,1421,2060,1537,1421,1421,775,1421,1421
1117,1421,2023,1537,1421,1421,775,1421,1421
1118,1421,1991,1537,1421,1421,775,1421,1421
1119,1421,1945,1537,1421,1421,775,1421,1421
1120,1421,1880,1537,1421,1421,775,1421,1421
1121,1421,1805,1537,1421,1421,775,1421,1421
1122,1421,1743,1537,1421,1421,775,1421,1421
1123,1421,1672,1537,1421,1421,775,1421,1421
1124,1421,1598,1537,1421,1421,775,1421,1421
1125,1421,1496,1537,1421,1421,775,1421,1421
1126,1421,1421,1537,1421,1421,775,1421,1421
1127,1421,1368,1537,1421,1421,775,1421,1421
1128,1421,1292,1537,1421,1421,775,1421,1421
1129,1417,1239,1537,1421,1421,775,1421,1421
1130,1399,1183,1537,1421,1421,775,1421,1421
1131,1393,1142,1537,1421,1421,775,1421,1421
1132,1394,1107,1537,1421,1421,775,1421,1421
1133,1395,1077,1537,1421,1421,775,1421,1421
1134,1397,1033,1537,1421,1421,775,1421,1421
1135,1399,998,1537,1421,1421,775,1421,1421
1136,1406,960,1537,1421,1421,775,1421,1421
1137,1421,921,1537,1421,1421,775,1421,1421
1138,1421,898,1537,1421,1421,775,1421,1421
1139,1421,860,1537,1421,1421,775,1421,1421
1140,1421,827,1537,1421,1421,775,1421,1421
1141,1421,775,1537,1421,1421,775,1421,1421
1142,1421,775,1537,1421,1421,775,1421,1421
1143,1421,775,1537,1421,1421,775,1421,1421
1144,1421,792,1537,1421,1421,775,1421,1421
1145,1430,856,1537,1421,1421,775,1421,1421
1146,1431,911,1537,1421,1421,775,1421,1421
1147,1433,944,1537,1421,1421,775,1421,1421
1148,1433,989,1537,1421,1421,775,1421,1421
1149,1439,1030,1537,1421,1421,775,1421,1421
1150,1461,1086,1537,1421,1421,775,1421,1421
1151,1482,1138,1537,1421,1421,775,1421,1421
1152,1521,1177,1537,1421,1421,775,1421,1421
1153,1579,1200,1537,1421,1421,775,1421,1421
1154,1665,1212,1537,1421,1421,775,1421,1421
1155,1747,1213,1537,1421,1421,775,1421,1421
1156,1839,1201,1537,1421,1421,775,1421,1421
1157,1911,1191,1537,1421,1421,775,1421,1421
1158,1988,1192,1537,1421,1421,775,1421,1421
1159,2045,1204,1537,1421,1421,775,1421,1421
1160,2067,1229,1537,1421,1421,775,1421,1421
1161,2067,1283,1537,1421,1421,775,1421,1421
1162,2067,1309,1537,1421,1421,775,1421,1421
1163,2067,1336,1537,1421,1421,775,1421,1421
1164,2067,1354,1537,1421,1421,775,1421,1421
1165,2067,1367,1537,1421,1421,775,1421,1421
1166,2067,1376,1537,1421,1421,775,1421,1421
1167,2067,1384,1537,1421,1421,775,1421,1421
1168,2067,1393,1537,1421,1421,775,1421,1421
1169,2062,1420,1537,1421,1421,775,1421,1421
1170,2029,1421,1537,1421,1421,775,1421,1421
1171,1990,1431,1537,1421,1421,775,1421,1421
1172,1932,1444,1537,1421,1421,775,1421,1421
1173,1877,1459,1537,1421,1421,775,1421,1421
1174,1795,1472,1537,1421,1421,775,1421,1421
1175,1707,1481,1537,1421,1421,775,1421,1421
1176,1652,1488,1537,1421,1421,775,1421,1421
1177,1577,1500,1537,1421,1421,775,1421,1421
1178,1506,1513,1537,1421,1421,775,1421,1421
1179,1421,1526,1537,1421,1421,775,1421,1421
1180,1375,1530,1537,1421,1421,775,1421,1421
1181,1328,1531,1537,1421,1421,775,1421,1421
1182,1265,1528,1537,1421,1421,775,1421,1421
1183,1195,1521,1537,1421,1421,775,1421,1421
1184,1143,1512,1537,1421,1421,775,1421,1421
1185,1103,1508,1537,1421,1421,775,1421,1421
1186,1064,1500,1537,1421,1421,775,1421,1421
1187,1024,1495,1537,1421,1421,775,1421,1421
1188,973,1484,1537,1421,1421,775,1421,1421
1189,904,1474,1537,1421,1421,775,1421,1421
1190,841,1457,1537,1421,1421,775,1421,1421
1191,798,1433,1537,1421,1421,775,1421,1421
1192,775,1421,1537,1421,1421,775,1421,1421
1193,775,1398,1537,1421,1421,775,1421,1421
1194,775,1373,1537,1421,1421,775,1421,1421
1195,775,1327,1537,1421,1421,775,1421,1421
1196,775,1276,1537,1421,1421,775,1421,1421
1197,797,1235,1537,1421,1421,775,1421,1421
1198,828,1200,1537,1421,1421,775,1421,1421
1199,896,1164,1537,1421,1421,775,1421,1421
1200,969,1138,1537,1421,1421,775,1421,1421
1201,1035,1102,1537,1421,1421,775,1421,1421
1202,1095,1062,1537,1421,1421,775,1421,1421
1203,1163,1027,1537,1421,1421,775,1421,1421
1204,1245,1009,1537,1421,1421,775,1421,1421
1205,1340,992,1537,1421,1421,775,1421,1421
1206,1417,988,1537,1421,1421,775,1421,1421
1207,1433,993,1537,1421,1421,775,1421,1421
1208,1477,1020,1537,1421,1421,775,1421,1421
1209,1514,1055,1537,1421,1421,775,1421,1421
1210,1567,1095,1537,1421,1421,775,1421,1421
1211,1588,1121,1537,1421,1421,775,1421,1421
1212,1661,1152,1537,1421,1421,775,1421,1421
1213,1700,1205,1537,1421,1421,775,1421,1421
1214,1742,1247,1537,1421,1421,775,1421,1421
1215,1751,1289,1537,1421,1421,775,1421,1421
1216,1742,1342,1537,1421,1421,775,1421,1421
1217,1721,1376,1537,1421,1421,775,1421,1421
1218,1713,1417,1537,1421,1421,775,1421,1421
1219,1729,1421,1537,1421,1421,775,1421,1421
1220,1699,1421,1537,1421,1421,775,1421,1421
1221,1664,1435,1537,1421,1421,775,1421,1421
1222,1589,1456,1537,1421,1421,775,1421,1421
1223,1561,1466,1537,1421,1421,775,1421,1421
1224,1543,1421,1537,1421,1421,775,1421,1421
1225,1524,1421,1537,1421,1421,775,1421,1421
1226,1478,1421,1537,1421,1421,775,1421,1421
1227,1421,1421,1537,1421,1421,775,1421,1421
1228,1421,1421,1537,1421,1421,775,1421,1421
1229,1421,1460,1537,1421,1421,775,1421,1421
1230,1384,1478,1537,1421,1421,775,1421,1421
1231,1335,1482,1537,1421,1421,775,1421,1421
1232,1293,1484,1537,1421,1421,775,1421,1421
1233,1263,1484,1537,1421,1421,775,1421,1421
1234,1216,1469,1537,1421,1421,775,1421,1421
1235,1172,1469,1537,1421,1421,775,1421,1421
1236,1134,1486,1537,1421,1421,775,1421,1421
1237,1086,1488,1537,1421,1421,775,1421,1421
1238,1040,1487,1537,1421,1421,775,1421,1421
1239,1006,1483,1537,1421,1421,775,1421,1421
1240,967,1493,1537,1421,1421,775,1421,1421
1241,935,1526,1537,1421,1421,775,1421,1421
1242,931,1575,1537,1421,1421,775,1421,1421
1243,916,1611,1537,1421,1421,775,1421,1421
1244,908,1654,1537,1421,1421,775,1421,1421
1245,908,1680,1537,1421,1421,775,1421,1421
1246,918,1716,1537,1421,1421,775,1421,1421
1247,927,1735,1537,1421,1421,775,1421,1421
1248,947,1755,1537,1421,1421,775,1421,1421
1249,988,1800,1537,1421,1421,775,1421,1421
1250,1042,1846,1537,1421,1421,775,1421,1421
1251,1115,1879,1537,1421,1421,775,1421,1421
1252,1168,1911,1537,1421,1421,775,1421,1421
1253,1223,1934,1537,1421,1421,775,1421,1421
1254,1289,1957,1537,1421,1421,775,1421,1421
1255,1360,1965,1537,1421,1421,775,1421,1421
1256,1421,1965,1537,1421,1421,775,1421,1421
1257,1453,1948,1537,1421,1421,775,1421,1421
1258,1487,1926,1537,1421,1421,775,1421,1421
1259,1521,1899,1537,1421,1421,775,1421,1421
1260,1574,1873,1537,1421,1421,775,1421,1421
1261,1645,1831,1537,1421,1421,775,1421,1421
1262,1681,1796,1537,1421,1421,775,1421,1421
1263,1702,1751,1537,1421,1421,775,1421,1421
1264,1743,1707,1537,1421,1421,775,1421,1421
1265,1764,1649,1537,1421,1421,775,1421,1421
1266,1796,1563,1537,1421,1421,775,1421,1421
1267,1802,1462,1537,1421,1421,775,1421,1421
1268,1804,1399,1537,1421,1421,775,1421,1421
1269,1804,1283,1537,1421,1421,775,1421,1421
1270,1801,1192,1536,1421,1421,775,1421,1421
1271,1796,1106,1537,1421,1421,775,1421,1421
1272,1782,1027,1537,1421,1421,775,1421,1421
1273,1753,958,1537,1421,1421,775,1421,1421
1274,1703,889,1537,1421,1421,775,1421,1421
1275,1669,829,1537,1421,1421,775,1421,1421
1276,1612,775,1536,1421,1421,775,1421,1421
1277,1559,775,1537,1421,1421,775,1421,1421
1278,1512,775,1537,1421,1421,775,1421,1421
1279,1473,775,1537,1421,1421,775,1421,1421
1280,1421,775,1537,1421,1421,775,1421,1421
1281,1398,775,1537,1421,1421,775,1421,1421
1282,1342,775,1537,1421,1421,775,1421,1421
1283,1279,780,1537,1421,1421,775,1421,1421
1284,1221,821,1537,1421,1421,775,1421,1421
1285,1172,865,1537,1421,1421,775,1421,1421
1286,1141,914,1537,1421,1421,775,1421,1421
1287,1102,960,1537,1421,1421,775,1421,1421
1288,1070,1001,1537,1421,1421,775,1421,1421
1289,1040,1045,1537,1421,1421,775,1421,1421
1290,1020,1098,1537,1421,1421,775,1421,1421
1291,1001,1160,1537,1421,1421,775,1421,1421
1292,982,1212,1537,1421,1421,775,1421,1421
1293,966,1269,1537,1421,1421,775,1421,1421
1294,962,1346,1537,1421,1421,775,1421,1421
1295,964,1389,1537,1421,1421,775,1421,1421
1296,966,1422,1537,1421,1421,775,1421,1421
1297,967,1472,1537,1421,1421,775,1421,1421
1298,971,1508,1537,1421,1421,775,1421,1421
1299,980,1541,1537,1421,1421,775,1421,1421
1300,995,1572,1537,1421,1421,775,1421,1421
1301,1026,1601,1537,1421,1421,775,1421,1421
1302,1064,1623,1537,1421,1421,775,1421,1421
1303,1110,1649,1537,1421,1421,775,1421,1421
1304,1165,1664,1537,1421,1421,775,1421,1421
1305,1223,1696,1537,1421,1421,775,1421,1421
1306,1320,1727,1537,1421,1421,775,1421,1421
1307,1400,1739,1537,1421,1421,775,1421,1421
1308,1438,1743,1537,1421,1421,775,1421,1421
1309,1496,1753,1537,1421,1421,775,1421,1421
1310,1561,1760,1537,1421,1421,775,1421,1421
1311,1612,1762,1537,1421,1421,775,1421,1421
1312,1669,1762,1537,1421,1421,775,1421,1421
1313,1742,1762,1537,1421,1421,775,1421,1421
1314,1792,1764,1537,1421,1421,775,1421,1421
1315,1850,1757,1537,1421,1421,775,1421,1421
1316,1899,1751,1537,1421,1421,775,1421,1421
1317,1948,1742,1537,1421,1421,775,1421,1421
1318,1999,1730,1537,1421,1421,775,1421,1421
1319,2038,1713,1537,1421,1421,775,1421,1421
1320,2067,1664,1537,1421,1421,775,1421,1421
1321,2067,1634,1537,1421,1421,775,1421,1421
1322,2067,1579,1537,1421,1421,775,1421,1421
1323,2067,1517,1537,1421,1421,775,1421,1421
1324,2067,1459,1537,1421,1421,775,1421,1421
1325,2051,1421,1537,1421,1421,775,1421,1421
1326,2025,1371,1537,1421,1421,775,1421,1421
1327,1995,1313,1537,1421,1421,775,1421,1421
1328,1946,1249,1537,1421,1421,775,1421,1421
1329,1902,1188,1537,1421,1421,775,1421,1421
1330,1866,1141,1537,1421,1421,775,1421,1421
1331,1823,1086,1537,1421,1421,775,1421,1421
1332,1766,1045,1537,1421,1421,775,1421,1421
1333,1694,1008,1537,1421,1421,775,1421,1421
1334,1633,979,1537,1421,1421,775,1421,1421
1335,1562,955,1537,1421,1421,775,1421,1421
1336,1486,925,1537,1421,1421,775,1421,1421
1337,1421,911,1537,1421,1421,775,1421,1421
1338,1371,909,1537,1421,1421,775,1421,1421
1339,1324,920,1537,1421,1421,775,1421,1421
1340,1258,934,1537,1421,1421,775,1421,1421
1341,1186,965,1537,1421,1421,775,1421,1421
1342,1137,1005,1537,1421,1421,775,1421,1421
1343,1079,1033,1537,1421,1421,775,1421,1421
1344,1019,1070,1537,1421,1421,775,1421,1421
1345,952,1101,1537,1421,1421,1421,1421,1421
1346,898,1132,1537,1421,1421,2067,1421,1421
1347,834,1164,1537,1421,1421,2067,1421,1421
1348,801,1204,1537,1421,1421,2067,1421,1421
1349,775,1261,1537,1421,1421,2067,1421,1421
1350,775,1350,1537,1421,1421,2067,1421,1421
1351,775,1416,1537,1421,1421,2067,1421,1421
1352,775,1468,1537,1421,1421,2067,1421,1421
1353,775,1534,1537,1421,1421,2067,1421,1421
1354,777,1609,1537,1421,1421,2067,1421,1421
1355,802,1669,1537,1421,1421,2067,1421,1421
1356,827,1733,1537,1421,1421,2067,1421,1421
1357,886,1796,1537,1421,1421,2067,1421,1421
1358,949,1862,1537,1421,1421,2067,1421,1421
1359,1042,1912,1537,1421,1421,2067,1421,1421
1360,1106,1970,1537,1421,1421,2067,1421,1421
1361,1200,1999,1537,1421,1421,2067,1421,1421
1362,1301,2018,1537,1421,1421,2067,1421,1421
1363,1382,2034,1537,1421,1421,2067,1421,1421
1364,1421,2026,1537,1421,1421,2067,1421,1421
1365,1466,2009,1537,1421,1421,2067,1421,1421
1366,1512,1990,1537,1421,1421,2067,1421,1421
1367,1580,1966,1537,1421,1421,2067,1421,1421
1368,1668,1960,1537,1421,1421,2067,1421,1421
1369,1757,1957,1537,1421,1421,2067,1421,1421
1370,1829,1955,1537,1421,1421,2067,1421,1421
1371,1873,1950,1537,1421,1421,2067,1421,1421
1372,1943,1921,1537,1421,1421,2067,1421,1421
1373,1992,1886,1537,1421,1421,2067,1421,1421
1374,2034,1844,1537,1421,1421,2067,1421,1421
1375,2067,1792,1537,1421,1421,2067,1421,1421
1376,2067,1745,1537,1421,1421,2067,1421,1421
1377,2067,1682,1537,1421,1421,2067,1421,1421
1378,2067,1633,1537,1421,1421,2067,1421,1421
1379,2045,1539,1537,1421,1421,2067,1421,1421
1380,2034,1475,1537,1421,1421,2067,1421,1421
1381,2023,1421,1537,1421,1421,2067,1421,1421
1382,2009,1399,1537,1421,1421,2067,1421,1421
1383,1992,1366,1537,1421,1421,2067,1421,1421
1384,1970,1315,1537,1421,1421,2067,1421,1421
1385,1938,1262,1537,1421,1421,2067,1421,1421
1386,1903,1221,1537,1421,1421,2067,1421,1421
1387,1875,1181,1537,1421,1421,2067,1421,1421
1388,1818,1155,1537,1421,1421,2067,1421,1421
1389,1748,1138,1537,1421,1421,2067,1421,1421
1390,1674,1112,1537,1421,1421,2067,1421,1421
1391,1579,1085,1537,1421,1421,2067,1421,1421
1392,1499,1062,1537,1421,1421,2067,1421,1421
1393,1421,1046,1537,1421,1421,2067,1421,1421
1394,1380,1057,1537,1421,1421,2067,1421,1421
1395,1329,1072,1537,1421,1421,2067,1421,1421
1396,1275,1103,1537,1421,1421,2067,1421,1421
1397,1217,1128,1537,1421,1421,2067,1421,1421
1398,1170,1172,1537,1421,1421,2067,1421,1421
1399,1141,1214,1537,1421,1421,2067,1421,1421
1400,1104,1271,1537,1421,1421,2067,1421,1421
1401,1079,1341,1537,1421,1421,2067,1421,1421
1402,1063,1381,1537,1421,1421,2067,1421,1421
1403,1032,1421,1537,1421,1421,2067,1421,1421
1404,1006,1426,1537,1421,1421,2067,1421,1421
1405,964,1462,1537,1421,1421,2067,1421,1421
1406,942,1505,1537,1421,1421,2067,1421,1421
1407,931,1543,1537,1421,1421,2067,1421,1421
1408,927,1592,1537,1421,1421,2067,1421,1421
1409,927,1642,1537,1421,1421,2067,1421,1421
1410,933,1680,1537,1421,1421,2067,1421,1421
1411,955,1726,1537,1421,1421,2067,1421,1421
1412,986,1748,1537,1421,1421,2067,1421,1421
1413,1019,1791,1537,1421,1421,2067,1421,1421
1414,1046,1840,1537,1421,1421,2067,1421,1421
1415,1072,1873,1537,1421,1421,2067,1421,1421
1416,1110,1894,1537,1421,1421,2067,1421,1421
1417,1161,1932,1537,1421,1421,2067,1421,1421
1418,1222,1959,1537,1421,1421,2067,1421,1421
1419,1291,1982,1537,1421,1421,2067,1421,1421
1420,1362,1999,1537,1421,1421,2067,1421,1421
1421,1421,2013,1537,1421,1421,2067,1421,1421
1422,1457,2016,1537,1421,1421,2067,1421,1421
1423,1523,2016,1537,1421,1421,2067,1421,1421
1424,1587,2004,1537,1421,1421,2067,1421,1421
1425,1667,1991,1537,1421,1421,2067,1421,1421
1426,1744,1968,1537,1421,1421,2067,1421,1421
1427,1802,1938,1537,1421,1421,2067,1421,1421
1428,1861,1884,1537,1421,1421,2067,1421,1421
1429,1902,1840,1537,1421,1421,2067,1421,1421
1430,1942,1789,1537,1421,1421,2067,1421,1421
1431,1985,1743,1537,1421,1421,2067,1421,1421
1432,2010,1696,1537,1421,1421,2067,1421,1421
1433,2038,1624,1537,1421,1421,2067,1421,1421
1434,2067,1556,1537,1421,1421,2067,1421,1421
1435,2067,1486,1537,1421,1421,2067,1421,1421
1436,2067,1426,1537,1421,1421,2067,1421,1421
1437,2051,1406,1537,1421,1421,2067,1421,1421
1438,2038,1360,1537,1421,1421,2067,1421,1421
1439,2019,1302,1537,1421,1421,2067,1421,1421
1440,1995,1262,1537,1421,1421,2067,1421,1421
1441,1951,1227,1537,1421,1421,2067,1421,1421
1442,1902,1198,1537,1421,1421,2067,1421,1421
1443,1858,1169,1537,1421,1421,2067,1421,1421
1444,1798,1142,1537,1421,1421,2067,1421,1421
1445,1739,1115,1537,1421,1421,2067,1421,1421
1446,1655,1089,1537,1421,1421,2067,1421,1421
1447,1570,1053,1537,1421,1421,2067,1421,1421
1448,1486,1026,1537,1421,1421,2067,1421,1421
1449,1421,998,1537,1421,1421,2067,1421,1421
1450,1386,989,1537,1421,1421,2067,1421,1421
1451,1333,987,1537,1421,1421,2067,1421,1421
1452,1278,991,1537,1421,1421,2067,1421,1421
1453,1214,1000,1537,1421,1421,2067,1421,1421
1454,1168,1014,1537,1421,1421,2067,1421,1421
1455,1134,1046,1537,1421,1421,2067,1421,1421
1456,1097,1080,1537,1421,1421,2067,1421,1421
1457,1068,1116,1537,1421,1421,2067,1421,1421
1458,1033,1145,1537,1421,1421,2067,1421,1421
1459,1006,1195,1537,1421,1421,2067,1421,1421
1460,971,1252,1537,1421,1421,2067,1421,1421
1461,926,1315,1537,1421,1421,2067,1421,1421
1462,905,1372,1537,1421,1421,2067,1421,1421
1463,898,1421,1537,1421,1421,2067,1421,1421
1464,893,1451,1537,1421,1421,2067,1421,1421
1465,890,1539,1537,1421,1421,2067,1421,1421
1466,890,1607,1537,1421,1421,2067,1421,1421
1467,890,1660,1537,1421,1421,2067,1421,1421
1468,896,1726,1537,1421,1421,2067,1421,1421
1469,905,1764,1537,1421,1421,2067,1421,1421
1470,920,1822,1537,1421,1421,2067,1421,1421
1471,955,1873,1537,1421,1421,2067,1421,1421
1472,996,1903,1537,1421,1421,2067,1421,1421
1473,1032,1939,1537,1421,1421,2067,1421,1421
1474,1067,1961,1537,1421,1421,2067,1421,1421
1475,1111,1981,1537,1421,1421,2067,1421,1421
1476,1161,1985,1537,1421,1421,2067,1421,1421
1477,1234,1985,1537,1421,1421,2067,1421,1421
1478,1314,1981,1537,1421,1421,2067,1421,1421
1479,1386,1977,1537,1421,1421,2067,1421,1421
1480,1421,1963,1537,1421,1421,2067,1421,1421
1481,1491,1947,1537,1421,1421,2067,1421,1421
1482,1574,1920,1537,1421,1421,2067,1421,1421
1483,1638,1886,1537,1421,1421,2067,1421,1421
1484,1677,1850,1537,1421,1421,2067,1421,1421
1485,1705,1782,1537,1421,1421,2067,1421,1421
1486,1747,1740,1537,1421,1421,2067,1421,1421
1487,1779,1696,1537,1421,1421,2067,1421,1421
1488,1796,1647,1537,1421,1421,2067,1421,1421
1489,1797,1577,1537,1421,1421,2067,1421,1421
1490,1798,1487,1537,1421,1421,2067,1421,1421
1491,1793,1421,1537,1421,1421,2067,1421,1421
1492,1778,1382,1537,1421,1421,2067,1421,1421
1493,1761,1333,1537,1421,1421,2067,1421,1421
1494,1744,1267,1537,1421,1421,2067,1421,1421
1495,1733,1205,1537,1421,1421,2067,1421,1421
